set,name,n,m,engine,lower,upper_start,width,proof,nodes,seconds,components
coloring,huck,74,301,C,10,12,10,bound,1432,0.006,3
coloring,miles1000,128,3216,C,49,49,49,bound,0,0.035,1
coloring,miles250,128,387,C,9,10,10,refutation,12799,0.06,10
coloring,myciel2,5,5,C,2,2,2,bound,0,0.0,1
coloring,myciel3,11,20,C,4,5,5,refutation,15,0.0,1
coloring,myciel4,23,71,C,8,10,10,refutation,477,0.001,1
coloring,miles500,128,1170,C,22,22,22,bound,0,0.059,1
coloring,miles1500,128,5198,C,77,77,77,bound,0,0.037,1
coloring,miles750,128,2113,C,33,36,36,refutation,3219,0.075,1
coloring,mulsol.i.1,197,3925,python,50,50,50,bound,0,0.077,60
coloring,david,87,406,C,12,14,13,refutation,598205,0.53,1
coloring,myciel5,47,236,C,14,20,20,refutation,685211,0.547,1
coloring,jean,80,254,C,9,11,10,refutation,948178,0.72,4
coloring,queen10_10,100,1470,C,34,72,72,refutation,3386638,3.489,1
coloring,mulsol.i.5,186,3973,python,31,46,31,bound,41944,7.065,11
coloring,mulsol.i.4,185,3946,python,32,46,32,bound,136533,15.185,11
coloring,queen5_5,25,160,C,12,18,18,refutation,135,0.001,1
coloring,queen6_6,36,290,C,15,25,25,refutation,462,0.005,1
coloring,queen7_7,49,476,C,20,35,35,refutation,5221,0.04,1
coloring,queen8_12,96,1368,C,32,65,65,refutation,562363,0.841,1
coloring,queen8_8,64,728,C,24,45,45,refutation,24172,0.063,1
coloring,queen9_9,81,1056,C,28,58,58,refutation,332998,0.446,1
coloring,mulsol.i.3,184,3916,python,32,46,32,bound,128197,17.585,11
coloring,mulsol.i.2,188,3885,python,32,46,32,bound,122704,18.053,16
coloring,zeroin.i.1,211,4100,C,50,54,50,bound,240,0.015,86
coloring,queen11_11,121,1980,C,39,87,87,refutation,33891626,40.386,1
coloring,games120,120,638,C,19,34,32,refutation,133884909,118.108,1
coloring,myciel6,95,755,C,25,39,38,budget,809992261,600.012,1
coloring,le450_5c,450,9803,python,33,271,269,budget,1188639,600.095,1
coloring,fpsol2.i.3,425,8688,python,31,59,45,budget,2416757,600.162,63
coloring,fpsol2.i.1,496,11654,python,66,78,68,budget,3554295,600.197,228
coloring,anna,138,493,python,11,16,15,budget,8522249,600.25,1
coloring,le450_25c,450,17343,python,52,327,322,budget,1376856,600.194,1
coloring,le450_25d,450,17425,python,51,336,335,budget,1157334,600.278,1
coloring,inithx.i.3,621,13969,python,31,53,43,budget,1740174,600.385,63
coloring,le450_25b,450,8263,python,25,237,235,budget,1494973,600.361,1
coloring,le450_25a,450,8260,python,26,229,229,budget,1433600,600.416,1
coloring,myciel7,191,2360,python,42,76,72,budget,4817469,600.323,1
coloring,inithx.i.2,645,13979,python,31,53,49,budget,3203778,600.533,88
coloring,fpsol2.i.2,451,8691,python,31,58,45,budget,2396189,600.518,89
coloring,homer,561,1628,python,12,38,38,budget,1896448,600.555,12
coloring,inithx.i.1,864,18707,python,55,59,59,budget,3276800,600.545,346
coloring,le450_5a,450,5714,python,17,246,245,budget,1364351,600.574,1
coloring,queen12_12,144,2596,python,43,106,103,budget,4473193,600.177,1
coloring,le450_15a,450,8168,python,24,265,265,budget,1257472,600.906,1
coloring,le450_5b,450,5734,python,17,266,261,budget,1311597,600.885,1
coloring,queen14_14,196,4186,python,54,144,143,budget,3139728,600.197,1
coloring,queen13_13,169,3328,python,47,123,122,budget,3864737,600.297,1
coloring,le450_5d,450,9757,python,32,274,273,budget,1237581,600.899,1
coloring,le450_15b,450,8169,python,24,274,274,budget,1314816,601.019,1
coloring,le450_15c,450,16680,python,49,358,354,budget,1231051,601.144,1
coloring,le450_15d,450,16750,python,51,356,356,budget,1130496,601.228,1
coloring,queen15_15,225,5180,python,58,165,164,budget,2894623,600.029,1
coloring,queen16_16,256,6320,python,64,187,187,budget,2396160,600.227,1
coloring,school1,385,19095,python,122,182,182,budget,1744896,600.549,5
coloring,school1_nsh,352,14612,python,106,156,156,budget,1802240,600.19,5
coloring,zeroin.i.2,211,3541,python,32,42,39,budget,6272929,600.098,55
coloring,zeroin.i.3,206,3540,python,32,42,39,budget,6857086,600.019,50
