name,n,m,density,opt,trivial,clique,mmd,t_clique,t_mmd
p4030n10_0,30,40,0.118,13,5,6,11,0.0004,0.0027
p1510n5_0,10,15,0.307,7,4,6,7,0.0,0.0002
Shaw6_0,20,20,0.3,14,8,8,13,0.0002,0.001
Shaw15_0,20,20,0.3,14,8,8,12,0.0001,0.001
p3020n8_0,20,30,0.172,11,4,7,10,0.0001,0.001
p2550n1_0,50,25,0.078,9,5,5,7,0.0002,0.0031
p3010n3_0,10,30,0.307,8,5,8,8,0.0,0.0004
p3030n10_0,28,30,0.125,11,4,5,9,0.0001,0.0076
p2510n1_0,10,25,0.312,8,4,8,8,0.0,0.0002
GP7_0,100,100,0.672,75,74,75,75,0.0036,0.0936
p4030n1_0,30,40,0.117,15,5,6,11,0.0002,0.0019
Random-30-30-10-4_0,30,30,0.331,27,13,24,26,0.0002,0.003
p3050n4_0,50,30,0.076,11,5,5,9,0.0002,0.0037
p4030n9_0,30,40,0.115,14,5,6,11,0.0002,0.002
p2050n2_0,50,20,0.082,7,7,7,7,0.0001,0.0029
Random-30-30-8-4_0,30,30,0.261,25,11,19,23,0.0004,0.0031
"Warwick 1711: balanced orders, 2 orders per product",30,30,0.067,4,2,3,3,0.0,0.0007
"Warwick 1712: balanced orders, 2 orders per product",30,30,0.067,3,2,2,3,0.0,0.0007
"Warwick 1713: balanced orders, 2 orders per product",30,30,0.067,3,2,2,3,0.0,0.0009
"Warwick 1714: balanced orders, 2 orders per product",30,30,0.067,3,2,2,3,0.0,0.0007
"Warwick 1715: balanced orders, 2 orders per product",30,30,0.067,3,2,3,3,0.0,0.0007
"Warwick 1716: balanced orders, 2 orders per product",30,30,0.067,4,2,3,3,0.0,0.0007
"Warwick 1717: balanced orders, 2 orders per product",30,30,0.067,4,2,3,4,0.0,0.0006
"Warwick 1718: balanced orders, 2 orders per product",30,30,0.067,4,2,2,4,0.0,0.0007
"Warwick 1719: balanced orders, 2 orders per product",30,30,0.067,4,2,2,3,0.0,0.0007
"Warwick 1720: balanced orders, 2 orders per product",30,30,0.067,3,2,3,3,0.0,0.0007
"Warwick 1721: balanced orders, 3 orders per product",30,30,0.1,10,3,4,7,0.0001,0.0013
"Warwick 1722: balanced orders, 3 orders per product",30,30,0.1,8,3,4,7,0.0001,0.0013
"Warwick 1723: balanced orders, 3 orders per product",30,30,0.1,8,3,4,7,0.0001,0.0013
"Warwick 1724: balanced orders, 3 orders per product",30,30,0.1,8,3,3,7,0.0001,0.0012
"Warwick 1725: balanced orders, 3 orders per product",30,30,0.1,9,3,4,7,0.0001,0.0014
"Warwick 1726: balanced orders, 3 orders per product",30,30,0.1,9,3,4,7,0.0001,0.0012
"Warwick 1727: balanced orders, 3 orders per product",30,30,0.1,9,3,4,7,0.0001,0.0013
"Warwick 1728: balanced orders, 3 orders per product",30,30,0.1,10,3,5,7,0.0001,0.0014
"Warwick 1729: balanced orders, 3 orders per product",30,30,0.1,9,3,4,7,0.0001,0.0013
"Warwick 1730: balanced orders, 3 orders per product",30,30,0.1,9,3,4,8,0.0001,0.0013
"Warwick 1731: balanced orders, 4 orders per product",30,30,0.133,15,4,6,11,0.0002,0.002
"Warwick 1732: balanced orders, 4 orders per product",30,30,0.133,15,4,6,12,0.0002,0.0019
"Warwick 1733: balanced orders, 4 orders per product",30,30,0.133,14,4,6,12,0.0002,0.0019
"Warwick 1734: balanced orders, 4 orders per product",30,30,0.133,16,4,5,12,0.0002,0.0019
"Warwick 1735: balanced orders, 4 orders per product",30,30,0.133,14,4,6,11,0.0001,0.002
"Warwick 1736: balanced orders, 4 orders per product",30,30,0.133,14,4,7,12,0.0002,0.0019
"Warwick 1737: balanced orders, 4 orders per product",30,30,0.133,14,4,6,11,0.0002,0.0018
"Warwick 1738: balanced orders, 4 orders per product",30,30,0.133,15,4,5,11,0.0002,0.0021
"Warwick 1739: balanced orders, 4 orders per product",30,30,0.133,14,4,6,12,0.0002,0.0018
"Warwick 1740: balanced orders, 4 orders per product",30,30,0.133,14,4,6,11,0.0002,0.002
"Warwick 1741: balanced orders, 5 orders per product",30,30,0.167,18,5,7,15,0.0003,0.0023
"Warwick 1742: balanced orders, 5 orders per product",30,30,0.167,19,5,7,14,0.0003,0.0025
"Warwick 1743: balanced orders, 5 orders per product",30,30,0.167,18,5,8,15,0.0003,0.0025
"Warwick 1744: balanced orders, 5 orders per product",30,30,0.167,19,5,8,15,0.0003,0.0023
"Warwick 1745: balanced orders, 5 orders per product",30,30,0.167,19,5,8,15,0.0003,0.0026
"Warwick 1746: balanced orders, 5 orders per product",30,30,0.167,17,5,8,14,0.0003,0.0022
"Warwick 1747: balanced orders, 5 orders per product",30,30,0.167,18,5,10,15,0.0003,0.0025
"Warwick 1748: balanced orders, 5 orders per product",30,30,0.167,17,5,8,15,0.0003,0.0023
"Warwick 1749: balanced orders, 5 orders per product",30,30,0.167,18,5,7,15,0.0003,0.0026
"Warwick 1750: balanced orders, 5 orders per product",30,30,0.167,18,5,7,14,0.0003,0.0023
"Warwick 1751: balanced orders, 6 orders per product",30,30,0.2,22,6,9,18,0.0006,0.0028
"Warwick 1752: balanced orders, 6 orders per product",30,30,0.2,22,6,10,18,0.0006,0.0029
"Warwick 1753: balanced orders, 6 orders per product",30,30,0.2,23,6,12,18,0.0006,0.0028
"Warwick 1754: balanced orders, 6 orders per product",30,30,0.2,20,6,11,18,0.0005,0.0028
"Warwick 1755: balanced orders, 6 orders per product",30,30,0.2,22,6,11,18,0.0005,0.0029
"Warwick 1756: balanced orders, 6 orders per product",30,30,0.2,22,6,11,18,0.0007,0.0027
"Warwick 1757: balanced orders, 6 orders per product",30,30,0.2,22,6,10,18,0.0006,0.0029
"Warwick 1758: balanced orders, 6 orders per product",30,30,0.2,22,6,9,18,0.0008,0.003
"Warwick 1759: balanced orders, 6 orders per product",30,30,0.2,21,6,10,18,0.0005,0.0027
"Warwick 1760: balanced orders, 6 orders per product",30,30,0.2,21,6,11,19,0.0006,0.0029
"Warwick 1761: balanced orders, 7 orders per product",30,30,0.233,24,7,15,21,0.0004,0.0031
"Warwick 1762: balanced orders, 7 orders per product",30,30,0.233,24,7,14,21,0.0007,0.003
"Warwick 1763: balanced orders, 7 orders per product",30,30,0.233,24,7,13,21,0.0013,0.0031
"Warwick 1764: balanced orders, 7 orders per product",30,30,0.233,24,7,15,21,0.0009,0.0032
"Warwick 1765: balanced orders, 7 orders per product",30,30,0.233,23,7,14,20,0.0006,0.0028
"Warwick 1766: balanced orders, 7 orders per product",30,30,0.233,23,7,16,20,0.0005,0.0031
"Warwick 1767: balanced orders, 7 orders per product",30,30,0.233,24,7,12,21,0.0011,0.0032
"Warwick 1768: balanced orders, 7 orders per product",30,30,0.233,25,7,13,22,0.0012,0.003
"Warwick 1769: balanced orders, 7 orders per product",30,30,0.233,24,7,14,21,0.0007,0.0029
"Warwick 1770: balanced orders, 7 orders per product",30,30,0.233,24,7,13,21,0.0009,0.0032
"Warwick 1771: balanced orders, 8 orders per product",30,30,0.267,26,8,17,24,0.0005,0.0032
"Warwick 1772: balanced orders, 8 orders per product",30,30,0.267,26,8,18,24,0.0004,0.003
"Warwick 1773: balanced orders, 8 orders per product",30,30,0.267,25,8,17,23,0.0005,0.0032
"Warwick 1774: balanced orders, 8 orders per product",30,30,0.267,24,8,18,23,0.0003,0.0032
"Warwick 1775: balanced orders, 8 orders per product",30,30,0.267,26,8,19,23,0.0004,0.0031
"Warwick 1776: balanced orders, 8 orders per product",30,30,0.267,24,8,17,23,0.0003,0.003
"Warwick 1777: balanced orders, 8 orders per product",30,30,0.267,25,8,17,23,0.0005,0.0032
"Warwick 1778: balanced orders, 8 orders per product",30,30,0.267,26,8,16,24,0.0007,0.0104
"Warwick 1779: balanced orders, 8 orders per product",30,30,0.267,26,8,18,24,0.0009,0.003
"Warwick 1780: balanced orders, 8 orders per product",30,30,0.267,26,8,17,23,0.0008,0.0033
"Warwick 1781: balanced orders, 9 orders per product",30,30,0.3,27,9,21,25,0.0004,0.0032
"Warwick 1782: balanced orders, 9 orders per product",30,30,0.3,27,9,19,25,0.0006,0.0033
"Warwick 1783: balanced orders, 9 orders per product",30,30,0.3,26,9,22,25,0.0002,0.003
"Warwick 1784: balanced orders, 9 orders per product",30,30,0.3,27,9,18,25,0.0007,0.0032
"Warwick 1785: balanced orders, 9 orders per product",30,30,0.3,26,9,21,25,0.0003,0.0032
"Warwick 1786: balanced orders, 9 orders per product",30,30,0.3,27,9,22,26,0.0003,0.0033
"Warwick 1787: balanced orders, 9 orders per product",30,30,0.3,28,9,21,26,0.0005,0.003
"Warwick 1788: balanced orders, 9 orders per product",30,30,0.3,26,9,21,25,0.0004,0.0033
"Warwick 1789: balanced orders, 9 orders per product",30,30,0.3,27,9,20,26,0.0006,0.0033
"Warwick 1790: balanced orders, 9 orders per product",30,30,0.3,27,9,22,25,0.0003,0.0032
"Warwick 1791: balanced orders, 10 orders per product",30,30,0.333,28,10,24,27,0.0002,0.0031
"Warwick 1792: balanced orders, 10 orders per product",30,30,0.333,27,10,23,26,0.0002,0.0032
"Warwick 1793: balanced orders, 10 orders per product",30,30,0.333,26,10,24,26,0.0002,0.0032
"Warwick 1794: balanced orders, 10 orders per product",30,30,0.333,27,10,23,26,0.0002,0.0033
"Warwick 1795: balanced orders, 10 orders per product",30,30,0.333,27,10,24,27,0.0002,0.0031
"Warwick 1796: balanced orders, 10 orders per product",30,30,0.333,27,10,23,26,0.0002,0.0033
"Warwick 1797: balanced orders, 10 orders per product",30,30,0.333,27,10,24,26,0.0002,0.0033
"Warwick 1798: balanced orders, 10 orders per product",30,30,0.333,27,10,24,27,0.0002,0.0032
"Warwick 1799: balanced orders, 10 orders per product",30,30,0.333,27,10,23,26,0.0002,0.0031
"Warwick 1800: balanced orders, 10 orders per product",30,30,0.333,27,10,22,26,0.0003,0.0032
"Warwick 1801: balanced orders, 11 orders per product",30,30,0.367,29,11,27,29,0.0002,0.0033
"Warwick 1802: balanced orders, 11 orders per product",30,30,0.367,28,11,28,28,0.0002,0.0032
"Warwick 1803: balanced orders, 11 orders per product",30,30,0.367,29,11,28,29,0.0002,0.003
"Warwick 1804: balanced orders, 11 orders per product",30,30,0.367,27,11,25,27,0.0002,0.0032
"Warwick 1805: balanced orders, 11 orders per product",30,30,0.367,29,11,27,28,0.0002,0.0031
"Warwick 1806: balanced orders, 11 orders per product",30,30,0.367,29,11,25,28,0.0002,0.0032
"Warwick 1807: balanced orders, 11 orders per product",30,30,0.367,28,11,25,27,0.0002,0.003
"Warwick 1808: balanced orders, 11 orders per product",30,30,0.367,28,11,26,28,0.0002,0.0032
"Warwick 1809: balanced orders, 11 orders per product",30,30,0.367,28,11,26,28,0.0002,0.0104
"Warwick 1810: balanced orders, 11 orders per product",30,30,0.367,28,11,27,28,0.0002,0.0031
"Warwick 1811: balanced orders, 12 orders per product",30,30,0.4,29,12,28,29,0.0002,0.003
"Warwick 1812: balanced orders, 12 orders per product",30,30,0.4,28,12,26,28,0.0002,0.0032
"Warwick 1813: balanced orders, 12 orders per product",30,30,0.4,29,12,29,29,0.0002,0.0031
"Warwick 1814: balanced orders, 12 orders per product",30,30,0.4,29,12,27,28,0.0002,0.0032
"Warwick 1815: balanced orders, 12 orders per product",30,30,0.4,28,12,26,28,0.0002,0.003
"Warwick 1816: balanced orders, 12 orders per product",30,30,0.4,29,12,28,29,0.0002,0.0033
"Warwick 1817: balanced orders, 12 orders per product",30,30,0.4,29,12,26,28,0.0002,0.0033
"Warwick 1818: balanced orders, 12 orders per product",30,30,0.4,29,12,27,28,0.0002,0.0032
"Warwick 1819: balanced orders, 12 orders per product",30,30,0.4,29,12,28,29,0.0002,0.003
"Warwick 1820: balanced orders, 12 orders per product",30,30,0.4,30,12,30,30,0.0002,0.0032
"Warwick 1821: balanced orders, 13 orders per product",30,30,0.433,30,13,30,30,0.0002,0.0031
"Warwick 1822: balanced orders, 13 orders per product",30,30,0.433,29,13,27,29,0.0002,0.0032
"Warwick 1823: balanced orders, 13 orders per product",30,30,0.433,29,13,29,29,0.0002,0.003
"Warwick 1824: balanced orders, 13 orders per product",30,30,0.433,30,13,30,30,0.0002,0.0031
"Warwick 1825: balanced orders, 13 orders per product",30,30,0.433,29,13,29,29,0.0002,0.0031
"Warwick 1826: balanced orders, 13 orders per product",30,30,0.433,29,13,29,29,0.0002,0.0032
"Warwick 1827: balanced orders, 13 orders per product",30,30,0.433,29,13,29,29,0.0002,0.003
"Warwick 1828: balanced orders, 13 orders per product",30,30,0.433,29,13,29,29,0.0002,0.0032
"Warwick 1829: balanced orders, 13 orders per product",30,30,0.433,30,13,30,30,0.0002,0.0032
"Warwick 1830: balanced orders, 13 orders per product",30,30,0.433,29,13,29,29,0.0002,0.0032
"Warwick 1831: balanced orders, 14 orders per product",30,30,0.467,29,14,29,29,0.0002,0.0029
"Warwick 1832: balanced orders, 14 orders per product",30,30,0.467,30,14,30,30,0.0002,0.0032
"Warwick 1833: balanced orders, 14 orders per product",30,30,0.467,30,14,30,30,0.0002,0.0031
"Warwick 1834: balanced orders, 14 orders per product",30,30,0.467,30,14,30,30,0.0002,0.0031
"Warwick 1835: balanced orders, 14 orders per product",30,30,0.467,30,14,30,30,0.0002,0.003
"Warwick 1836: balanced orders, 14 orders per product",30,30,0.467,30,14,30,30,0.0002,0.0029
"Warwick 1837: balanced orders, 14 orders per product",30,30,0.467,29,14,29,29,0.0002,0.0031
"Warwick 1838: balanced orders, 14 orders per product",30,30,0.467,30,14,30,30,0.0002,0.0031
"Warwick 1839: balanced orders, 14 orders per product",30,30,0.467,29,14,29,29,0.0002,0.0031
"Warwick 1840: balanced orders, 14 orders per product",30,30,0.467,30,14,30,30,0.0002,0.003
"Warwick 1841: balanced orders, 15 orders per product",30,30,0.5,30,15,30,30,0.0002,0.0031
"Warwick 1842: balanced orders, 15 orders per product",30,30,0.5,30,15,30,30,0.0002,0.0031
"Warwick 1843: balanced orders, 15 orders per product",30,30,0.5,30,15,30,30,0.0002,0.0032
"Warwick 1844: balanced orders, 15 orders per product",30,30,0.5,30,15,30,30,0.0002,0.003
"Warwick 1845: balanced orders, 15 orders per product",30,30,0.5,30,15,30,30,0.0002,0.0032
"Warwick 1846: balanced orders, 15 orders per product",30,30,0.5,30,15,30,30,0.0002,0.008
"Warwick 1847: balanced orders, 15 orders per product",30,30,0.5,29,15,29,29,0.0002,0.003
"Warwick 1848: balanced orders, 15 orders per product",30,30,0.5,30,15,30,30,0.0002,0.003
"Warwick 1849: balanced orders, 15 orders per product",30,30,0.5,30,15,30,30,0.0002,0.0031
"Warwick 1850: balanced orders, 15 orders per product",30,30,0.5,30,15,30,30,0.0002,0.0031
p2040n8_0,40,20,0.095,9,6,6,7,0.0001,0.0021
Random-30-30-2-3_0,30,30,0.091,9,6,6,7,0.0001,0.0015
p4050n5_0,50,40,0.072,15,5,5,10,0.0002,0.0042
p1540n1_0,40,15,0.112,8,6,6,6,0.0001,0.002
HS problem 551 size 20 10 density  0.20,20,10,0.225,9,7,7,7,0.0001,0.0007
HS problem 552 size 20 10 density  0.20,20,10,0.235,9,7,7,8,0.0001,0.0009
HS problem 553 size 20 10 density  0.20,20,10,0.205,9,8,8,8,0.0001,0.0008
HS problem 554 size 20 10 density  0.20,20,10,0.22,9,8,8,9,0.0001,0.0007
HS problem 555 size 20 10 density  0.20,20,10,0.215,9,7,7,8,0.0001,0.0008
HS problem 556 size 20 10 density  0.20,20,10,0.22,8,7,7,8,0.0001,0.0007
HS problem 557 size 20 10 density  0.20,20,10,0.27,12,8,9,11,0.0001,0.001
HS problem 558 size 20 10 density  0.20,20,10,0.26,11,9,9,10,0.0001,0.0009
HS problem 559 size 20 10 density  0.20,20,10,0.22,10,9,9,10,0.0001,0.0008
HS problem 560 size 20 10 density  0.20,20,10,0.23,9,7,7,8,0.0001,0.0007
HS problem 561 size 20 10 density  0.20,20,10,0.22,9,8,8,9,0.0001,0.0008
HS problem 562 size 20 10 density  0.20,20,10,0.23,10,7,7,9,0.0001,0.0008
HS problem 563 size 20 10 density  0.20,20,10,0.245,8,7,7,8,0.0001,0.0008
HS problem 564 size 20 10 density  0.20,20,10,0.23,9,8,8,8,0.0001,0.0008
HS problem 565 size 20 10 density  0.20,20,10,0.185,7,6,6,6,0.0,0.0006
HS problem 566 size 20 10 density  0.20,20,10,0.23,10,9,9,9,0.0001,0.0008
HS problem 567 size 20 10 density  0.20,20,10,0.215,9,7,7,8,0.0001,0.0008
HS problem 568 size 20 10 density  0.20,20,10,0.235,11,8,8,10,0.0001,0.0008
HS problem 569 size 20 10 density  0.20,20,10,0.29,13,11,11,12,0.0001,0.0009
HS problem 570 size 20 10 density  0.20,20,10,0.22,8,7,7,7,0.0001,0.0007
HS problem 571 size 20 10 density  0.20,20,10,0.255,10,6,7,9,0.0001,0.0008
HS problem 572 size 20 10 density  0.20,20,10,0.26,11,10,10,11,0.0001,0.0009
HS problem 573 size 20 10 density  0.20,20,10,0.265,11,8,9,11,0.0001,0.0008
HS problem 574 size 20 10 density  0.20,20,10,0.23,11,11,11,11,0.0001,0.001
HS problem 575 size 20 10 density  0.20,20,10,0.235,10,8,8,8,0.0001,0.0008
HS problem 576 size 20 10 density  0.20,20,10,0.21,8,6,6,7,0.0001,0.0007
HS problem 577 size 20 10 density  0.20,20,10,0.255,10,8,8,9,0.0001,0.0008
HS problem 578 size 20 10 density  0.20,20,10,0.22,8,7,7,8,0.0001,0.0007
HS problem 579 size 20 10 density  0.20,20,10,0.245,10,7,7,9,0.0001,0.0009
HS problem 580 size 20 10 density  0.20,20,10,0.27,12,9,9,11,0.0001,0.0009
HS problem 581 size 20 10 density  0.20,20,10,0.235,10,9,9,9,0.0001,0.0008
HS problem 582 size 20 10 density  0.20,20,10,0.225,10,10,10,10,0.0001,0.0008
HS problem 583 size 20 10 density  0.20,20,10,0.195,8,8,8,8,0.0001,0.0007
HS problem 584 size 20 10 density  0.20,20,10,0.21,8,7,7,7,0.0001,0.0009
HS problem 585 size 20 10 density  0.20,20,10,0.22,9,6,6,8,0.0001,0.0007
HS problem 586 size 20 10 density  0.20,20,10,0.225,9,9,9,9,0.0001,0.0008
HS problem 587 size 20 10 density  0.20,20,10,0.225,9,6,6,8,0.0001,0.0008
HS problem 588 size 20 10 density  0.20,20,10,0.195,7,6,6,6,0.0,0.0006
HS problem 589 size 20 10 density  0.20,20,10,0.23,10,7,7,8,0.0001,0.0008
HS problem 590 size 20 10 density  0.20,20,10,0.215,10,8,8,8,0.0001,0.0009
HS problem 591 size 20 10 density  0.20,20,10,0.225,9,8,8,8,0.0001,0.0008
HS problem 592 size 20 10 density  0.20,20,10,0.235,10,9,9,9,0.0001,0.0008
HS problem 593 size 20 10 density  0.20,20,10,0.22,9,8,8,8,0.0001,0.0007
HS problem 594 size 20 10 density  0.20,20,10,0.23,9,8,8,8,0.0001,0.0008
HS problem 595 size 20 10 density  0.20,20,10,0.22,9,8,8,9,0.0001,0.0008
HS problem 596 size 20 10 density  0.20,20,10,0.28,12,10,10,11,0.0001,0.001
HS problem 597 size 20 10 density  0.20,20,10,0.195,8,6,6,7,0.0001,0.0007
HS problem 598 size 20 10 density  0.20,20,10,0.225,8,8,8,8,0.0001,0.0007
HS problem 599 size 20 10 density  0.20,20,10,0.24,9,9,9,9,0.0001,0.0008
HS problem 600 size 20 10 density  0.20,20,10,0.245,8,7,7,8,0.0001,0.0007
HS problem 601 size 20 10 density  0.25,20,10,0.24,10,8,8,9,0.0001,0.0009
HS problem 602 size 20 10 density  0.25,20,10,0.305,12,8,8,11,0.0001,0.001
HS problem 603 size 20 10 density  0.25,20,10,0.235,10,9,9,9,0.0001,0.0008
HS problem 604 size 20 10 density  0.25,20,10,0.27,12,8,8,11,0.0001,0.001
HS problem 605 size 20 10 density  0.25,20,10,0.255,9,7,7,9,0.0001,0.0008
HS problem 606 size 20 10 density  0.25,20,10,0.25,10,8,9,10,0.0001,0.0009
HS problem 607 size 20 10 density  0.25,20,10,0.26,11,9,9,10,0.0001,0.0008
HS problem 608 size 20 10 density  0.25,20,10,0.265,11,8,8,10,0.0001,0.0008
HS problem 609 size 20 10 density  0.25,20,10,0.24,8,7,7,8,0.0001,0.0007
HS problem 610 size 20 10 density  0.25,20,10,0.32,13,11,11,13,0.0001,0.001
HS problem 611 size 20 10 density  0.25,20,10,0.24,10,10,10,10,0.0001,0.001
HS problem 612 size 20 10 density  0.25,20,10,0.27,11,9,9,10,0.0001,0.0009
HS problem 613 size 20 10 density  0.25,20,10,0.25,9,7,7,8,0.0001,0.0008
HS problem 614 size 20 10 density  0.25,20,10,0.275,10,9,9,9,0.0001,0.0009
HS problem 615 size 20 10 density  0.25,20,10,0.245,12,10,10,12,0.0001,0.0009
HS problem 616 size 20 10 density  0.25,20,10,0.235,8,7,8,8,0.0001,0.0008
HS problem 617 size 20 10 density  0.25,20,10,0.315,13,10,10,12,0.0001,0.0009
HS problem 618 size 20 10 density  0.25,20,10,0.28,11,8,8,10,0.0001,0.0009
HS problem 619 size 20 10 density  0.25,20,10,0.235,9,7,7,8,0.0001,0.0007
HS problem 620 size 20 10 density  0.25,20,10,0.27,13,9,9,11,0.0001,0.0009
HS problem 621 size 20 10 density  0.25,20,10,0.255,10,8,8,10,0.0001,0.001
HS problem 622 size 20 10 density  0.25,20,10,0.29,14,12,12,13,0.0001,0.001
HS problem 623 size 20 10 density  0.25,20,10,0.275,12,9,9,11,0.0001,0.0009
HS problem 624 size 20 10 density  0.25,20,10,0.29,11,8,8,11,0.0001,0.0009
HS problem 625 size 20 10 density  0.25,20,10,0.275,11,8,8,9,0.0001,0.0009
HS problem 626 size 20 10 density  0.25,20,10,0.245,10,8,8,9,0.0001,0.001
HS problem 627 size 20 10 density  0.25,20,10,0.255,9,9,9,9,0.0001,0.0008
HS problem 628 size 20 10 density  0.25,20,10,0.27,11,8,8,10,0.0001,0.0008
HS problem 629 size 20 10 density  0.25,20,10,0.235,11,9,9,10,0.0001,0.0008
HS problem 630 size 20 10 density  0.25,20,10,0.305,13,9,9,12,0.0001,0.001
HS problem 631 size 20 10 density  0.25,20,10,0.23,9,7,7,9,0.0001,0.0009
HS problem 632 size 20 10 density  0.25,20,10,0.305,13,10,11,13,0.0001,0.001
HS problem 633 size 20 10 density  0.25,20,10,0.265,10,7,7,9,0.0001,0.0008
HS problem 634 size 20 10 density  0.25,20,10,0.255,9,7,7,8,0.0001,0.0008
HS problem 635 size 20 10 density  0.25,20,10,0.26,11,8,8,10,0.0001,0.0009
HS problem 636 size 20 10 density  0.25,20,10,0.235,9,7,7,8,0.0001,0.0009
HS problem 637 size 20 10 density  0.25,20,10,0.325,14,9,10,13,0.0001,0.001
HS problem 638 size 20 10 density  0.25,20,10,0.275,13,10,10,12,0.0001,0.0009
HS problem 639 size 20 10 density  0.25,20,10,0.255,10,7,8,10,0.0001,0.0008
HS problem 640 size 20 10 density  0.25,20,10,0.245,11,8,8,9,0.0001,0.0009
HS problem 641 size 20 10 density  0.25,20,10,0.285,12,10,10,11,0.0001,0.001
HS problem 642 size 20 10 density  0.25,20,10,0.27,12,10,11,11,0.0001,0.0009
HS problem 643 size 20 10 density  0.25,20,10,0.29,12,9,9,11,0.0001,0.0009
HS problem 644 size 20 10 density  0.25,20,10,0.335,14,10,10,13,0.0001,0.001
HS problem 645 size 20 10 density  0.25,20,10,0.235,9,7,7,8,0.0001,0.0008
HS problem 646 size 20 10 density  0.25,20,10,0.295,12,9,9,10,0.0001,0.001
HS problem 647 size 20 10 density  0.25,20,10,0.26,10,7,7,9,0.0001,0.0008
HS problem 648 size 20 10 density  0.25,20,10,0.235,9,7,7,8,0.0001,0.0008
HS problem 649 size 20 10 density  0.25,20,10,0.275,10,7,7,10,0.0001,0.0009
HS problem 650 size 20 10 density  0.25,20,10,0.27,11,8,8,11,0.0001,0.0009
HS problem 651 size 20 10 density  0.30,20,10,0.27,11,9,9,10,0.0001,0.001
HS problem 652 size 20 10 density  0.30,20,10,0.365,12,9,10,12,0.0001,0.001
HS problem 653 size 20 10 density  0.30,20,10,0.335,14,13,13,13,0.0001,0.001
HS problem 654 size 20 10 density  0.30,20,10,0.315,14,12,12,13,0.0001,0.0009
HS problem 655 size 20 10 density  0.30,20,10,0.305,12,10,11,11,0.0001,0.0009
HS problem 656 size 20 10 density  0.30,20,10,0.29,11,8,10,11,0.0001,0.001
HS problem 657 size 20 10 density  0.30,20,10,0.275,11,8,8,10,0.0001,0.0008
HS problem 658 size 20 10 density  0.30,20,10,0.285,11,10,10,11,0.0001,0.0009
HS problem 659 size 20 10 density  0.30,20,10,0.29,11,8,9,10,0.0001,0.0009
HS problem 660 size 20 10 density  0.30,20,10,0.32,12,8,9,12,0.0001,0.0011
HS problem 661 size 20 10 density  0.30,20,10,0.29,12,8,8,11,0.0001,0.0009
HS problem 662 size 20 10 density  0.30,20,10,0.345,16,13,14,16,0.0001,0.001
HS problem 663 size 20 10 density  0.30,20,10,0.3,13,9,10,12,0.0001,0.001
HS problem 664 size 20 10 density  0.30,20,10,0.32,13,9,9,12,0.0001,0.001
HS problem 665 size 20 10 density  0.30,20,10,0.32,13,9,10,13,0.0001,0.0011
HS problem 666 size 20 10 density  0.30,20,10,0.305,12,10,10,12,0.0001,0.0009
HS problem 667 size 20 10 density  0.30,20,10,0.285,11,8,9,10,0.0001,0.0009
HS problem 668 size 20 10 density  0.30,20,10,0.29,13,8,8,11,0.0001,0.001
HS problem 669 size 20 10 density  0.30,20,10,0.295,11,9,9,10,0.0001,0.0009
HS problem 670 size 20 10 density  0.30,20,10,0.33,13,10,10,12,0.0001,0.0011
HS problem 671 size 20 10 density  0.30,20,10,0.35,14,11,11,14,0.0001,0.001
HS problem 672 size 20 10 density  0.30,20,10,0.305,13,11,11,12,0.0001,0.0009
HS problem 673 size 20 10 density  0.30,20,10,0.29,14,8,8,11,0.0001,0.001
HS problem 674 size 20 10 density  0.30,20,10,0.285,12,9,9,11,0.0001,0.0011
HS problem 675 size 20 10 density  0.30,20,10,0.315,13,10,11,13,0.0001,0.0009
HS problem 676 size 20 10 density  0.30,20,10,0.35,13,8,9,12,0.0001,0.001
HS problem 677 size 20 10 density  0.30,20,10,0.28,11,8,8,10,0.0001,0.0009
HS problem 678 size 20 10 density  0.30,20,10,0.27,12,7,7,10,0.0001,0.0009
HS problem 679 size 20 10 density  0.30,20,10,0.29,13,11,11,13,0.0001,0.001
HS problem 680 size 20 10 density  0.30,20,10,0.295,12,9,10,11,0.0001,0.0009
HS problem 681 size 20 10 density  0.30,20,10,0.36,15,9,13,15,0.0001,0.001
HS problem 682 size 20 10 density  0.30,20,10,0.335,15,10,10,14,0.0001,0.001
HS problem 683 size 20 10 density  0.30,20,10,0.295,13,8,9,12,0.0001,0.0011
HS problem 684 size 20 10 density  0.30,20,10,0.29,12,8,8,11,0.0001,0.0009
HS problem 685 size 20 10 density  0.30,20,10,0.325,14,11,12,14,0.0001,0.0009
HS problem 686 size 20 10 density  0.30,20,10,0.275,12,10,10,11,0.0001,0.0009
HS problem 687 size 20 10 density  0.30,20,10,0.345,14,10,11,14,0.0001,0.001
HS problem 688 size 20 10 density  0.30,20,10,0.36,15,11,11,14,0.0001,0.0012
HS problem 689 size 20 10 density  0.30,20,10,0.325,12,9,10,12,0.0001,0.0009
HS problem 690 size 20 10 density  0.30,20,10,0.3,15,11,11,13,0.0001,0.001
HS problem 691 size 20 10 density  0.30,20,10,0.295,12,9,9,11,0.0001,0.001
HS problem 692 size 20 10 density  0.30,20,10,0.27,12,10,10,11,0.0001,0.001
HS problem 693 size 20 10 density  0.30,20,10,0.335,15,12,12,14,0.0001,0.001
HS problem 694 size 20 10 density  0.30,20,10,0.3,12,8,9,11,0.0001,0.0009
HS problem 695 size 20 10 density  0.30,20,10,0.275,11,8,10,11,0.0001,0.0008
HS problem 696 size 20 10 density  0.30,20,10,0.36,14,10,12,13,0.0001,0.001
HS problem 697 size 20 10 density  0.30,20,10,0.345,15,9,10,14,0.0001,0.0012
HS problem 698 size 20 10 density  0.30,20,10,0.315,13,10,10,12,0.0001,0.0009
HS problem 699 size 20 10 density  0.30,20,10,0.34,15,10,10,14,0.0001,0.001
HS problem 700 size 20 10 density  0.30,20,10,0.34,15,9,13,14,0.0001,0.001
HS problem 701 size 20 10 density  0.35,20,10,0.37,14,12,12,14,0.0001,0.0012
HS problem 702 size 20 10 density  0.35,20,10,0.36,14,11,11,13,0.0001,0.001
HS problem 703 size 20 10 density  0.35,20,10,0.37,15,11,12,14,0.0001,0.001
HS problem 704 size 20 10 density  0.35,20,10,0.3,14,10,10,13,0.0002,0.0013
HS problem 705 size 20 10 density  0.35,20,10,0.285,12,10,10,12,0.0001,0.0011
HS problem 706 size 20 10 density  0.35,20,10,0.405,17,13,14,16,0.0001,0.0011
HS problem 707 size 20 10 density  0.35,20,10,0.365,14,9,10,13,0.0001,0.001
HS problem 708 size 20 10 density  0.35,20,10,0.315,15,9,12,14,0.0001,0.0011
HS problem 709 size 20 10 density  0.35,20,10,0.31,11,9,10,11,0.0001,0.001
HS problem 710 size 20 10 density  0.35,20,10,0.305,16,16,16,16,0.0001,0.0009
HS problem 711 size 20 10 density  0.35,20,10,0.37,16,10,14,16,0.0001,0.001
HS problem 712 size 20 10 density  0.35,20,10,0.33,13,9,10,13,0.0001,0.001
HS problem 713 size 20 10 density  0.35,20,10,0.275,11,7,7,9,0.0001,0.0008
HS problem 714 size 20 10 density  0.35,20,10,0.34,15,10,11,14,0.0001,0.0011
HS problem 715 size 20 10 density  0.35,20,10,0.41,15,12,14,15,0.0001,0.0013
HS problem 716 size 20 10 density  0.35,20,10,0.43,17,11,14,16,0.0001,0.0011
HS problem 717 size 20 10 density  0.35,20,10,0.4,15,13,14,14,0.0001,0.001
HS problem 718 size 20 10 density  0.35,20,10,0.37,14,10,12,14,0.0001,0.0011
HS problem 719 size 20 10 density  0.35,20,10,0.34,14,9,9,12,0.0001,0.001
HS problem 720 size 20 10 density  0.35,20,10,0.395,16,12,14,15,0.0001,0.001
HS problem 721 size 20 10 density  0.35,20,10,0.35,16,12,12,14,0.0001,0.001
HS problem 722 size 20 10 density  0.35,20,10,0.345,15,12,13,14,0.0001,0.0012
HS problem 723 size 20 10 density  0.35,20,10,0.27,12,8,8,11,0.0001,0.0009
HS problem 724 size 20 10 density  0.35,20,10,0.375,15,12,12,14,0.0001,0.001
HS problem 725 size 20 10 density  0.35,20,10,0.29,12,8,8,11,0.0001,0.0009
HS problem 726 size 20 10 density  0.35,20,10,0.365,15,10,11,14,0.0001,0.0012
HS problem 727 size 20 10 density  0.35,20,10,0.36,14,9,11,13,0.0001,0.0011
HS problem 728 size 20 10 density  0.35,20,10,0.33,14,10,11,13,0.0001,0.001
HS problem 729 size 20 10 density  0.35,20,10,0.315,14,11,12,13,0.0001,0.001
HS problem 730 size 20 10 density  0.35,20,10,0.355,14,9,10,13,0.0001,0.001
HS problem 731 size 20 10 density  0.35,20,10,0.36,14,10,11,14,0.0001,0.0011
HS problem 732 size 20 10 density  0.35,20,10,0.35,15,10,12,15,0.0001,0.0011
HS problem 733 size 20 10 density  0.35,20,10,0.375,15,13,13,15,0.0001,0.001
HS problem 734 size 20 10 density  0.35,20,10,0.385,16,12,13,16,0.0001,0.0011
HS problem 735 size 20 10 density  0.35,20,10,0.365,16,10,12,15,0.0001,0.0012
HS problem 736 size 20 10 density  0.35,20,10,0.33,14,9,9,12,0.0001,0.001
HS problem 737 size 20 10 density  0.35,20,10,0.37,15,12,13,14,0.0001,0.0011
HS problem 738 size 20 10 density  0.35,20,10,0.39,16,10,12,15,0.0001,0.001
HS problem 739 size 20 10 density  0.35,20,10,0.34,13,10,11,13,0.0001,0.0011
HS problem 740 size 20 10 density  0.35,20,10,0.33,14,11,11,14,0.0001,0.001
HS problem 741 size 20 10 density  0.35,20,10,0.345,13,9,10,13,0.0001,0.001
HS problem 742 size 20 10 density  0.35,20,10,0.435,17,15,17,17,0.0001,0.0011
HS problem 743 size 20 10 density  0.35,20,10,0.35,13,9,10,13,0.0001,0.0011
HS problem 744 size 20 10 density  0.35,20,10,0.345,14,11,11,14,0.0001,0.001
HS problem 745 size 20 10 density  0.35,20,10,0.33,13,9,9,12,0.0001,0.001
HS problem 746 size 20 10 density  0.35,20,10,0.41,15,11,12,15,0.0001,0.001
HS problem 747 size 20 10 density  0.35,20,10,0.36,14,11,12,14,0.0001,0.0012
HS problem 748 size 20 10 density  0.35,20,10,0.4,16,13,14,16,0.0001,0.001
HS problem 749 size 20 10 density  0.35,20,10,0.365,16,13,14,16,0.0001,0.0011
HS problem 750 size 20 10 density  0.35,20,10,0.345,15,11,12,14,0.0001,0.001
HS problem 751 size 20 10 density  0.40,20,10,0.395,15,11,13,14,0.0001,0.0012
HS problem 752 size 20 10 density  0.40,20,10,0.4,16,13,14,15,0.0001,0.001
HS problem 753 size 20 10 density  0.40,20,10,0.45,16,12,16,16,0.0001,0.0011
HS problem 754 size 20 10 density  0.40,20,10,0.345,13,9,11,12,0.0001,0.0009
HS problem 755 size 20 10 density  0.40,20,10,0.48,18,16,17,18,0.0001,0.0012
HS problem 756 size 20 10 density  0.40,20,10,0.445,18,11,15,17,0.0001,0.0011
HS problem 757 size 20 10 density  0.40,20,10,0.42,16,10,14,15,0.0001,0.001
HS problem 758 size 20 10 density  0.40,20,10,0.345,14,11,12,13,0.0001,0.001
HS problem 759 size 20 10 density  0.40,20,10,0.375,13,10,11,13,0.0001,0.001
HS problem 760 size 20 10 density  0.40,20,10,0.325,14,12,12,13,0.0001,0.0009
HS problem 761 size 20 10 density  0.40,20,10,0.405,16,11,13,15,0.0001,0.0011
HS problem 762 size 20 10 density  0.40,20,10,0.385,16,11,12,15,0.0001,0.0011
HS problem 763 size 20 10 density  0.40,20,10,0.435,16,11,14,16,0.0001,0.001
HS problem 764 size 20 10 density  0.40,20,10,0.37,14,11,12,14,0.0001,0.0012
HS problem 765 size 20 10 density  0.40,20,10,0.395,16,11,12,15,0.0001,0.0011
HS problem 766 size 20 10 density  0.40,20,10,0.385,15,10,12,14,0.0001,0.001
HS problem 767 size 20 10 density  0.40,20,10,0.385,15,12,12,14,0.0001,0.001
HS problem 768 size 20 10 density  0.40,20,10,0.385,14,10,12,14,0.0001,0.0012
HS problem 769 size 20 10 density  0.40,20,10,0.45,17,12,14,16,0.0001,0.001
HS problem 770 size 20 10 density  0.40,20,10,0.34,14,11,11,13,0.0001,0.001
HS problem 771 size 20 10 density  0.40,20,10,0.355,16,10,12,15,0.0001,0.001
HS problem 772 size 20 10 density  0.40,20,10,0.395,16,12,12,15,0.0001,0.0012
HS problem 773 size 20 10 density  0.40,20,10,0.37,15,11,13,14,0.0001,0.001
HS problem 774 size 20 10 density  0.40,20,10,0.425,15,12,14,15,0.0001,0.001
HS problem 775 size 20 10 density  0.40,20,10,0.42,16,12,15,16,0.0001,0.001
HS problem 776 size 20 10 density  0.40,20,10,0.43,17,11,16,17,0.0001,0.0012
HS problem 777 size 20 10 density  0.40,20,10,0.455,16,13,16,16,0.0001,0.0011
HS problem 778 size 20 10 density  0.40,20,10,0.425,16,11,13,16,0.0001,0.0011
HS problem 779 size 20 10 density  0.40,20,10,0.375,13,10,12,13,0.0001,0.001
HS problem 780 size 20 10 density  0.40,20,10,0.44,17,12,14,17,0.0001,0.0012
HS problem 781 size 20 10 density  0.40,20,10,0.43,16,12,15,16,0.0001,0.001
HS problem 782 size 20 10 density  0.40,20,10,0.405,16,12,14,15,0.0001,0.001
HS problem 783 size 20 10 density  0.40,20,10,0.435,16,12,14,16,0.0001,0.0011
HS problem 784 size 20 10 density  0.40,20,10,0.425,17,12,14,16,0.0001,0.0012
HS problem 785 size 20 10 density  0.40,20,10,0.395,17,12,12,16,0.0001,0.0011
HS problem 786 size 20 10 density  0.40,20,10,0.415,17,12,13,16,0.0001,0.0011
HS problem 787 size 20 10 density  0.40,20,10,0.44,17,12,17,17,0.0001,0.0011
HS problem 788 size 20 10 density  0.40,20,10,0.435,17,11,16,17,0.0001,0.0012
HS problem 789 size 20 10 density  0.40,20,10,0.35,14,11,11,14,0.0001,0.001
HS problem 790 size 20 10 density  0.40,20,10,0.44,17,11,14,16,0.0001,0.0011
HS problem 791 size 20 10 density  0.40,20,10,0.42,16,12,14,15,0.0001,0.001
HS problem 792 size 20 10 density  0.40,20,10,0.395,16,12,14,15,0.0001,0.0012
HS problem 793 size 20 10 density  0.40,20,10,0.37,15,10,12,15,0.0001,0.001
HS problem 794 size 20 10 density  0.40,20,10,0.425,17,11,13,16,0.0001,0.0011
HS problem 795 size 20 10 density  0.40,20,10,0.375,16,12,13,15,0.0001,0.0011
HS problem 796 size 20 10 density  0.40,20,10,0.435,15,13,13,15,0.0001,0.0011
HS problem 797 size 20 10 density  0.40,20,10,0.45,17,11,14,16,0.0001,0.001
HS problem 798 size 20 10 density  0.40,20,10,0.38,15,12,13,15,0.0001,0.001
HS problem 799 size 20 10 density  0.40,20,10,0.41,16,12,14,16,0.0001,0.0011
HS problem 800 size 20 10 density  0.40,20,10,0.46,17,12,15,17,0.0001,0.0012
HS problem 801 size 20 10 density  0.45,20,10,0.385,14,12,12,14,0.0001,0.001
HS problem 802 size 20 10 density  0.45,20,10,0.435,17,12,16,17,0.0001,0.001
HS problem 803 size 20 10 density  0.45,20,10,0.425,15,11,13,15,0.0001,0.001
HS problem 804 size 20 10 density  0.45,20,10,0.445,17,11,14,17,0.0001,0.0084
HS problem 805 size 20 10 density  0.45,20,10,0.425,17,10,13,16,0.0001,0.0011
HS problem 806 size 20 10 density  0.45,20,10,0.455,18,15,17,18,0.0001,0.0011
HS problem 807 size 20 10 density  0.45,20,10,0.5,18,13,17,18,0.0001,0.0011
HS problem 808 size 20 10 density  0.45,20,10,0.44,17,13,15,17,0.0001,0.0012
HS problem 809 size 20 10 density  0.45,20,10,0.48,18,14,18,18,0.0001,0.0011
HS problem 810 size 20 10 density  0.45,20,10,0.45,16,12,15,16,0.0001,0.0011
HS problem 811 size 20 10 density  0.45,20,10,0.51,17,14,16,17,0.0001,0.0011
HS problem 812 size 20 10 density  0.45,20,10,0.55,18,13,17,18,0.0001,0.0012
HS problem 813 size 20 10 density  0.45,20,10,0.395,15,11,12,14,0.0001,0.001
HS problem 814 size 20 10 density  0.45,20,10,0.44,17,12,15,17,0.0001,0.0011
HS problem 815 size 20 10 density  0.45,20,10,0.45,16,13,14,16,0.0001,0.0011
HS problem 816 size 20 10 density  0.45,20,10,0.42,16,12,15,16,0.0001,0.0012
HS problem 817 size 20 10 density  0.45,20,10,0.49,18,14,16,18,0.0001,0.0011
HS problem 818 size 20 10 density  0.45,20,10,0.44,16,15,15,16,0.0001,0.0011
HS problem 819 size 20 10 density  0.45,20,10,0.41,16,12,12,15,0.0001,0.0011
HS problem 820 size 20 10 density  0.45,20,10,0.465,16,14,15,16,0.0001,0.0012
HS problem 821 size 20 10 density  0.45,20,10,0.46,17,12,16,16,0.0001,0.001
HS problem 822 size 20 10 density  0.45,20,10,0.555,19,13,18,19,0.0001,0.0011
HS problem 823 size 20 10 density  0.45,20,10,0.42,17,11,13,16,0.0001,0.0011
HS problem 824 size 20 10 density  0.45,20,10,0.44,17,11,16,17,0.0001,0.0012
HS problem 825 size 20 10 density  0.45,20,10,0.41,15,13,13,15,0.0001,0.001
HS problem 826 size 20 10 density  0.45,20,10,0.39,16,11,13,15,0.0001,0.001
HS problem 827 size 20 10 density  0.45,20,10,0.485,18,15,18,18,0.0001,0.0011
HS problem 828 size 20 10 density  0.45,20,10,0.445,16,12,15,16,0.0001,0.0012
HS problem 829 size 20 10 density  0.45,20,10,0.44,16,12,14,15,0.0001,0.001
HS problem 830 size 20 10 density  0.45,20,10,0.375,14,13,13,14,0.0001,0.001
HS problem 831 size 20 10 density  0.45,20,10,0.465,18,14,16,18,0.0001,0.0011
HS problem 832 size 20 10 density  0.45,20,10,0.425,16,10,13,16,0.0001,0.0012
HS problem 833 size 20 10 density  0.45,20,10,0.43,17,14,16,17,0.0001,0.0011
HS problem 834 size 20 10 density  0.45,20,10,0.46,17,12,16,17,0.0001,0.0011
HS problem 835 size 20 10 density  0.45,20,10,0.425,15,12,13,15,0.0001,0.001
HS problem 836 size 20 10 density  0.45,20,10,0.495,17,13,15,17,0.0001,0.0012
HS problem 837 size 20 10 density  0.45,20,10,0.46,17,11,17,17,0.0001,0.0011
HS problem 838 size 20 10 density  0.45,20,10,0.48,18,14,15,17,0.0001,0.0011
HS problem 839 size 20 10 density  0.45,20,10,0.415,16,10,14,16,0.0001,0.0011
HS problem 840 size 20 10 density  0.45,20,10,0.395,15,11,13,15,0.0001,0.0012
HS problem 841 size 20 10 density  0.45,20,10,0.45,17,11,14,16,0.0001,0.0011
HS problem 842 size 20 10 density  0.45,20,10,0.47,16,14,15,16,0.0001,0.001
HS problem 843 size 20 10 density  0.45,20,10,0.42,15,12,12,15,0.0001,0.0011
HS problem 844 size 20 10 density  0.45,20,10,0.47,17,14,16,17,0.0001,0.0012
HS problem 845 size 20 10 density  0.45,20,10,0.45,16,11,15,16,0.0001,0.001
HS problem 846 size 20 10 density  0.45,20,10,0.37,15,11,11,14,0.0001,0.001
HS problem 847 size 20 10 density  0.45,20,10,0.415,17,14,14,15,0.0001,0.0011
HS problem 848 size 20 10 density  0.45,20,10,0.42,16,12,14,16,0.0001,0.0012
HS problem 849 size 20 10 density  0.45,20,10,0.48,19,13,19,19,0.0001,0.0011
HS problem 850 size 20 10 density  0.45,20,10,0.435,17,12,15,16,0.0001,0.0011
HS problem 851 size 20 10 density  0.50,20,10,0.475,17,11,15,17,0.0001,0.0011
HS problem 852 size 20 10 density  0.50,20,10,0.465,16,12,15,16,0.0001,0.0012
HS problem 853 size 20 10 density  0.50,20,10,0.465,17,12,15,17,0.0001,0.0011
HS problem 854 size 20 10 density  0.50,20,10,0.545,19,14,17,19,0.0001,0.0011
HS problem 855 size 20 10 density  0.50,20,10,0.495,16,13,14,16,0.0001,0.0011
HS problem 856 size 20 10 density  0.50,20,10,0.51,18,13,18,18,0.0001,0.0013
HS problem 857 size 20 10 density  0.50,20,10,0.485,17,13,15,17,0.0001,0.0011
HS problem 858 size 20 10 density  0.50,20,10,0.48,18,13,16,18,0.0001,0.0011
HS problem 859 size 20 10 density  0.50,20,10,0.49,18,11,17,18,0.0001,0.001
HS problem 860 size 20 10 density  0.50,20,10,0.515,18,17,17,18,0.0001,0.0012
HS problem 861 size 20 10 density  0.50,20,10,0.52,19,14,18,19,0.0001,0.0011
HS problem 862 size 20 10 density  0.50,20,10,0.49,16,13,14,16,0.0001,0.0011
HS problem 863 size 20 10 density  0.50,20,10,0.535,18,14,18,18,0.0001,0.0011
HS problem 864 size 20 10 density  0.50,20,10,0.55,18,14,18,18,0.0001,0.0012
HS problem 865 size 20 10 density  0.50,20,10,0.54,17,13,16,17,0.0001,0.0011
HS problem 866 size 20 10 density  0.50,20,10,0.465,17,12,15,17,0.0001,0.0011
HS problem 867 size 20 10 density  0.50,20,10,0.545,19,14,19,19,0.0001,0.0011
HS problem 868 size 20 10 density  0.50,20,10,0.495,18,15,18,18,0.0001,0.0012
HS problem 869 size 20 10 density  0.50,20,10,0.495,18,15,17,18,0.0001,0.0011
HS problem 870 size 20 10 density  0.50,20,10,0.5,17,13,17,17,0.0001,0.0011
HS problem 871 size 20 10 density  0.50,20,10,0.505,18,13,16,18,0.0001,0.0011
HS problem 872 size 20 10 density  0.50,20,10,0.55,18,13,18,18,0.0001,0.0012
HS problem 873 size 20 10 density  0.50,20,10,0.525,18,12,17,18,0.0001,0.0011
HS problem 874 size 20 10 density  0.50,20,10,0.46,17,12,15,17,0.0001,0.0011
HS problem 875 size 20 10 density  0.50,20,10,0.45,16,12,14,16,0.0001,0.0011
HS problem 876 size 20 10 density  0.50,20,10,0.505,18,17,18,18,0.0001,0.0012
HS problem 877 size 20 10 density  0.50,20,10,0.495,17,13,15,17,0.0001,0.0011
HS problem 878 size 20 10 density  0.50,20,10,0.54,18,14,17,18,0.0001,0.0011
HS problem 879 size 20 10 density  0.50,20,10,0.535,18,15,17,18,0.0001,0.0011
HS problem 880 size 20 10 density  0.50,20,10,0.51,18,13,18,18,0.0001,0.001
HS problem 881 size 20 10 density  0.50,20,10,0.53,19,15,19,19,0.0001,0.001
HS problem 882 size 20 10 density  0.50,20,10,0.465,16,13,16,16,0.0001,0.001
HS problem 883 size 20 10 density  0.50,20,10,0.505,18,13,17,18,0.0001,0.0012
HS problem 884 size 20 10 density  0.50,20,10,0.55,18,15,18,18,0.0001,0.0011
HS problem 885 size 20 10 density  0.50,20,10,0.475,17,13,17,17,0.0001,0.001
HS problem 886 size 20 10 density  0.50,20,10,0.505,18,14,18,18,0.0001,0.0011
HS problem 887 size 20 10 density  0.50,20,10,0.49,18,13,16,18,0.0001,0.0012
HS problem 888 size 20 10 density  0.50,20,10,0.52,19,13,18,19,0.0001,0.0011
HS problem 889 size 20 10 density  0.50,20,10,0.56,20,14,20,20,0.0001,0.0011
HS problem 890 size 20 10 density  0.50,20,10,0.51,18,13,17,18,0.0001,0.0011
HS problem 891 size 20 10 density  0.50,20,10,0.535,18,15,17,18,0.0001,0.0012
HS problem 892 size 20 10 density  0.50,20,10,0.51,18,14,16,18,0.0001,0.0011
HS problem 893 size 20 10 density  0.50,20,10,0.505,19,14,18,19,0.0001,0.0011
HS problem 894 size 20 10 density  0.50,20,10,0.505,18,13,17,18,0.0001,0.0011
HS problem 895 size 20 10 density  0.50,20,10,0.52,18,15,18,18,0.0001,0.0012
HS problem 896 size 20 10 density  0.50,20,10,0.535,17,14,17,17,0.0001,0.001
HS problem 897 size 20 10 density  0.50,20,10,0.51,19,14,18,19,0.0001,0.0011
HS problem 898 size 20 10 density  0.50,20,10,0.535,18,13,16,17,0.0001,0.0011
HS problem 899 size 20 10 density  0.50,20,10,0.52,19,15,17,18,0.0001,0.0012
HS problem 900 size 20 10 density  0.50,20,10,0.52,17,13,17,17,0.0001,0.001
HS problem 901 size 20 10 density  0.55,20,10,0.54,18,16,17,18,0.0001,0.0011
HS problem 902 size 20 10 density  0.55,20,10,0.5,18,13,16,18,0.0001,0.0011
HS problem 903 size 20 10 density  0.55,20,10,0.49,18,14,17,18,0.0001,0.0012
HS problem 904 size 20 10 density  0.55,20,10,0.57,19,15,19,19,0.0001,0.0011
HS problem 905 size 20 10 density  0.55,20,10,0.565,19,15,18,19,0.0001,0.0011
HS problem 906 size 20 10 density  0.55,20,10,0.545,18,13,17,18,0.0001,0.0011
HS problem 907 size 20 10 density  0.55,20,10,0.535,17,14,17,17,0.0001,0.0012
HS problem 908 size 20 10 density  0.55,20,10,0.56,19,16,19,19,0.0001,0.0011
HS problem 909 size 20 10 density  0.55,20,10,0.57,18,15,18,18,0.0001,0.0011
HS problem 910 size 20 10 density  0.55,20,10,0.55,19,16,18,19,0.0001,0.0011
HS problem 911 size 20 10 density  0.55,20,10,0.54,18,14,16,17,0.0001,0.0012
HS problem 912 size 20 10 density  0.55,20,10,0.585,19,14,19,19,0.0001,0.0011
HS problem 913 size 20 10 density  0.55,20,10,0.545,18,12,17,18,0.0001,0.0011
HS problem 914 size 20 10 density  0.55,20,10,0.54,19,14,19,19,0.0001,0.0011
HS problem 915 size 20 10 density  0.55,20,10,0.555,18,14,16,18,0.0001,0.0012
HS problem 916 size 20 10 density  0.55,20,10,0.515,18,14,17,18,0.0001,0.0011
HS problem 917 size 20 10 density  0.55,20,10,0.58,19,14,19,19,0.0001,0.001
HS problem 918 size 20 10 density  0.55,20,10,0.565,18,14,18,18,0.0001,0.0011
HS problem 919 size 20 10 density  0.55,20,10,0.52,18,12,18,18,0.0001,0.0012
HS problem 920 size 20 10 density  0.55,20,10,0.57,19,14,18,19,0.0001,0.0011
HS problem 921 size 20 10 density  0.55,20,10,0.6,19,15,19,19,0.0001,0.0011
HS problem 922 size 20 10 density  0.55,20,10,0.505,18,14,16,18,0.0001,0.0011
HS problem 923 size 20 10 density  0.55,20,10,0.55,18,15,17,18,0.0001,0.0012
HS problem 924 size 20 10 density  0.55,20,10,0.59,18,13,18,18,0.0001,0.0011
HS problem 925 size 20 10 density  0.55,20,10,0.54,18,14,16,17,0.0001,0.0011
HS problem 926 size 20 10 density  0.55,20,10,0.575,19,13,17,18,0.0001,0.0012
HS problem 927 size 20 10 density  0.55,20,10,0.505,18,12,15,18,0.0001,0.0011
HS problem 928 size 20 10 density  0.55,20,10,0.45,17,12,13,16,0.0001,0.0011
HS problem 929 size 20 10 density  0.55,20,10,0.53,19,13,18,19,0.0001,0.001
HS problem 930 size 20 10 density  0.55,20,10,0.53,18,14,17,18,0.0001,0.0012
HS problem 931 size 20 10 density  0.55,20,10,0.6,19,15,19,19,0.0001,0.0011
HS problem 932 size 20 10 density  0.55,20,10,0.575,18,16,17,17,0.0001,0.0011
HS problem 933 size 20 10 density  0.55,20,10,0.515,18,13,16,17,0.0001,0.0011
HS problem 934 size 20 10 density  0.55,20,10,0.54,18,13,18,18,0.0001,0.0012
HS problem 935 size 20 10 density  0.55,20,10,0.54,19,14,19,19,0.0001,0.0011
HS problem 936 size 20 10 density  0.55,20,10,0.59,18,15,18,18,0.0001,0.0011
HS problem 937 size 20 10 density  0.55,20,10,0.57,18,14,18,18,0.0001,0.0011
HS problem 938 size 20 10 density  0.55,20,10,0.535,18,14,17,18,0.0001,0.0012
HS problem 939 size 20 10 density  0.55,20,10,0.56,19,14,18,19,0.0001,0.0011
HS problem 940 size 20 10 density  0.55,20,10,0.62,20,18,20,20,0.0001,0.0011
HS problem 941 size 20 10 density  0.55,20,10,0.525,19,13,19,19,0.0001,0.0011
HS problem 942 size 20 10 density  0.55,20,10,0.555,18,13,18,18,0.0001,0.0012
HS problem 943 size 20 10 density  0.55,20,10,0.565,18,16,18,18,0.0001,0.0011
HS problem 944 size 20 10 density  0.55,20,10,0.6,20,16,20,20,0.0001,0.0011
HS problem 945 size 20 10 density  0.55,20,10,0.53,17,14,17,17,0.0001,0.0011
HS problem 946 size 20 10 density  0.55,20,10,0.52,18,13,17,18,0.0001,0.0012
HS problem 947 size 20 10 density  0.55,20,10,0.58,19,14,18,19,0.0001,0.0011
HS problem 948 size 20 10 density  0.55,20,10,0.545,19,16,19,19,0.0001,0.0011
HS problem 949 size 20 10 density  0.55,20,10,0.545,19,13,18,19,0.0001,0.0011
HS problem 950 size 20 10 density  0.55,20,10,0.56,18,15,17,18,0.0001,0.0012
HS problem 951 size 20 10 density  0.60,20,10,0.645,20,17,20,20,0.0001,0.0011
HS problem 952 size 20 10 density  0.60,20,10,0.655,20,18,20,20,0.0001,0.0011
HS problem 953 size 20 10 density  0.60,20,10,0.57,18,15,18,18,0.0001,0.001
HS problem 954 size 20 10 density  0.60,20,10,0.6,19,17,19,19,0.0001,0.0012
HS problem 955 size 20 10 density  0.60,20,10,0.55,19,14,18,19,0.0001,0.0011
HS problem 956 size 20 10 density  0.60,20,10,0.565,19,14,18,19,0.0001,0.0011
HS problem 957 size 20 10 density  0.60,20,10,0.63,20,19,20,20,0.0001,0.0012
HS problem 958 size 20 10 density  0.60,20,10,0.605,19,16,19,19,0.0001,0.0011
HS problem 959 size 20 10 density  0.60,20,10,0.56,18,13,17,18,0.0001,0.0011
HS problem 960 size 20 10 density  0.60,20,10,0.565,19,15,19,19,0.0001,0.0011
HS problem 961 size 20 10 density  0.60,20,10,0.545,18,13,16,18,0.0001,0.0012
HS problem 962 size 20 10 density  0.60,20,10,0.645,20,18,20,20,0.0001,0.0011
HS problem 963 size 20 10 density  0.60,20,10,0.6,19,16,19,19,0.0001,0.0011
HS problem 964 size 20 10 density  0.60,20,10,0.595,19,17,19,19,0.0001,0.0011
HS problem 965 size 20 10 density  0.60,20,10,0.565,19,14,19,19,0.0001,0.0012
HS problem 966 size 20 10 density  0.60,20,10,0.615,19,15,19,19,0.0001,0.0011
HS problem 967 size 20 10 density  0.60,20,10,0.61,19,14,18,19,0.0001,0.0011
HS problem 968 size 20 10 density  0.60,20,10,0.595,20,16,20,20,0.0001,0.0011
HS problem 969 size 20 10 density  0.60,20,10,0.65,20,15,20,20,0.0001,0.0012
HS problem 970 size 20 10 density  0.60,20,10,0.585,20,15,20,20,0.0001,0.0011
HS problem 971 size 20 10 density  0.60,20,10,0.575,19,15,19,19,0.0001,0.0011
HS problem 972 size 20 10 density  0.60,20,10,0.6,20,15,20,20,0.0001,0.0011
HS problem 973 size 20 10 density  0.60,20,10,0.655,20,18,20,20,0.0001,0.0012
HS problem 974 size 20 10 density  0.60,20,10,0.655,19,15,19,19,0.0001,0.0011
HS problem 975 size 20 10 density  0.60,20,10,0.645,20,16,20,20,0.0001,0.001
HS problem 976 size 20 10 density  0.60,20,10,0.585,19,17,19,19,0.0001,0.0011
HS problem 977 size 20 10 density  0.60,20,10,0.64,20,16,20,20,0.0001,0.0012
HS problem 978 size 20 10 density  0.60,20,10,0.625,20,17,20,20,0.0001,0.0011
HS problem 979 size 20 10 density  0.60,20,10,0.62,19,15,19,19,0.0001,0.0011
HS problem 980 size 20 10 density  0.60,20,10,0.55,18,15,18,18,0.0001,0.0011
HS problem 981 size 20 10 density  0.60,20,10,0.6,20,14,20,20,0.0001,0.0012
HS problem 982 size 20 10 density  0.60,20,10,0.565,18,13,18,18,0.0001,0.0011
HS problem 983 size 20 10 density  0.60,20,10,0.545,19,16,19,19,0.0001,0.0011
HS problem 984 size 20 10 density  0.60,20,10,0.6,20,16,20,20,0.0001,0.0012
HS problem 985 size 20 10 density  0.60,20,10,0.56,18,15,17,18,0.0001,0.0011
HS problem 986 size 20 10 density  0.60,20,10,0.625,20,15,20,20,0.0001,0.0011
HS problem 987 size 20 10 density  0.60,20,10,0.615,20,18,20,20,0.0001,0.0011
HS problem 988 size 20 10 density  0.60,20,10,0.575,19,14,19,19,0.0001,0.0012
HS problem 989 size 20 10 density  0.60,20,10,0.6,20,17,20,20,0.0001,0.001
HS problem 990 size 20 10 density  0.60,20,10,0.565,20,15,20,20,0.0001,0.0011
HS problem 991 size 20 10 density  0.60,20,10,0.59,19,15,19,19,0.0001,0.0011
HS problem 992 size 20 10 density  0.60,20,10,0.555,19,14,19,19,0.0001,0.0012
HS problem 993 size 20 10 density  0.60,20,10,0.6,19,16,19,19,0.0001,0.0011
HS problem 994 size 20 10 density  0.60,20,10,0.62,20,16,20,20,0.0001,0.0011
HS problem 995 size 20 10 density  0.60,20,10,0.595,20,15,20,20,0.0001,0.0011
HS problem 996 size 20 10 density  0.60,20,10,0.595,19,16,19,19,0.0001,0.0012
HS problem 997 size 20 10 density  0.60,20,10,0.615,19,16,19,19,0.0001,0.0011
HS problem 998 size 20 10 density  0.60,20,10,0.635,20,17,20,20,0.0001,0.0011
HS problem 999 size 20 10 density  0.60,20,10,0.61,19,14,19,19,0.0001,0.0011
HS problem 1000 size 20 10 density  0.60,20,10,0.625,19,16,19,19,0.0001,0.0012
HS problem 1001 size 20 10 density  0.65,20,10,0.625,20,16,20,20,0.0001,0.0011
HS problem 1002 size 20 10 density  0.65,20,10,0.68,19,16,19,19,0.0001,0.0011
HS problem 1003 size 20 10 density  0.65,20,10,0.62,20,15,20,20,0.0001,0.001
HS problem 1004 size 20 10 density  0.65,20,10,0.625,20,15,20,20,0.0001,0.0012
HS problem 1005 size 20 10 density  0.65,20,10,0.63,19,17,19,19,0.0001,0.001
HS problem 1006 size 20 10 density  0.65,20,10,0.655,20,17,20,20,0.0001,0.0011
HS problem 1007 size 20 10 density  0.65,20,10,0.685,20,16,20,20,0.0001,0.0012
HS problem 1008 size 20 10 density  0.65,20,10,0.6,20,16,20,20,0.0001,0.0011
HS problem 1009 size 20 10 density  0.65,20,10,0.645,19,18,19,19,0.0001,0.0011
HS problem 1010 size 20 10 density  0.65,20,10,0.645,19,16,19,19,0.0001,0.0011
HS problem 1011 size 20 10 density  0.65,20,10,0.635,19,15,19,19,0.0001,0.0012
HS problem 1012 size 20 10 density  0.65,20,10,0.65,20,16,20,20,0.0001,0.0011
HS problem 1013 size 20 10 density  0.65,20,10,0.625,19,16,19,19,0.0001,0.0011
HS problem 1014 size 20 10 density  0.65,20,10,0.71,20,18,20,20,0.0001,0.0011
HS problem 1015 size 20 10 density  0.65,20,10,0.62,19,16,19,19,0.0001,0.0012
HS problem 1016 size 20 10 density  0.65,20,10,0.62,19,16,19,19,0.0001,0.0011
HS problem 1017 size 20 10 density  0.65,20,10,0.685,20,17,20,20,0.0001,0.0011
HS problem 1018 size 20 10 density  0.65,20,10,0.62,20,16,20,20,0.0001,0.0011
HS problem 1019 size 20 10 density  0.65,20,10,0.625,18,15,18,18,0.0001,0.0012
HS problem 1020 size 20 10 density  0.65,20,10,0.64,20,14,20,20,0.0001,0.0011
HS problem 1021 size 20 10 density  0.65,20,10,0.65,19,17,19,19,0.0001,0.0011
HS problem 1022 size 20 10 density  0.65,20,10,0.595,18,13,18,18,0.0001,0.0011
HS problem 1023 size 20 10 density  0.65,20,10,0.605,19,16,19,19,0.0001,0.0012
HS problem 1024 size 20 10 density  0.65,20,10,0.63,19,15,19,19,0.0001,0.0011
HS problem 1025 size 20 10 density  0.65,20,10,0.62,20,16,20,20,0.0001,0.0011
HS problem 1026 size 20 10 density  0.65,20,10,0.65,19,16,19,19,0.0001,0.0011
HS problem 1027 size 20 10 density  0.65,20,10,0.665,20,16,20,20,0.0001,0.0012
HS problem 1028 size 20 10 density  0.65,20,10,0.655,20,18,20,20,0.0001,0.0011
HS problem 1029 size 20 10 density  0.65,20,10,0.62,20,16,20,20,0.0001,0.0011
HS problem 1030 size 20 10 density  0.65,20,10,0.63,19,16,19,19,0.0001,0.0011
HS problem 1031 size 20 10 density  0.65,20,10,0.66,20,17,20,20,0.0001,0.0012
HS problem 1032 size 20 10 density  0.65,20,10,0.65,19,16,19,19,0.0001,0.0011
HS problem 1033 size 20 10 density  0.65,20,10,0.69,19,16,19,19,0.0001,0.0011
HS problem 1034 size 20 10 density  0.65,20,10,0.63,19,16,19,19,0.0001,0.0011
HS problem 1035 size 20 10 density  0.65,20,10,0.675,20,16,20,20,0.0001,0.0011
HS problem 1036 size 20 10 density  0.65,20,10,0.67,20,19,20,20,0.0001,0.0011
HS problem 1037 size 20 10 density  0.65,20,10,0.67,20,17,20,20,0.0001,0.0011
HS problem 1038 size 20 10 density  0.65,20,10,0.605,20,16,20,20,0.0001,0.0012
HS problem 1039 size 20 10 density  0.65,20,10,0.63,19,15,19,19,0.0001,0.0011
HS problem 1040 size 20 10 density  0.65,20,10,0.655,20,15,20,20,0.0001,0.0011
HS problem 1041 size 20 10 density  0.65,20,10,0.685,20,16,20,20,0.0001,0.0011
HS problem 1042 size 20 10 density  0.65,20,10,0.655,20,15,20,20,0.0001,0.0012
HS problem 1043 size 20 10 density  0.65,20,10,0.61,18,16,18,18,0.0001,0.0011
HS problem 1044 size 20 10 density  0.65,20,10,0.64,20,16,20,20,0.0001,0.0011
HS problem 1045 size 20 10 density  0.65,20,10,0.625,20,15,20,20,0.0001,0.0011
HS problem 1046 size 20 10 density  0.65,20,10,0.615,19,16,19,19,0.0001,0.0012
HS problem 1047 size 20 10 density  0.65,20,10,0.655,20,17,20,20,0.0001,0.0011
HS problem 1048 size 20 10 density  0.65,20,10,0.625,18,16,18,18,0.0001,0.0011
HS problem 1049 size 20 10 density  0.65,20,10,0.635,20,16,20,20,0.0001,0.0011
HS problem 1050 size 20 10 density  0.65,20,10,0.635,20,16,20,20,0.0001,0.0012
HS problem 1051 size 20 10 density  0.70,20,10,0.71,20,18,20,20,0.0001,0.0011
HS problem 1052 size 20 10 density  0.70,20,10,0.665,20,16,20,20,0.0001,0.0011
HS problem 1053 size 20 10 density  0.70,20,10,0.695,20,15,20,20,0.0001,0.0011
HS problem 1054 size 20 10 density  0.70,20,10,0.69,19,18,19,19,0.0001,0.0012
HS problem 1055 size 20 10 density  0.70,20,10,0.675,19,18,19,19,0.0001,0.0011
HS problem 1056 size 20 10 density  0.70,20,10,0.675,19,16,19,19,0.0001,0.0011
HS problem 1057 size 20 10 density  0.70,20,10,0.685,20,16,20,20,0.0001,0.0011
HS problem 1058 size 20 10 density  0.70,20,10,0.7,19,16,19,19,0.0001,0.0012
HS problem 1059 size 20 10 density  0.70,20,10,0.685,20,18,20,20,0.0001,0.0011
HS problem 1060 size 20 10 density  0.70,20,10,0.69,20,16,20,20,0.0001,0.0011
HS problem 1061 size 20 10 density  0.70,20,10,0.72,20,17,20,20,0.0001,0.0012
HS problem 1062 size 20 10 density  0.70,20,10,0.655,20,18,20,20,0.0001,0.0011
HS problem 1063 size 20 10 density  0.70,20,10,0.655,19,15,19,19,0.0001,0.0011
HS problem 1064 size 20 10 density  0.70,20,10,0.715,20,18,20,20,0.0001,0.0011
HS problem 1065 size 20 10 density  0.70,20,10,0.685,20,16,20,20,0.0001,0.0012
HS problem 1066 size 20 10 density  0.70,20,10,0.715,20,18,20,20,0.0001,0.0011
HS problem 1067 size 20 10 density  0.70,20,10,0.69,20,18,20,20,0.0001,0.0011
HS problem 1068 size 20 10 density  0.70,20,10,0.665,20,15,20,20,0.0001,0.0011
HS problem 1069 size 20 10 density  0.70,20,10,0.7,20,16,20,20,0.0001,0.0012
HS problem 1070 size 20 10 density  0.70,20,10,0.65,19,16,19,19,0.0001,0.0011
HS problem 1071 size 20 10 density  0.70,20,10,0.69,20,17,20,20,0.0001,0.0011
HS problem 1072 size 20 10 density  0.70,20,10,0.68,20,16,20,20,0.0001,0.0011
HS problem 1073 size 20 10 density  0.70,20,10,0.64,20,16,20,20,0.0001,0.0012
HS problem 1074 size 20 10 density  0.70,20,10,0.69,19,16,19,19,0.0001,0.0011
HS problem 1075 size 20 10 density  0.70,20,10,0.71,20,16,20,20,0.0001,0.0011
HS problem 1076 size 20 10 density  0.70,20,10,0.74,20,19,20,20,0.0001,0.0011
HS problem 1077 size 20 10 density  0.70,20,10,0.725,19,18,19,19,0.0001,0.0012
HS problem 1078 size 20 10 density  0.70,20,10,0.63,20,16,20,20,0.0001,0.0011
HS problem 1079 size 20 10 density  0.70,20,10,0.71,20,16,20,20,0.0001,0.0011
HS problem 1080 size 20 10 density  0.70,20,10,0.685,20,17,20,20,0.0001,0.0011
HS problem 1081 size 20 10 density  0.70,20,10,0.645,20,17,20,20,0.0001,0.0012
HS problem 1082 size 20 10 density  0.70,20,10,0.74,20,18,20,20,0.0001,0.0011
HS problem 1083 size 20 10 density  0.70,20,10,0.66,20,15,20,20,0.0001,0.0011
HS problem 1084 size 20 10 density  0.70,20,10,0.725,20,17,20,20,0.0001,0.0011
HS problem 1085 size 20 10 density  0.70,20,10,0.685,20,16,20,20,0.0001,0.0012
HS problem 1086 size 20 10 density  0.70,20,10,0.705,20,17,20,20,0.0001,0.0011
HS problem 1087 size 20 10 density  0.70,20,10,0.725,20,17,20,20,0.0001,0.0011
HS problem 1088 size 20 10 density  0.70,20,10,0.66,20,16,20,20,0.0001,0.0012
HS problem 1089 size 20 10 density  0.70,20,10,0.695,20,17,20,20,0.0001,0.0011
HS problem 1090 size 20 10 density  0.70,20,10,0.69,20,17,20,20,0.0001,0.0011
HS problem 1091 size 20 10 density  0.70,20,10,0.65,20,16,20,20,0.0001,0.0011
HS problem 1092 size 20 10 density  0.70,20,10,0.745,20,17,20,20,0.0001,0.0012
HS problem 1093 size 20 10 density  0.70,20,10,0.67,19,16,19,19,0.0001,0.0011
HS problem 1094 size 20 10 density  0.70,20,10,0.675,20,16,20,20,0.0001,0.0011
HS problem 1095 size 20 10 density  0.70,20,10,0.7,20,17,20,20,0.0001,0.0011
HS problem 1096 size 20 10 density  0.70,20,10,0.68,19,17,19,19,0.0001,0.0012
HS problem 1097 size 20 10 density  0.70,20,10,0.695,20,16,20,20,0.0001,0.0011
HS problem 1098 size 20 10 density  0.70,20,10,0.615,20,15,20,20,0.0001,0.0011
HS problem 1099 size 20 10 density  0.70,20,10,0.7,19,16,19,19,0.0001,0.0011
HS problem 1100 size 20 10 density  0.70,20,10,0.735,20,17,20,20,0.0001,0.0012
p1540n2_0,40,15,0.1,6,6,6,6,0.0001,0.0018
HS problem 2201 size 20 20 density  0.20,20,20,0.188,11,6,7,10,0.0001,0.0009
HS problem 2202 size 20 20 density  0.20,20,20,0.188,10,6,7,10,0.0001,0.0008
HS problem 2203 size 20 20 density  0.20,20,20,0.22,13,7,7,12,0.0002,0.001
HS problem 2204 size 20 20 density  0.20,20,20,0.223,15,10,10,13,0.0002,0.001
HS problem 2205 size 20 20 density  0.20,20,20,0.215,12,8,8,11,0.0001,0.0009
HS problem 2206 size 20 20 density  0.20,20,20,0.188,12,7,7,10,0.0001,0.0009
HS problem 2207 size 20 20 density  0.20,20,20,0.195,12,7,7,10,0.0001,0.001
HS problem 2208 size 20 20 density  0.20,20,20,0.207,13,8,8,11,0.0001,0.001
HS problem 2209 size 20 20 density  0.20,20,20,0.193,10,6,7,9,0.0001,0.0009
HS problem 2210 size 20 20 density  0.20,20,20,0.198,10,8,8,10,0.0001,0.0008
HS problem 2211 size 20 20 density  0.20,20,20,0.205,13,9,9,12,0.0001,0.001
HS problem 2212 size 20 20 density  0.20,20,20,0.188,12,6,7,10,0.0001,0.001
HS problem 2213 size 20 20 density  0.20,20,20,0.21,12,8,8,11,0.0001,0.001
HS problem 2214 size 20 20 density  0.20,20,20,0.207,14,8,8,13,0.0001,0.001
HS problem 2215 size 20 20 density  0.20,20,20,0.217,13,8,8,11,0.0001,0.001
HS problem 2216 size 20 20 density  0.20,20,20,0.18,11,7,7,10,0.0001,0.0008
HS problem 2217 size 20 20 density  0.20,20,20,0.242,13,9,10,13,0.0001,0.0012
HS problem 2218 size 20 20 density  0.20,20,20,0.23,14,8,9,13,0.0001,0.001
HS problem 2219 size 20 20 density  0.20,20,20,0.217,13,9,10,13,0.0001,0.001
HS problem 2220 size 20 20 density  0.20,20,20,0.17,10,7,7,9,0.0001,0.0008
HS problem 2221 size 20 20 density  0.25,20,20,0.268,15,10,11,14,0.0001,0.001
HS problem 2222 size 20 20 density  0.25,20,20,0.3,17,11,14,16,0.0001,0.0011
HS problem 2223 size 20 20 density  0.25,20,20,0.242,14,9,10,13,0.0001,0.001
HS problem 2224 size 20 20 density  0.25,20,20,0.275,15,9,12,15,0.0001,0.001
HS problem 2225 size 20 20 density  0.25,20,20,0.24,15,9,11,14,0.0001,0.001
HS problem 2226 size 20 20 density  0.25,20,20,0.237,13,8,11,12,0.0001,0.0009
HS problem 2227 size 20 20 density  0.25,20,20,0.26,15,9,10,13,0.0001,0.001
HS problem 2228 size 20 20 density  0.25,20,20,0.23,13,9,12,12,0.0001,0.001
HS problem 2229 size 20 20 density  0.25,20,20,0.282,15,10,11,14,0.0001,0.001
HS problem 2230 size 20 20 density  0.25,20,20,0.265,15,10,11,14,0.0001,0.0011
HS problem 2231 size 20 20 density  0.25,20,20,0.275,15,8,9,14,0.0002,0.001
HS problem 2232 size 20 20 density  0.25,20,20,0.242,14,9,10,13,0.0001,0.001
HS problem 2233 size 20 20 density  0.25,20,20,0.263,14,9,10,13,0.0001,0.001
HS problem 2234 size 20 20 density  0.25,20,20,0.28,15,9,11,14,0.0001,0.0011
HS problem 2235 size 20 20 density  0.25,20,20,0.253,15,10,12,15,0.0001,0.001
HS problem 2236 size 20 20 density  0.25,20,20,0.258,15,9,10,14,0.0001,0.001
HS problem 2237 size 20 20 density  0.25,20,20,0.26,15,8,12,15,0.0001,0.001
HS problem 2238 size 20 20 density  0.25,20,20,0.263,16,8,10,14,0.0001,0.0011
HS problem 2239 size 20 20 density  0.25,20,20,0.255,15,8,11,15,0.0001,0.001
HS problem 2240 size 20 20 density  0.25,20,20,0.245,15,8,10,14,0.0001,0.001
HS problem 2241 size 20 20 density  0.30,20,20,0.315,17,11,14,17,0.0001,0.0011
HS problem 2242 size 20 20 density  0.30,20,20,0.292,16,9,13,16,0.0001,0.0012
HS problem 2243 size 20 20 density  0.30,20,20,0.31,17,8,12,16,0.0001,0.0011
HS problem 2244 size 20 20 density  0.30,20,20,0.305,16,10,14,16,0.0001,0.001
HS problem 2245 size 20 20 density  0.30,20,20,0.292,16,11,13,15,0.0001,0.0011
HS problem 2246 size 20 20 density  0.30,20,20,0.285,16,9,11,16,0.0002,0.0012
HS problem 2247 size 20 20 density  0.30,20,20,0.333,17,13,16,17,0.0001,0.0011
HS problem 2248 size 20 20 density  0.30,20,20,0.307,17,10,12,16,0.0001,0.0011
HS problem 2249 size 20 20 density  0.30,20,20,0.302,17,11,15,17,0.0001,0.0011
HS problem 2250 size 20 20 density  0.30,20,20,0.285,15,9,12,14,0.0001,0.0012
HS problem 2251 size 20 20 density  0.30,20,20,0.28,14,9,10,14,0.0001,0.001
HS problem 2252 size 20 20 density  0.30,20,20,0.312,16,10,13,15,0.0001,0.001
HS problem 2253 size 20 20 density  0.30,20,20,0.302,17,9,14,16,0.0001,0.001
HS problem 2254 size 20 20 density  0.30,20,20,0.34,17,10,15,17,0.0001,0.0012
HS problem 2255 size 20 20 density  0.30,20,20,0.282,17,9,13,15,0.0001,0.0011
HS problem 2256 size 20 20 density  0.30,20,20,0.295,16,10,11,15,0.0001,0.0011
HS problem 2257 size 20 20 density  0.30,20,20,0.323,17,9,15,17,0.0001,0.0011
HS problem 2258 size 20 20 density  0.30,20,20,0.357,17,12,16,17,0.0001,0.0012
HS problem 2259 size 20 20 density  0.30,20,20,0.305,18,12,15,17,0.0001,0.0011
HS problem 2260 size 20 20 density  0.30,20,20,0.255,12,9,11,12,0.0001,0.001
HS problem 2261 size 20 20 density  0.35,20,20,0.39,18,12,17,18,0.0001,0.0011
HS problem 2262 size 20 20 density  0.35,20,20,0.38,18,12,17,18,0.0001,0.0012
HS problem 2263 size 20 20 density  0.35,20,20,0.34,16,11,15,16,0.0001,0.0011
HS problem 2264 size 20 20 density  0.35,20,20,0.347,18,12,17,18,0.0001,0.0011
HS problem 2265 size 20 20 density  0.35,20,20,0.365,18,13,16,17,0.0001,0.0011
HS problem 2266 size 20 20 density  0.35,20,20,0.305,16,13,15,16,0.0001,0.0012
HS problem 2267 size 20 20 density  0.35,20,20,0.355,18,11,16,17,0.0001,0.0011
HS problem 2268 size 20 20 density  0.35,20,20,0.362,18,13,15,17,0.0001,0.0011
HS problem 2269 size 20 20 density  0.35,20,20,0.388,17,13,16,17,0.0001,0.0011
HS problem 2270 size 20 20 density  0.35,20,20,0.38,17,12,16,17,0.0001,0.0012
HS problem 2271 size 20 20 density  0.35,20,20,0.335,17,12,15,17,0.0001,0.0011
HS problem 2272 size 20 20 density  0.35,20,20,0.36,18,12,15,17,0.0001,0.0011
HS problem 2273 size 20 20 density  0.35,20,20,0.318,16,9,13,16,0.0001,0.0011
HS problem 2274 size 20 20 density  0.35,20,20,0.37,18,10,17,18,0.0001,0.0012
HS problem 2275 size 20 20 density  0.35,20,20,0.38,18,15,17,18,0.0001,0.0011
HS problem 2276 size 20 20 density  0.35,20,20,0.352,17,11,15,17,0.0001,0.0011
HS problem 2277 size 20 20 density  0.35,20,20,0.343,18,10,16,17,0.0001,0.0011
HS problem 2278 size 20 20 density  0.35,20,20,0.345,17,11,17,17,0.0001,0.0012
HS problem 2279 size 20 20 density  0.35,20,20,0.338,17,9,14,17,0.0001,0.0011
HS problem 2280 size 20 20 density  0.35,20,20,0.345,17,10,13,16,0.0001,0.0011
HS problem 2281 size 20 20 density  0.40,20,20,0.427,19,13,19,19,0.0001,0.0011
HS problem 2282 size 20 20 density  0.40,20,20,0.425,19,13,18,19,0.0001,0.0012
HS problem 2283 size 20 20 density  0.40,20,20,0.388,18,11,18,18,0.0001,0.0011
HS problem 2284 size 20 20 density  0.40,20,20,0.417,18,11,17,18,0.0001,0.0011
HS problem 2285 size 20 20 density  0.40,20,20,0.367,18,11,14,17,0.0001,0.0012
HS problem 2286 size 20 20 density  0.40,20,20,0.407,18,11,16,18,0.0001,0.0013
HS problem 2287 size 20 20 density  0.40,20,20,0.388,18,13,17,18,0.0001,0.0011
HS problem 2288 size 20 20 density  0.40,20,20,0.393,19,10,18,19,0.0001,0.0011
HS problem 2289 size 20 20 density  0.40,20,20,0.432,20,13,20,20,0.0001,0.0011
HS problem 2290 size 20 20 density  0.40,20,20,0.372,18,12,18,18,0.0001,0.0012
HS problem 2291 size 20 20 density  0.40,20,20,0.42,20,14,20,20,0.0001,0.0011
HS problem 2292 size 20 20 density  0.40,20,20,0.415,19,13,19,19,0.0001,0.0011
HS problem 2293 size 20 20 density  0.40,20,20,0.412,18,13,17,18,0.0001,0.0012
HS problem 2294 size 20 20 density  0.40,20,20,0.393,18,12,16,18,0.0001,0.0011
HS problem 2295 size 20 20 density  0.40,20,20,0.403,18,11,18,18,0.0001,0.0011
HS problem 2296 size 20 20 density  0.40,20,20,0.39,18,12,17,18,0.0001,0.0011
HS problem 2297 size 20 20 density  0.40,20,20,0.417,19,14,18,19,0.0001,0.0013
HS problem 2298 size 20 20 density  0.40,20,20,0.403,18,14,17,18,0.0001,0.0011
HS problem 2299 size 20 20 density  0.40,20,20,0.385,17,13,16,17,0.0001,0.0011
HS problem 2300 size 20 20 density  0.40,20,20,0.4,19,12,18,19,0.0001,0.0011
HS problem 2301 size 20 20 density  0.45,20,20,0.453,19,13,19,19,0.0001,0.0012
HS problem 2302 size 20 20 density  0.45,20,20,0.42,20,13,20,20,0.0001,0.0011
HS problem 2303 size 20 20 density  0.45,20,20,0.468,19,12,18,19,0.0001,0.0011
HS problem 2304 size 20 20 density  0.45,20,20,0.45,19,14,19,19,0.0001,0.0011
HS problem 2305 size 20 20 density  0.45,20,20,0.432,18,12,18,18,0.0001,0.0012
HS problem 2306 size 20 20 density  0.45,20,20,0.48,19,12,19,19,0.0001,0.0011
HS problem 2307 size 20 20 density  0.45,20,20,0.453,18,13,17,18,0.0001,0.0012
HS problem 2308 size 20 20 density  0.45,20,20,0.448,19,14,19,19,0.0001,0.0011
HS problem 2309 size 20 20 density  0.45,20,20,0.403,19,12,17,18,0.0001,0.0012
HS problem 2310 size 20 20 density  0.45,20,20,0.435,19,13,18,19,0.0001,0.0011
HS problem 2311 size 20 20 density  0.45,20,20,0.445,19,14,18,19,0.0001,0.0011
HS problem 2312 size 20 20 density  0.45,20,20,0.44,19,13,19,19,0.0001,0.0011
HS problem 2313 size 20 20 density  0.45,20,20,0.482,20,14,20,20,0.0001,0.0012
HS problem 2314 size 20 20 density  0.45,20,20,0.448,19,12,19,19,0.0001,0.0011
HS problem 2315 size 20 20 density  0.45,20,20,0.5,20,14,20,20,0.0001,0.0011
HS problem 2316 size 20 20 density  0.45,20,20,0.487,20,13,20,20,0.0001,0.0011
HS problem 2317 size 20 20 density  0.45,20,20,0.465,19,13,17,19,0.0001,0.0012
HS problem 2318 size 20 20 density  0.45,20,20,0.463,19,15,19,19,0.0001,0.0011
HS problem 2319 size 20 20 density  0.45,20,20,0.487,20,14,20,20,0.0001,0.0011
HS problem 2320 size 20 20 density  0.45,20,20,0.41,19,12,19,19,0.0001,0.0011
HS problem 2321 size 20 20 density  0.50,20,20,0.46,19,13,19,19,0.0001,0.0012
HS problem 2322 size 20 20 density  0.50,20,20,0.525,20,15,20,20,0.0001,0.0011
HS problem 2323 size 20 20 density  0.50,20,20,0.51,19,14,18,19,0.0001,0.0011
HS problem 2324 size 20 20 density  0.50,20,20,0.507,20,15,20,20,0.0001,0.0012
HS problem 2325 size 20 20 density  0.50,20,20,0.51,19,13,19,19,0.0001,0.0011
HS problem 2326 size 20 20 density  0.50,20,20,0.522,20,15,20,20,0.0001,0.0011
HS problem 2327 size 20 20 density  0.50,20,20,0.495,20,15,20,20,0.0001,0.0011
HS problem 2328 size 20 20 density  0.50,20,20,0.49,20,14,20,20,0.0001,0.0012
HS problem 2329 size 20 20 density  0.50,20,20,0.512,19,14,19,19,0.0001,0.0011
HS problem 2330 size 20 20 density  0.50,20,20,0.527,20,14,20,20,0.0001,0.0011
HS problem 2331 size 20 20 density  0.50,20,20,0.515,19,15,19,19,0.0001,0.0011
HS problem 2332 size 20 20 density  0.50,20,20,0.502,20,13,20,20,0.0001,0.0079
HS problem 2333 size 20 20 density  0.50,20,20,0.487,20,14,20,20,0.0001,0.0011
HS problem 2334 size 20 20 density  0.50,20,20,0.51,19,15,19,19,0.0001,0.001
HS problem 2335 size 20 20 density  0.50,20,20,0.53,19,14,19,19,0.0001,0.0011
HS problem 2336 size 20 20 density  0.50,20,20,0.5,19,14,19,19,0.0001,0.0012
HS problem 2337 size 20 20 density  0.50,20,20,0.495,20,15,20,20,0.0001,0.0011
HS problem 2338 size 20 20 density  0.50,20,20,0.512,20,16,20,20,0.0001,0.001
HS problem 2339 size 20 20 density  0.50,20,20,0.482,20,15,20,20,0.0001,0.0011
HS problem 2340 size 20 20 density  0.50,20,20,0.515,20,15,20,20,0.0001,0.0012
HS problem 2341 size 20 20 density  0.55,20,20,0.562,20,16,20,20,0.0001,0.0011
HS problem 2342 size 20 20 density  0.55,20,20,0.53,20,14,20,20,0.0001,0.0011
HS problem 2343 size 20 20 density  0.55,20,20,0.552,20,16,20,20,0.0001,0.0011
HS problem 2344 size 20 20 density  0.55,20,20,0.575,20,14,20,20,0.0001,0.0011
HS problem 2345 size 20 20 density  0.55,20,20,0.525,20,16,20,20,0.0001,0.0011
HS problem 2346 size 20 20 density  0.55,20,20,0.568,20,16,20,20,0.0001,0.0011
HS problem 2347 size 20 20 density  0.55,20,20,0.568,20,15,20,20,0.0001,0.0012
HS problem 2348 size 20 20 density  0.55,20,20,0.55,20,14,20,20,0.0001,0.0011
HS problem 2349 size 20 20 density  0.55,20,20,0.562,20,16,20,20,0.0001,0.0011
HS problem 2350 size 20 20 density  0.55,20,20,0.593,20,15,20,20,0.0001,0.0011
HS problem 2351 size 20 20 density  0.55,20,20,0.57,20,16,20,20,0.0001,0.0012
HS problem 2352 size 20 20 density  0.55,20,20,0.605,20,16,20,20,0.0001,0.0011
HS problem 2353 size 20 20 density  0.55,20,20,0.57,19,15,19,19,0.0001,0.0011
HS problem 2354 size 20 20 density  0.55,20,20,0.573,20,15,20,20,0.0001,0.0011
HS problem 2355 size 20 20 density  0.55,20,20,0.532,20,14,20,20,0.0001,0.0012
HS problem 2356 size 20 20 density  0.55,20,20,0.605,20,16,20,20,0.0001,0.0011
HS problem 2357 size 20 20 density  0.55,20,20,0.54,20,16,20,20,0.0001,0.0011
HS problem 2358 size 20 20 density  0.55,20,20,0.575,20,15,20,20,0.0001,0.0011
HS problem 2359 size 20 20 density  0.55,20,20,0.51,20,13,20,20,0.0001,0.0012
HS problem 2360 size 20 20 density  0.55,20,20,0.573,20,16,20,20,0.0001,0.0011
HS problem 2361 size 20 20 density  0.60,20,20,0.603,20,17,20,20,0.0001,0.0011
HS problem 2362 size 20 20 density  0.60,20,20,0.583,20,16,20,20,0.0001,0.0011
HS problem 2363 size 20 20 density  0.60,20,20,0.59,20,16,20,20,0.0001,0.0012
HS problem 2364 size 20 20 density  0.60,20,20,0.647,20,15,20,20,0.0001,0.0011
HS problem 2365 size 20 20 density  0.60,20,20,0.562,20,16,20,20,0.0001,0.0011
HS problem 2366 size 20 20 density  0.60,20,20,0.618,20,16,20,20,0.0001,0.0011
HS problem 2367 size 20 20 density  0.60,20,20,0.575,20,18,20,20,0.0001,0.0012
HS problem 2368 size 20 20 density  0.60,20,20,0.583,20,16,20,20,0.0001,0.0011
HS problem 2369 size 20 20 density  0.60,20,20,0.627,20,18,20,20,0.0001,0.0011
HS problem 2370 size 20 20 density  0.60,20,20,0.575,20,16,20,20,0.0001,0.0012
HS problem 2371 size 20 20 density  0.60,20,20,0.605,20,15,20,20,0.0001,0.0011
HS problem 2372 size 20 20 density  0.60,20,20,0.562,20,15,20,20,0.0001,0.0011
HS problem 2373 size 20 20 density  0.60,20,20,0.627,20,17,20,20,0.0001,0.0011
HS problem 2374 size 20 20 density  0.60,20,20,0.588,20,15,20,20,0.0001,0.0012
HS problem 2375 size 20 20 density  0.60,20,20,0.557,20,16,20,20,0.0001,0.0011
HS problem 2376 size 20 20 density  0.60,20,20,0.613,20,15,20,20,0.0001,0.0011
HS problem 2377 size 20 20 density  0.60,20,20,0.585,20,14,20,20,0.0001,0.0011
HS problem 2378 size 20 20 density  0.60,20,20,0.57,20,15,20,20,0.0001,0.0012
HS problem 2379 size 20 20 density  0.60,20,20,0.63,20,17,20,20,0.0001,0.0011
HS problem 2380 size 20 20 density  0.60,20,20,0.557,20,15,20,20,0.0001,0.0011
HS problem 2381 size 20 20 density  0.65,20,20,0.652,20,16,20,20,0.0001,0.0011
HS problem 2382 size 20 20 density  0.65,20,20,0.618,20,16,20,20,0.0001,0.0012
HS problem 2383 size 20 20 density  0.65,20,20,0.655,20,17,20,20,0.0001,0.0011
HS problem 2384 size 20 20 density  0.65,20,20,0.642,20,16,20,20,0.0001,0.0011
HS problem 2385 size 20 20 density  0.65,20,20,0.662,20,17,20,20,0.0001,0.0011
HS problem 2386 size 20 20 density  0.65,20,20,0.652,20,16,20,20,0.0001,0.0012
HS problem 2387 size 20 20 density  0.65,20,20,0.685,20,19,20,20,0.0001,0.0011
HS problem 2388 size 20 20 density  0.65,20,20,0.598,20,15,20,20,0.0001,0.0011
HS problem 2389 size 20 20 density  0.65,20,20,0.662,20,16,20,20,0.0001,0.0011
