set,name,n,m,engine,rules,lower,upper_start,width,proof,nodes,seconds,components,error
rome,rome/rome/grafo10050.97.graphml,97,133,C,repaired,7,10,9,refutation,64143546,47.618,1,
rome,rome/rome/grafo10103.98.graphml,98,131,C,repaired,6,9,9,refutation,244625408,91.349,1,
rome,rome/rome/grafo10006.98.graphml,98,136,C,repaired,6,10,9,refutation,114108789,91.676,1,
rome,rome/rome/grafo10111.96.graphml,96,122,C,repaired,5,8,8,refutation,23348809,16.909,1,
rome,rome/rome/grafo10074.90.graphml,90,130,C,repaired,7,11,10,,333683184,120.009,1,
rome,rome/rome/grafo10028.96.graphml,96,135,C,repaired,7,10,10,,177606656,120.02,1,
rome,rome/rome/grafo10061.99.graphml,99,131,C,repaired,7,10,9,,179512610,120.018,1,
rome,rome/rome/grafo10072.97.graphml,97,136,C,repaired,7,10,9,,175346604,120.018,1,
rome,rome/rome/grafo10098.95.graphml,95,134,C,repaired,7,11,10,,195514102,120.019,1,
rome,rome/rome/grafo10017.96.graphml,96,140,C,repaired,7,11,11,,284577792,120.027,1,
rome,rome/rome/grafo10076.90.graphml,90,129,C,repaired,7,11,10,,214130751,120.022,1,
rome,rome/rome/grafo10084.97.graphml,97,147,C,repaired,7,12,11,,196827536,120.028,1,
rome,rome/rome/grafo10092.97.graphml,97,130,C,repaired,6,10,10,,242929664,120.022,1,
rome,rome/rome/grafo10104.96.graphml,96,134,C,repaired,6,10,10,,196800512,120.025,1,
rome,rome/rome/grafo10093.98.graphml,98,140,C,repaired,7,11,11,,237764608,120.018,1,
rome,rome/rome/grafo10099.94.graphml,94,144,C,repaired,7,12,12,,200065024,120.026,1,
rome,rome/rome/grafo10100.99.graphml,99,139,C,repaired,6,11,10,,172507167,120.021,1,
rome,rome/rome/grafo10148.97.graphml,97,134,C,repaired,6,9,8,refutation,31561928,16.813,1,
rome,rome/rome/grafo10132.97.graphml,97,134,C,repaired,6,10,9,refutation,48279649,36.988,1,
rome,rome/rome/grafo10105.93.graphml,93,137,C,repaired,6,12,11,,174820486,120.013,1,
rome,rome/rome/grafo10118.97.graphml,97,128,C,repaired,5,9,9,refutation,98592178,57.738,1,
rome,rome/rome/grafo10112.98.graphml,98,137,C,repaired,6,10,10,,209686528,120.012,1,
rome,rome/rome/grafo10113.94.graphml,94,139,C,repaired,8,13,13,,279515136,120.009,1,
rome,rome/rome/grafo10116.100.graphml,100,149,C,repaired,7,11,11,,186691584,120.012,1,
rome,rome/rome/grafo10117.98.graphml,98,125,C,repaired,6,9,9,,262586368,120.013,1,
rome,rome/rome/grafo10124.100.graphml,100,139,C,repaired,7,11,11,,199254016,120.013,1,
rome,rome/rome/grafo10123.96.graphml,96,130,C,repaired,6,9,9,,242774016,120.014,1,
rome,rome/rome/grafo10129.99.graphml,99,135,C,repaired,6,11,10,,176216019,120.016,1,
rome,rome/rome/grafo10131.98.graphml,98,126,C,repaired,6,9,9,,302030848,120.012,1,
rome,rome/rome/grafo10126.98.graphml,98,144,C,repaired,7,11,11,,246673408,120.013,1,
rome,rome/rome/grafo10130.97.graphml,97,138,C,repaired,6,10,10,,187019264,120.016,1,
rome,rome/rome/grafo10147.94.graphml,94,132,C,repaired,7,12,11,,227516481,120.03,1,
rome,rome/rome/grafo10149.95.graphml,95,134,C,repaired,7,11,11,,241561600,120.014,1,
rome,rome/rome/grafo10151.94.graphml,94,140,C,repaired,6,11,11,,248393728,120.009,1,
rome,rome/rome/grafo10162.93.graphml,93,137,C,repaired,7,10,9,refutation,42916183,31.368,1,
rome,rome/rome/grafo10153.100.graphml,100,136,C,repaired,6,9,9,,189894656,120.009,1,
rome,rome/rome/grafo10154.94.graphml,94,132,C,repaired,7,10,10,,193306624,120.012,1,
rome,rome/rome/grafo10155.97.graphml,97,129,C,repaired,6,10,9,,273056321,120.008,1,
rome,rome/rome/grafo10166.98.graphml,98,133,C,repaired,7,10,9,refutation,122094581,73.965,1,
rome,rome/rome/grafo10156.97.graphml,97,148,C,repaired,7,13,12,,169403815,120.01,1,
rome,rome/rome/grafo10180.98.graphml,98,132,C,repaired,6,10,9,refutation,108512917,68.298,1,
rome,rome/rome/grafo10160.96.graphml,96,138,C,repaired,6,11,11,,239915008,120.008,1,
rome,rome/rome/grafo10201.93.graphml,93,123,C,repaired,6,9,8,refutation,29976968,21.465,1,
rome,rome/rome/grafo10161.99.graphml,99,148,C,repaired,8,11,10,,177364703,120.013,1,
rome,rome/rome/grafo10164.98.graphml,98,137,C,repaired,6,11,10,,212910221,120.009,1,
rome,rome/rome/grafo10168.95.graphml,95,122,C,repaired,5,9,9,,244514816,120.015,1,
rome,rome/rome/grafo10170.96.graphml,96,127,C,repaired,6,9,9,,276008960,120.014,1,
rome,rome/rome/grafo10171.99.graphml,99,140,C,repaired,7,13,12,,179842544,120.015,1,
rome,rome/rome/grafo10176.97.graphml,97,142,C,repaired,6,11,10,,230543524,120.016,1,
rome,rome/rome/grafo10175.99.graphml,99,143,C,repaired,7,11,11,,217112576,120.014,1,
rome,rome/rome/grafo10173.97.graphml,97,142,C,repaired,6,11,10,,211091818,120.012,1,
rome,rome/rome/grafo10217.99.graphml,99,133,C,repaired,6,10,9,refutation,25621247,14.94,1,
rome,rome/rome/grafo10179.97.graphml,97,143,C,repaired,7,11,11,,255737856,120.011,1,
rome,rome/rome/grafo10183.100.graphml,100,132,C,repaired,6,9,9,,203182080,120.012,1,
rome,rome/rome/grafo10202.92.graphml,92,131,C,repaired,6,10,10,refutation,108619540,63.242,1,
rome,rome/rome/grafo10197.96.graphml,96,135,C,repaired,7,10,10,refutation,155119199,92.283,1,
rome,rome/rome/grafo10184.100.graphml,100,140,C,repaired,7,11,10,,181751244,120.009,1,
rome,rome/rome/grafo10195.99.graphml,99,142,C,repaired,7,10,10,,200802304,120.011,1,
rome,rome/rome/grafo10219.99.graphml,99,128,C,repaired,6,9,9,refutation,88723593,58.576,1,
rome,rome/rome/grafo10224.95.graphml,95,133,C,repaired,7,10,9,refutation,65252813,33.668,1,
rome,rome/rome/grafo10228.95.graphml,95,132,C,repaired,7,10,9,refutation,46989072,25.246,1,
rome,rome/rome/grafo10203.97.graphml,97,141,C,repaired,7,12,11,,193670576,120.008,1,
rome,rome/rome/grafo10227.96.graphml,96,128,C,repaired,6,9,8,refutation,53356667,36.447,1,
rome,rome/rome/grafo10204.100.graphml,100,148,C,repaired,7,12,11,,220627052,120.012,1,
rome,rome/rome/grafo10205.97.graphml,97,141,C,repaired,8,11,11,,260001792,120.009,1,
rome,rome/rome/grafo10207.98.graphml,98,137,C,repaired,6,11,11,,212647936,120.013,1,
rome,rome/rome/grafo10209.99.graphml,99,145,C,repaired,7,11,10,,216768257,120.012,1,
rome,rome/rome/grafo10212.97.graphml,97,126,C,repaired,6,10,9,,253555641,120.013,1,
rome,rome/rome/grafo10213.99.graphml,99,132,C,repaired,6,11,10,,200369078,120.014,1,
rome,rome/rome/grafo10215.93.graphml,93,142,C,repaired,7,12,11,,218283901,120.017,1,
rome,rome/rome/grafo10216.97.graphml,97,128,C,repaired,6,9,9,,258752512,120.014,1,
rome,rome/rome/grafo10218.99.graphml,99,142,C,repaired,7,11,11,,212832256,120.013,1,
rome,rome/rome/grafo10243.95.graphml,95,133,C,repaired,6,10,9,refutation,19323868,15.424,1,
rome,rome/rome/grafo10247.95.graphml,95,126,C,repaired,5,9,9,refutation,38799179,26.912,1,
rome,rome/rome/grafo10220.97.graphml,97,137,C,repaired,6,10,9,,188850803,120.013,1,
rome,rome/rome/grafo10252.96.graphml,96,134,C,repaired,5,10,9,refutation,35545373,25.868,1,
rome,rome/rome/grafo10222.99.graphml,99,128,C,repaired,5,10,9,,250349438,120.008,1,
rome,rome/rome/grafo10223.100.graphml,100,135,C,repaired,6,10,9,,249147466,120.008,1,
rome,rome/rome/grafo10239.91.graphml,91,123,C,repaired,6,10,9,refutation,90848094,60.085,1,
rome,rome/rome/grafo10225.99.graphml,99,133,C,repaired,6,10,9,,167194924,120.013,1,
rome,rome/rome/grafo10268.97.graphml,97,134,C,repaired,6,10,9,refutation,24592128,20.128,1,
rome,rome/rome/grafo10265.100.graphml,100,137,C,repaired,6,9,9,refutation,123734445,43.997,1,
rome,rome/rome/grafo10261.96.graphml,96,123,C,repaired,5,9,8,refutation,132853807,54.937,1,
rome,rome/rome/grafo10237.100.graphml,100,141,C,repaired,7,12,11,,185686924,120.012,1,
rome,rome/rome/grafo10242.93.graphml,93,121,C,repaired,6,9,9,refutation,209932337,117.854,1,
rome,rome/rome/grafo10240.97.graphml,97,134,C,repaired,6,10,10,,203251712,120.011,1,
rome,rome/rome/grafo10250.100.graphml,100,138,C,repaired,6,9,9,refutation,231749375,118.301,1,
rome,rome/rome/grafo10244.99.graphml,99,141,C,repaired,7,11,10,,248572852,120.009,1,
rome,rome/rome/grafo10245.92.graphml,92,135,C,repaired,6,12,12,,230002688,120.012,1,
rome,rome/rome/grafo10246.96.graphml,96,133,C,repaired,6,10,9,,211584212,120.011,1,
rome,rome/rome/grafo10249.94.graphml,94,130,C,repaired,6,10,10,,250691584,120.012,1,
rome,rome/rome/grafo10283.92.graphml,92,131,C,repaired,7,9,9,refutation,17453466,11.057,1,
rome,rome/rome/grafo10255.93.graphml,93,125,C,repaired,6,10,9,,227334645,120.012,1,
rome,rome/rome/grafo10259.100.graphml,100,141,C,repaired,7,10,10,,256602112,120.008,1,
rome,rome/rome/grafo10260.98.graphml,98,130,C,repaired,6,9,9,,343015424,120.008,1,
rome,rome/rome/grafo10262.100.graphml,100,136,C,repaired,7,10,9,,252667710,120.011,1,
rome,rome/rome/grafo10266.94.graphml,94,140,C,repaired,7,12,11,,172152416,120.013,1,
rome,rome/rome/grafo10269.99.graphml,99,138,C,repaired,6,11,9,,210726517,120.011,1,
rome,rome/rome/grafo10291.93.graphml,93,137,C,repaired,7,11,10,refutation,137683350,79.163,1,
rome,rome/rome/grafo10270.93.graphml,93,134,C,repaired,7,12,12,,153649152,120.013,1,
rome,rome/rome/grafo10271.100.graphml,100,132,C,repaired,6,10,9,,260657745,120.008,1,
rome,rome/rome/grafo10273.97.graphml,97,136,C,repaired,7,10,10,,178868224,120.012,1,
rome,rome/rome/grafo10274.99.graphml,99,132,C,repaired,6,10,9,,261762560,120.013,1,
rome,rome/rome/grafo10275.97.graphml,97,147,C,repaired,7,12,11,,155537070,120.012,1,
rome,rome/rome/grafo10288.95.graphml,95,140,C,repaired,7,11,11,,296488960,120.011,1,
rome,rome/rome/grafo10292.100.graphml,100,140,C,repaired,7,11,11,,190160896,120.011,1,
rome,rome/rome/grafo10295.95.graphml,95,131,C,repaired,6,11,10,,242965958,120.012,1,
rome,rome/rome/grafo10302.96.graphml,96,130,C,repaired,6,10,9,refutation,135785000,74.877,1,
rome,rome/rome/grafo10314.96.graphml,96,124,C,repaired,6,9,8,refutation,25201193,18.556,1,
rome,rome/rome/grafo10296.100.graphml,100,130,C,repaired,6,10,9,,165508438,120.011,1,
rome,rome/rome/grafo10297.98.graphml,98,142,C,repaired,7,12,11,,308749404,120.009,1,
rome,rome/rome/grafo10298.97.graphml,97,143,C,repaired,7,11,10,,283715959,120.011,1,
rome,rome/rome/grafo10330.96.graphml,96,124,C,repaired,5,9,8,refutation,16596446,11.811,1,
rome,rome/rome/grafo10299.94.graphml,94,132,C,repaired,7,10,9,,174351302,120.012,1,
rome,rome/rome/grafo10301.94.graphml,94,133,C,repaired,7,11,11,,187478016,120.011,1,
rome,rome/rome/grafo10318.98.graphml,98,137,C,repaired,6,11,10,refutation,71568674,55.376,1,
rome,rome/rome/grafo10303.96.graphml,96,142,C,repaired,8,11,10,refutation,153768485,95.52,1,
rome,rome/rome/grafo10345.95.graphml,95,130,C,repaired,7,10,9,refutation,23148120,15.784,1,
rome,rome/rome/grafo10305.100.graphml,100,140,C,repaired,7,10,9,,270639437,120.008,1,
rome,rome/rome/grafo10329.97.graphml,97,135,C,repaired,7,10,9,refutation,126337496,78.033,1,
rome,rome/rome/grafo10308.96.graphml,96,125,C,repaired,6,10,9,,273682643,120.008,1,
rome,rome/rome/grafo10309.94.graphml,94,132,C,repaired,6,10,10,,304500736,120.011,1,
rome,rome/rome/grafo10316.100.graphml,100,134,C,repaired,6,10,9,,215814221,120.012,1,
rome,rome/rome/grafo10321.97.graphml,97,134,C,repaired,6,11,11,,257097728,120.011,1,
rome,rome/rome/grafo10322.97.graphml,97,133,C,repaired,6,10,10,,298332160,120.012,1,
rome,rome/rome/grafo10323.97.graphml,97,128,C,repaired,5,10,9,,202195123,120.012,1,
rome,rome/rome/grafo10325.96.graphml,96,141,C,repaired,7,13,12,,255255427,120.009,1,
rome,rome/rome/grafo10327.97.graphml,97,140,C,repaired,7,12,11,,179098169,120.012,1,
rome,rome/rome/grafo10357.94.graphml,94,126,C,repaired,5,9,8,refutation,28576265,20.529,1,
rome,rome/rome/grafo10363.98.graphml,98,125,C,repaired,6,9,8,refutation,30689933,20.232,1,
rome,rome/rome/grafo10331.100.graphml,100,134,C,repaired,6,9,9,,175493120,120.012,1,
rome,rome/rome/grafo10332.94.graphml,94,128,C,repaired,6,10,10,,273063936,120.011,1,
rome,rome/rome/grafo10339.95.graphml,95,138,C,repaired,7,12,12,,165904384,120.008,1,
rome,rome/rome/grafo10366.99.graphml,99,134,C,repaired,6,10,9,refutation,24865294,17.842,1,
rome,rome/rome/grafo10346.97.graphml,97,137,C,repaired,7,12,11,,169111618,120.013,1,
rome,rome/rome/grafo10348.99.graphml,99,131,C,repaired,6,11,9,refutation,185939259,114.512,1,
rome,rome/rome/grafo10365.97.graphml,97,137,C,repaired,7,10,9,refutation,69830326,42.361,1,
rome,rome/rome/grafo10350.96.graphml,96,125,C,repaired,5,9,9,,197922816,120.011,1,
rome,rome/rome/grafo10372.100.graphml,100,127,C,repaired,5,9,8,refutation,23542840,16.548,1,
rome,rome/rome/grafo10367.96.graphml,96,129,C,repaired,6,10,9,refutation,47583957,34.821,1,
rome,rome/rome/grafo10351.97.graphml,97,140,C,repaired,7,11,10,,268116041,120.007,1,
rome,rome/rome/grafo10353.99.graphml,99,140,C,repaired,7,11,10,,193394701,120.011,1,
rome,rome/rome/grafo10354.99.graphml,99,150,C,repaired,7,11,11,,253632512,120.009,1,
rome,rome/rome/grafo10355.94.graphml,94,119,C,repaired,5,8,8,,318644224,120.007,1,
rome,rome/rome/grafo10389.94.graphml,94,131,C,repaired,6,10,9,refutation,45271557,21.947,1,
rome,rome/rome/grafo10358.95.graphml,95,135,C,repaired,6,10,10,,187547648,120.012,1,
rome,rome/rome/grafo10359.95.graphml,95,139,C,repaired,7,13,12,,183557035,120.012,1,
rome,rome/rome/grafo10361.97.graphml,97,132,C,repaired,6,10,10,,213577728,120.012,1,
rome,rome/rome/grafo10362.94.graphml,94,136,C,repaired,6,10,9,,206512487,120.008,1,
rome,rome/rome/grafo10370.98.graphml,98,127,C,repaired,5,10,9,refutation,124080099,88.62,1,
rome,rome/rome/grafo10369.100.graphml,100,138,C,repaired,7,11,11,,220078080,120.009,1,
rome,rome/rome/grafo10377.94.graphml,94,129,C,repaired,6,11,10,,247863357,120.01,1,
rome,rome/rome/grafo10380.98.graphml,98,135,C,repaired,7,12,11,,235890359,120.011,1,
rome,rome/rome/grafo10381.99.graphml,99,128,C,repaired,6,10,9,,267352277,120.009,1,
rome,rome/rome/grafo10382.94.graphml,94,139,C,repaired,7,12,11,,183468150,120.012,1,
rome,rome/rome/grafo10383.99.graphml,99,136,C,repaired,6,11,10,,232218151,120.013,1,
rome,rome/rome/grafo10385.94.graphml,94,128,C,repaired,6,11,10,,284029015,120.009,1,
rome,rome/rome/grafo10412.94.graphml,94,126,C,repaired,7,10,9,refutation,96219339,42.76,1,
rome,rome/rome/grafo10386.99.graphml,99,132,C,repaired,6,9,9,,349904896,120.008,1,
rome,rome/rome/grafo10388.95.graphml,95,136,C,repaired,7,11,10,,215969985,120.008,1,
rome,rome/rome/grafo10391.94.graphml,94,129,C,repaired,6,10,9,refutation,219509109,118.138,1,
rome,rome/rome/grafo10392.94.graphml,94,132,C,repaired,6,10,10,refutation,162585654,110.4,1,
rome,rome/rome/grafo10419.91.graphml,91,132,C,repaired,7,10,10,refutation,69707110,46.289,1,
rome,rome/rome/grafo10393.96.graphml,96,139,C,repaired,7,11,10,,230240496,120.009,1,
rome,rome/rome/grafo10404.97.graphml,97,130,C,repaired,6,11,10,,257019174,120.009,1,
rome,rome/rome/grafo10405.97.graphml,97,145,C,repaired,7,12,12,,239869952,120.013,1,
rome,rome/rome/grafo10409.96.graphml,96,138,C,repaired,7,11,10,,173000964,120.01,1,
rome,rome/rome/grafo10411.98.graphml,98,130,C,repaired,6,10,9,,287953414,120.009,1,
rome,rome/rome/grafo10435.96.graphml,96,123,C,repaired,5,9,8,refutation,31898938,22.053,1,
rome,rome/rome/grafo10437.97.graphml,97,124,C,repaired,6,9,8,refutation,27025720,17.526,1,
rome,rome/rome/grafo10413.93.graphml,93,129,C,repaired,7,11,10,,273347742,120.009,1,
rome,rome/rome/grafo10414.98.graphml,98,132,C,repaired,6,11,10,,247025714,120.008,1,
rome,rome/rome/grafo10415.94.graphml,94,132,C,repaired,6,10,10,,267042816,120.008,1,
rome,rome/rome/grafo10416.96.graphml,96,138,C,repaired,6,11,11,,292343808,120.009,1,
rome,rome/rome/grafo10418.100.graphml,100,141,C,repaired,6,12,12,,268079104,120.009,1,
rome,rome/rome/grafo10426.100.graphml,100,138,C,repaired,7,10,9,refutation,161287080,88.727,1,
rome,rome/rome/grafo10420.97.graphml,97,148,C,repaired,7,12,11,,183963466,120.009,1,
rome,rome/rome/grafo10421.99.graphml,99,139,C,repaired,6,10,9,,243869887,120.009,1,
rome,rome/rome/grafo10447.99.graphml,99,129,C,repaired,5,8,8,refutation,62048871,25.581,1,
rome,rome/rome/grafo10422.97.graphml,97,132,C,repaired,7,11,10,,241596138,120.012,1,
rome,rome/rome/grafo10427.95.graphml,95,126,C,repaired,6,10,9,,230606947,120.008,1,
rome,rome/rome/grafo10429.100.graphml,100,132,C,repaired,6,9,9,,256266240,120.009,1,
rome,rome/rome/grafo10432.99.graphml,99,146,C,repaired,7,12,11,,273688753,120.008,1,
rome,rome/rome/grafo10433.97.graphml,97,128,C,repaired,6,9,9,,311459840,120.011,1,
rome,rome/rome/grafo10434.98.graphml,98,140,C,repaired,6,10,9,,233124439,120.01,1,
rome,rome/rome/grafo10436.95.graphml,95,145,C,repaired,7,13,12,,207580232,120.012,1,
rome,rome/rome/grafo10444.100.graphml,100,136,C,repaired,6,10,9,refutation,138447505,92.888,1,
rome,rome/rome/grafo10475.98.graphml,98,125,C,repaired,6,9,8,refutation,32728206,20.426,1,
rome,rome/rome/grafo10438.97.graphml,97,128,C,repaired,5,10,9,,232608231,120.01,1,
rome,rome/rome/grafo10441.98.graphml,98,137,C,repaired,6,11,10,,433484022,120.012,1,
rome,rome/rome/grafo10445.94.graphml,94,140,C,repaired,7,12,12,,175702016,120.009,1,
rome,rome/rome/grafo10480.95.graphml,95,124,C,repaired,6,9,8,refutation,44261247,28.062,1,
rome,rome/rome/grafo10446.95.graphml,95,153,C,repaired,8,14,13,,242374314,120.008,1,
rome,rome/rome/grafo10449.96.graphml,96,126,C,repaired,5,10,9,,262810984,120.009,1,
rome,rome/rome/grafo10451.95.graphml,95,132,C,repaired,6,10,10,,239579136,120.011,1,
rome,rome/rome/grafo10452.94.graphml,94,138,C,repaired,7,11,10,,190040670,120.011,1,
rome,rome/rome/grafo10453.97.graphml,97,136,C,repaired,7,11,10,,261366214,120.008,1,
rome,rome/rome/grafo10465.96.graphml,96,129,C,repaired,6,10,9,,282911744,120.011,1,
rome,rome/rome/grafo10467.100.graphml,100,138,C,repaired,7,11,10,,185428585,120.008,1,
rome,rome/rome/grafo10469.100.graphml,100,148,C,repaired,7,12,12,,256897024,120.009,1,
rome,rome/rome/grafo10470.92.graphml,92,135,C,repaired,6,12,11,,336078735,120.008,1,
rome,rome/rome/grafo10473.95.graphml,95,125,C,repaired,5,9,9,,278691840,120.011,1,
rome,rome/rome/grafo10474.94.graphml,94,142,C,repaired,8,12,12,,309125120,120.011,1,
rome,rome/rome/grafo10495.97.graphml,97,131,C,repaired,7,10,9,refutation,119662593,58.9,1,
rome,rome/rome/grafo10504.100.graphml,100,129,C,repaired,5,8,8,refutation,33135370,14.914,1,
rome,rome/rome/grafo10508.100.graphml,100,143,C,repaired,6,10,9,refutation,32576214,16.166,1,
rome,rome/rome/grafo10479.98.graphml,98,130,C,repaired,6,11,10,,285712613,120.008,1,
rome,rome/rome/grafo10501.96.graphml,96,138,C,repaired,7,10,9,refutation,94678746,41.59,1,
rome,rome/rome/grafo10496.98.graphml,98,137,C,repaired,6,9,9,refutation,91288359,68.299,1,
rome,rome/rome/grafo10484.99.graphml,99,147,C,repaired,6,12,12,,182681600,120.01,1,
rome,rome/rome/grafo10490.99.graphml,99,134,C,repaired,6,10,9,refutation,180768384,110.423,1,
rome,rome/rome/grafo10488.98.graphml,98,145,C,repaired,7,12,12,,220786688,120.008,1,
rome,rome/rome/grafo10489.95.graphml,95,138,C,repaired,6,11,10,,287037797,120.009,1,
rome,rome/rome/grafo10498.99.graphml,99,129,C,repaired,6,9,9,refutation,240455670,88.706,1,
rome,rome/rome/grafo10491.97.graphml,97,137,C,repaired,6,10,10,,396505088,120.008,1,
rome,rome/rome/grafo10492.96.graphml,96,153,C,repaired,7,13,12,,230400468,120.009,1,
rome,rome/rome/grafo10530.100.graphml,100,130,C,repaired,5,9,8,refutation,13492281,11.123,1,
rome,rome/rome/grafo10520.99.graphml,99,131,C,repaired,6,9,8,refutation,71970082,44.981,1,
rome,rome/rome/grafo10526.97.graphml,97,133,C,repaired,6,9,9,refutation,67712605,36.348,1,
rome,rome/rome/grafo10532.99.graphml,99,135,C,repaired,7,10,9,refutation,56556465,26.304,1,
rome,rome/rome/grafo10497.95.graphml,95,125,C,repaired,5,9,9,,375709696,120.008,1,
rome,rome/rome/grafo10516.94.graphml,94,138,C,repaired,7,11,10,refutation,167048306,79.608,1,
rome,rome/rome/grafo10540.97.graphml,97,121,C,repaired,5,9,8,refutation,26184275,13.059,1,
rome,rome/rome/grafo10502.91.graphml,91,136,C,repaired,7,12,11,,245955920,120.009,1,
rome,rome/rome/grafo10546.98.graphml,98,126,C,repaired,6,9,8,refutation,31372550,13.303,1,
rome,rome/rome/grafo10538.100.graphml,100,141,C,repaired,7,10,9,refutation,48224738,38.151,1,
rome,rome/rome/grafo10506.98.graphml,98,134,C,repaired,6,9,9,,379420672,120.008,1,
rome,rome/rome/grafo10517.93.graphml,93,133,C,repaired,6,10,10,,270688256,120.008,1,
rome,rome/rome/grafo10518.94.graphml,94,133,C,repaired,6,12,12,,272908288,120.009,1,
rome,rome/rome/grafo10519.98.graphml,98,130,C,repaired,6,9,9,,219766784,120.01,1,
rome,rome/rome/grafo10555.98.graphml,98,130,C,repaired,5,9,8,refutation,21186486,10.716,1,
rome,rome/rome/grafo10522.99.graphml,99,136,C,repaired,7,10,10,,247570432,120.008,1,
rome,rome/rome/grafo10523.97.graphml,97,139,C,repaired,7,11,11,,209833984,120.009,1,
rome,rome/rome/grafo10527.93.graphml,93,133,C,repaired,6,11,11,,291848192,120.008,1,
rome,rome/rome/grafo10528.98.graphml,98,134,C,repaired,7,10,10,,323399680,120.008,1,
rome,rome/rome/grafo10534.100.graphml,100,141,C,repaired,6,11,11,,331870208,120.008,1,
rome,rome/rome/grafo10536.99.graphml,99,142,C,repaired,6,11,11,,262684672,120.009,1,
rome,rome/rome/grafo10537.95.graphml,95,138,C,repaired,7,11,11,,233766912,120.011,1,
rome,rome/rome/grafo10541.93.graphml,93,124,C,repaired,6,10,10,,255762432,120.008,1,
rome,rome/rome/grafo10542.100.graphml,100,133,C,repaired,6,10,9,,260050435,120.008,1,
rome,rome/rome/grafo10547.94.graphml,94,137,C,repaired,7,10,10,refutation,154947389,109.097,1,
rome,rome/rome/grafo10556.100.graphml,100,130,C,repaired,6,9,9,refutation,212299800,94.497,1,
rome,rome/rome/grafo10548.94.graphml,94,134,C,repaired,7,11,11,,317001728,120.007,1,
rome,rome/rome/grafo10577.100.graphml,100,135,C,repaired,6,10,9,refutation,83412209,51.415,1,
rome,rome/rome/grafo10549.99.graphml,99,140,C,repaired,6,11,10,,276967930,120.009,1,
rome,rome/rome/grafo10552.96.graphml,96,144,C,repaired,7,12,12,,312832000,120.011,1,
rome,rome/rome/grafo10574.94.graphml,94,128,C,repaired,7,10,9,refutation,159898365,80.874,1,
rome,rome/rome/grafo10594.94.graphml,94,132,C,repaired,6,10,9,refutation,14008321,11.97,1,
rome,rome/rome/grafo10557.98.graphml,98,129,C,repaired,6,10,9,,204675289,120.012,1,
rome,rome/rome/grafo10559.98.graphml,98,131,C,repaired,6,10,9,,200133967,120.01,1,
rome,rome/rome/grafo10560.95.graphml,95,137,C,repaired,7,11,11,,261611520,120.011,1,
rome,rome/rome/grafo10572.92.graphml,92,133,C,repaired,7,12,11,,246546496,120.008,1,
rome,rome/rome/grafo10589.93.graphml,93,136,C,repaired,7,10,10,refutation,88677784,58.378,1,
rome,rome/rome/grafo10575.99.graphml,99,137,C,repaired,6,10,9,,234954411,120.011,1,
rome,rome/rome/grafo10578.96.graphml,96,139,C,repaired,6,11,11,,243064832,120.011,1,
rome,rome/rome/grafo10580.98.graphml,98,134,C,repaired,6,10,10,,253079552,120.008,1,
rome,rome/rome/grafo10623.98.graphml,98,130,C,repaired,5,10,9,refutation,46887034,24.326,1,
rome,rome/rome/grafo10582.94.graphml,94,126,C,repaired,6,9,9,,251871232,120.01,1,
rome,rome/rome/grafo10585.93.graphml,93,135,C,repaired,6,10,9,,225900181,120.011,1,
rome,rome/rome/grafo10627.96.graphml,96,133,C,repaired,6,10,9,refutation,24718973,18.467,1,
rome,rome/rome/grafo10586.100.graphml,100,137,C,repaired,6,10,10,,195477504,120.013,1,
rome,rome/rome/grafo10592.98.graphml,98,140,C,repaired,7,10,9,,248969992,120.008,1,
rome,rome/rome/grafo10593.98.graphml,98,130,C,repaired,6,10,9,,185523569,120.01,1,
rome,rome/rome/grafo10596.99.graphml,99,140,C,repaired,7,12,11,,153293097,120.012,1,
rome,rome/rome/grafo10600.93.graphml,93,132,C,repaired,7,10,10,,223997952,120.012,1,
rome,rome/rome/grafo10603.100.graphml,100,136,C,repaired,6,10,9,,231113527,120.008,1,
rome,rome/rome/grafo10614.92.graphml,92,129,C,repaired,7,11,10,refutation,142110137,86.615,1,
rome,rome/rome/grafo10605.99.graphml,99,127,C,repaired,6,9,9,,249442304,120.009,1,
rome,rome/rome/grafo10608.93.graphml,93,138,C,repaired,8,12,11,,195619685,120.012,1,
rome,rome/rome/grafo10609.100.graphml,100,132,C,repaired,6,10,9,,209023194,120.01,1,
rome,rome/rome/grafo10640.94.graphml,94,122,C,repaired,6,9,8,refutation,13832549,7.614,1,
rome,rome/rome/grafo10629.100.graphml,100,131,C,repaired,6,9,9,refutation,122890234,72.311,1,
rome,rome/rome/grafo10610.95.graphml,95,131,C,repaired,7,11,10,,254292398,120.008,1,
rome,rome/rome/grafo10639.91.graphml,91,120,C,repaired,6,10,9,refutation,54202555,27.584,1,
rome,rome/rome/grafo10624.91.graphml,91,138,C,repaired,7,12,11,,179372161,120.011,1,
rome,rome/rome/grafo10626.100.graphml,100,139,C,repaired,6,11,10,,207372103,120.012,1,
rome,rome/rome/grafo10630.94.graphml,94,142,C,repaired,7,11,10,,293051132,120.008,1,
rome,rome/rome/grafo10643.94.graphml,94,118,C,repaired,5,9,8,refutation,131028926,67.76,1,
rome,rome/rome/grafo10631.98.graphml,98,132,C,repaired,6,10,9,,237364271,120.009,1,
rome,rome/rome/grafo10632.100.graphml,100,147,C,repaired,7,12,12,,169050112,120.014,1,
rome,rome/rome/grafo10642.90.graphml,90,118,C,repaired,6,10,9,refutation,122105057,81.478,1,
rome,rome/rome/grafo10633.100.graphml,100,138,C,repaired,6,11,10,,211899240,120.01,1,
rome,rome/rome/grafo10634.96.graphml,96,137,C,repaired,6,11,10,,186503585,120.013,1,
rome,rome/rome/grafo10635.95.graphml,95,137,C,repaired,7,12,12,,196562944,120.013,1,
rome,rome/rome/grafo10637.94.graphml,94,139,C,repaired,7,12,11,,192756872,120.01,1,
rome,rome/rome/grafo10638.100.graphml,100,141,C,repaired,7,11,11,,188829696,120.012,1,
rome,rome/rome/grafo10644.100.graphml,100,145,C,repaired,7,12,11,,212956221,120.012,1,
rome,rome/rome/grafo10645.95.graphml,95,124,C,repaired,6,9,9,,194088960,120.011,1,
rome,rome/rome/grafo10671.100.graphml,100,144,C,repaired,7,10,9,refutation,37472817,31.374,1,
rome,rome/rome/grafo10646.100.graphml,100,154,C,repaired,8,14,13,,155372386,120.012,1,
rome,rome/rome/grafo10647.98.graphml,98,132,C,repaired,6,10,10,,177827840,120.011,1,
rome,rome/rome/grafo10648.98.graphml,98,145,C,repaired,7,13,12,,244748359,120.01,1,
rome,rome/rome/grafo10649.95.graphml,95,125,C,repaired,6,10,9,,215445180,120.01,1,
rome,rome/rome/grafo10674.99.graphml,99,145,C,repaired,6,11,9,refutation,86462002,49.09,1,
rome,rome/rome/grafo10650.98.graphml,98,141,C,repaired,7,11,10,,207462185,120.012,1,
rome,rome/rome/grafo10652.100.graphml,100,141,C,repaired,6,11,11,,261521408,120.009,1,
rome,rome/rome/grafo10653.100.graphml,100,141,C,repaired,6,10,10,,202379264,120.011,1,
rome,rome/rome/grafo10654.96.graphml,96,129,C,repaired,6,9,9,,226705408,120.011,1,
rome,rome/rome/grafo10661.95.graphml,95,128,C,repaired,6,10,10,,217468928,120.012,1,
rome,rome/rome/grafo10662.100.graphml,100,136,C,repaired,6,10,9,,304584814,120.008,1,
rome,rome/rome/grafo10663.99.graphml,99,137,C,repaired,6,11,10,,189604046,120.012,1,
rome,rome/rome/grafo10693.98.graphml,98,150,C,repaired,7,11,10,refutation,30354114,22.716,1,
rome,rome/rome/grafo10669.93.graphml,93,130,C,repaired,6,10,9,,241311830,120.013,1,
rome,rome/rome/grafo10681.93.graphml,93,124,C,repaired,6,9,9,refutation,118154734,59.946,1,
rome,rome/rome/grafo10676.100.graphml,100,136,C,repaired,6,9,9,refutation,155047286,84.629,1,
rome,rome/rome/grafo10670.100.graphml,100,136,C,repaired,7,11,10,,225100445,120.009,1,
rome,rome/rome/grafo10672.98.graphml,98,132,C,repaired,6,10,9,,207833477,120.011,1,
rome,rome/rome/grafo10689.98.graphml,98,140,C,repaired,6,10,9,refutation,136228593,65.774,1,
rome,rome/rome/grafo10675.95.graphml,95,131,C,repaired,6,10,9,,247446474,120.009,1,
rome,rome/rome/grafo10680.95.graphml,95,126,C,repaired,6,10,9,,274030928,120.008,1,
rome,rome/rome/grafo10709.98.graphml,98,134,C,repaired,6,9,9,refutation,74912891,55.778,1,
rome,rome/rome/grafo10685.98.graphml,98,144,C,repaired,7,13,12,,280232026,120.009,1,
rome,rome/rome/grafo10716.97.graphml,97,127,C,repaired,5,9,9,refutation,63562565,42.234,1,
rome,rome/rome/grafo10717.96.graphml,96,127,C,repaired,6,9,8,refutation,141344261,50.998,1,
rome,rome/rome/grafo10688.95.graphml,95,137,C,repaired,7,10,10,,263057408,120.01,1,
rome,rome/rome/grafo10694.96.graphml,96,137,C,repaired,7,11,11,,217133056,120.009,1,
rome,rome/rome/grafo10695.98.graphml,98,138,C,repaired,7,11,11,,232374272,120.008,1,
rome,rome/rome/grafo10696.99.graphml,99,138,C,repaired,7,10,10,,251236352,120.011,1,
rome,rome/rome/grafo10698.95.graphml,95,137,C,repaired,7,11,10,,228707120,120.009,1,
rome,rome/rome/grafo10700.98.graphml,98,139,C,repaired,7,11,10,,182478166,120.009,1,
rome,rome/rome/grafo10705.97.graphml,97,133,C,repaired,6,10,9,,238360679,120.012,1,
rome,rome/rome/grafo10719.96.graphml,96,133,C,repaired,6,10,9,refutation,136590546,82.482,1,
rome,rome/rome/grafo10712.98.graphml,98,141,C,repaired,6,11,10,,224019274,120.011,1,
rome,rome/rome/grafo10713.92.graphml,92,136,C,repaired,6,11,11,,253210624,120.008,1,
rome,rome/rome/grafo10714.99.graphml,99,137,C,repaired,6,11,11,,261382144,120.013,1,
rome,rome/rome/grafo10725.99.graphml,99,129,C,repaired,6,9,8,refutation,190397737,74.005,1,
rome,rome/rome/grafo10757.96.graphml,96,134,C,repaired,6,10,9,refutation,31467200,22.683,1,
rome,rome/rome/grafo10720.96.graphml,96,127,C,repaired,5,10,9,,255899521,120.012,1,
rome,rome/rome/grafo10722.96.graphml,96,139,C,repaired,7,11,11,,179830784,120.011,1,
rome,rome/rome/grafo10744.96.graphml,96,129,C,repaired,6,10,9,refutation,116831377,62.023,1,
rome,rome/rome/grafo10763.92.graphml,92,129,C,repaired,6,10,9,refutation,26717436,20.21,1,
rome,rome/rome/grafo10726.99.graphml,99,140,C,repaired,6,10,10,,213393408,120.013,1,
rome,rome/rome/grafo10774.93.graphml,93,127,C,repaired,6,10,9,refutation,43688856,23.353,1,
rome,rome/rome/grafo10727.94.graphml,94,131,C,repaired,6,11,11,,231686144,120.008,1,
rome,rome/rome/grafo10735.99.graphml,99,136,C,repaired,7,10,10,,209141760,120.011,1,
rome,rome/rome/grafo10737.99.graphml,99,142,C,repaired,7,12,12,,199335936,120.013,1,
rome,rome/rome/grafo10738.96.graphml,96,124,C,repaired,6,9,9,,255148032,120.012,1,
rome,rome/rome/grafo10759.96.graphml,96,122,C,repaired,5,8,8,refutation,251491856,95.534,1,
rome,rome/rome/grafo10741.92.graphml,92,132,C,repaired,6,11,10,,207265875,120.014,1,
rome,rome/rome/grafo10742.99.graphml,99,130,C,repaired,6,10,9,,196931699,120.008,1,
rome,rome/rome/grafo10750.100.graphml,100,135,C,repaired,7,10,10,,204857344,120.009,1,
rome,rome/rome/grafo10758.96.graphml,96,142,C,repaired,7,11,11,,267821056,120.012,1,
rome,rome/rome/grafo10760.96.graphml,96,145,C,repaired,8,12,12,,209715200,120.011,1,
rome,rome/rome/grafo10761.95.graphml,95,117,C,repaired,5,9,9,,200286208,120.013,1,
rome,rome/rome/grafo10790.98.graphml,98,125,C,repaired,5,8,8,refutation,63643142,39.144,1,
rome,rome/rome/grafo10762.99.graphml,99,133,C,repaired,6,10,9,,211239269,120.012,1,
rome,rome/rome/grafo10794.100.graphml,100,130,C,repaired,5,9,8,refutation,30781796,21.907,1,
rome,rome/rome/grafo10782.95.graphml,95,127,C,repaired,6,10,9,refutation,180131953,73.174,1,
rome,rome/rome/grafo10793.95.graphml,95,135,C,repaired,6,9,9,refutation,79332962,46.077,1,
rome,rome/rome/grafo10772.100.graphml,100,156,C,repaired,7,13,12,,194393070,120.012,1,
rome,rome/rome/grafo10777.100.graphml,100,133,C,repaired,6,10,9,,198826486,120.008,1,
rome,rome/rome/grafo10778.100.graphml,100,128,C,repaired,5,10,9,,179866798,120.008,1,
rome,rome/rome/grafo10780.99.graphml,99,149,C,repaired,7,12,12,,257306624,120.009,1,
rome,rome/rome/grafo10781.100.graphml,100,142,C,repaired,7,12,11,,247439535,120.012,1,
rome,rome/rome/grafo10785.94.graphml,94,134,C,repaired,6,10,9,refutation,203576000,109.767,1,
rome,rome/rome/grafo10788.98.graphml,98,132,C,repaired,5,10,9,,212746358,120.011,1,
rome,rome/rome/grafo10789.91.graphml,91,133,C,repaired,7,11,11,,213995520,120.008,1,
rome,rome/rome/grafo10792.98.graphml,98,137,C,repaired,6,11,11,,181956608,120.013,1,
rome,rome/rome/grafo10830.92.graphml,92,129,C,repaired,6,9,9,refutation,15251759,12.279,1,
rome,rome/rome/grafo10805.98.graphml,98,135,C,repaired,7,10,10,,199077888,120.013,1,
rome,rome/rome/grafo10820.100.graphml,100,141,C,repaired,6,10,9,refutation,81115781,60.047,1,
rome,rome/rome/grafo10823.96.graphml,96,129,C,repaired,6,10,9,refutation,74732630,45.474,1,
rome,rome/rome/grafo10819.95.graphml,95,122,C,repaired,6,10,9,refutation,115241406,71.47,1,
rome,rome/rome/grafo10806.97.graphml,97,139,C,repaired,7,11,11,,209534976,120.013,1,
rome,rome/rome/grafo10826.93.graphml,93,125,C,repaired,6,10,9,refutation,60512465,40.575,1,
rome,rome/rome/grafo10807.95.graphml,95,140,C,repaired,7,11,10,,192062263,120.013,1,
rome,rome/rome/grafo10808.98.graphml,98,136,C,repaired,7,11,10,,202899003,120.013,1,
rome,rome/rome/grafo10809.99.graphml,99,131,C,repaired,6,10,10,,278687744,120.008,1,
rome,rome/rome/grafo10810.97.graphml,97,144,C,repaired,7,12,11,,188424261,120.008,1,
rome,rome/rome/grafo10811.96.graphml,96,142,C,repaired,7,11,11,,232099840,120.014,1,
rome,rome/rome/grafo10814.98.graphml,98,141,C,repaired,7,11,11,,201928704,120.012,1,
rome,rome/rome/grafo10821.96.graphml,96,115,C,repaired,4,8,8,,248004608,120.012,1,
rome,rome/rome/grafo10822.97.graphml,97,134,C,repaired,7,10,10,,225001472,120.008,1,
rome,rome/rome/grafo10825.98.graphml,98,138,C,repaired,7,12,11,,252240147,120.008,1,
rome,rome/rome/grafo10854.99.graphml,99,135,C,repaired,6,10,8,refutation,140945960,81.715,1,
rome,rome/rome/grafo10863.94.graphml,94,126,C,repaired,5,9,9,refutation,51523492,37.562,1,
rome,rome/rome/grafo10831.98.graphml,98,146,C,repaired,7,11,10,,195293293,120.013,1,
rome,rome/rome/grafo10832.94.graphml,94,142,C,repaired,7,12,11,,207584741,120.013,1,
rome,rome/rome/grafo10833.98.graphml,98,132,C,repaired,6,9,9,,238329856,120.012,1,
rome,rome/rome/grafo10834.93.graphml,93,133,C,repaired,7,11,10,,251256408,120.009,1,
rome,rome/rome/grafo10836.97.graphml,97,139,C,repaired,7,11,11,,228904960,120.013,1,
rome,rome/rome/grafo10849.95.graphml,95,138,C,repaired,7,11,11,,226144256,120.011,1,
rome,rome/rome/grafo10851.95.graphml,95,134,C,repaired,6,9,9,,331759616,120.009,1,
rome,rome/rome/grafo10864.99.graphml,99,140,C,repaired,6,10,9,refutation,62057622,46.574,1,
rome,rome/rome/grafo10856.91.graphml,91,119,C,repaired,6,10,9,,233093241,120.011,1,
rome,rome/rome/grafo10857.95.graphml,95,126,C,repaired,6,10,9,,266461242,120.011,1,
rome,rome/rome/grafo10859.97.graphml,97,137,C,repaired,6,11,10,,225722921,120.009,1,
rome,rome/rome/grafo10860.93.graphml,93,138,C,repaired,7,13,12,,197532152,120.009,1,
rome,rome/rome/grafo10861.100.graphml,100,138,C,repaired,6,10,10,,242782208,120.009,1,
rome,rome/rome/grafo10862.98.graphml,98,136,C,repaired,6,11,9,,258052006,120.008,1,
rome,rome/rome/grafo10897.95.graphml,95,121,C,repaired,4,8,8,refutation,34826752,20.42,1,
rome,rome/rome/grafo10865.100.graphml,100,141,C,repaired,7,11,10,,153124251,120.013,1,
rome,rome/rome/grafo10879.92.graphml,92,124,C,repaired,6,10,9,refutation,131698073,90.595,1,
rome,rome/rome/grafo10895.98.graphml,98,130,C,repaired,6,9,9,refutation,108142857,65.514,1,
rome,rome/rome/grafo10866.98.graphml,98,135,C,repaired,6,11,10,,184172424,120.013,1,
rome,rome/rome/grafo10867.95.graphml,95,135,C,repaired,7,11,11,,188137472,120.012,1,
rome,rome/rome/grafo10898.95.graphml,95,136,C,repaired,6,10,9,refutation,34888674,24.81,1,
rome,rome/rome/grafo10894.97.graphml,97,135,C,repaired,6,10,9,refutation,155530301,82.167,1,
rome,rome/rome/grafo10869.96.graphml,96,135,C,repaired,5,11,11,,221777920,120.008,1,
rome,rome/rome/grafo10870.94.graphml,94,129,C,repaired,6,11,10,,200015949,120.008,1,
rome,rome/rome/grafo10873.97.graphml,97,131,C,repaired,7,10,10,,353153024,120.009,1,
rome,rome/rome/grafo10876.98.graphml,98,140,C,repaired,6,11,10,,205455539,120.011,1,
rome,rome/rome/grafo10878.94.graphml,94,138,C,repaired,6,12,11,,186640106,120.011,1,
rome,rome/rome/grafo10882.95.graphml,95,136,C,repaired,7,11,10,,174969044,120.011,1,
rome,rome/rome/grafo10883.93.graphml,93,136,C,repaired,7,11,11,,287313920,120.011,1,
rome,rome/rome/grafo10885.98.graphml,98,124,C,repaired,6,9,9,,231505920,120.013,1,
rome,rome/rome/grafo10893.92.graphml,92,129,C,repaired,6,11,10,,229924503,120.011,1,
rome,rome/rome/grafo10926.99.graphml,99,139,C,repaired,6,10,9,refutation,13654554,11.3,1,
rome,rome/rome/grafo10924.98.graphml,98,129,C,repaired,6,9,8,refutation,144266534,54.453,1,
rome,rome/rome/grafo10929.94.graphml,94,130,C,repaired,7,10,9,refutation,51058456,37.578,1,
rome,rome/rome/grafo10901.94.graphml,94,132,C,repaired,6,10,9,refutation,161331172,97.581,1,
rome,rome/rome/grafo10925.95.graphml,95,127,C,repaired,6,9,9,refutation,128218622,75.284,1,
rome,rome/rome/grafo10900.93.graphml,93,131,C,repaired,6,10,10,,264695808,120.009,1,
rome,rome/rome/grafo10907.99.graphml,99,137,C,repaired,6,9,9,refutation,168596301,115.85,1,
rome,rome/rome/grafo10903.93.graphml,93,134,C,repaired,7,10,10,,286343168,120.009,1,
rome,rome/rome/grafo10904.94.graphml,94,129,C,repaired,6,9,9,,202203136,120.011,1,
rome,rome/rome/grafo10905.97.graphml,97,138,C,repaired,7,11,11,,198643712,120.012,1,
rome,rome/rome/grafo10908.98.graphml,98,135,C,repaired,7,10,10,,195313664,120.012,1,
rome,rome/rome/grafo10911.100.graphml,100,135,C,repaired,6,10,9,,219149762,120.008,1,
rome,rome/rome/grafo10921.97.graphml,97,130,C,repaired,6,9,9,refutation,173704853,105.544,1,
rome,rome/rome/grafo10915.97.graphml,97,134,C,repaired,6,10,10,,237821952,120.012,1,
rome,rome/rome/grafo10918.98.graphml,98,140,C,repaired,7,12,11,,154878251,120.01,1,
rome,rome/rome/grafo10936.98.graphml,98,124,C,repaired,5,9,8,refutation,44893894,29.723,1,
rome,rome/rome/grafo10919.97.graphml,97,136,C,repaired,6,11,11,,246878208,120.012,1,
rome,rome/rome/grafo10933.94.graphml,94,128,C,repaired,7,10,9,refutation,78203703,50.724,1,
rome,rome/rome/grafo10923.97.graphml,97,133,C,repaired,6,10,9,,177164550,120.012,1,
rome,rome/rome/grafo10937.100.graphml,100,136,C,repaired,6,10,9,refutation,126110825,62.791,1,
rome,rome/rome/grafo10944.96.graphml,96,127,C,repaired,6,10,9,refutation,110627269,58.719,1,
rome,rome/rome/grafo10930.100.graphml,100,130,C,repaired,6,9,9,,238415872,120.011,1,
rome,rome/rome/grafo10935.94.graphml,94,127,C,repaired,6,10,10,,250691584,120.011,1,
rome,rome/rome/grafo10943.95.graphml,95,138,C,repaired,6,11,10,,199800496,120.008,1,
rome,rome/rome/grafo10945.98.graphml,98,142,C,repaired,7,11,10,,173433227,120.01,1,
rome,rome/rome/grafo10947.97.graphml,97,128,C,repaired,6,9,9,,236019712,120.013,1,
rome,rome/rome/grafo10955.94.graphml,94,129,C,repaired,5,9,9,refutation,263732941,114.222,1,
rome,rome/rome/grafo10949.95.graphml,95,135,C,repaired,7,11,10,,181350460,120.013,1,
rome,rome/rome/grafo10966.96.graphml,96,132,C,repaired,6,9,9,refutation,109251688,66.152,1,
rome,rome/rome/grafo10950.97.graphml,97,143,C,repaired,6,11,10,,258708065,120.013,1,
rome,rome/rome/grafo10952.96.graphml,96,137,C,repaired,7,11,10,,236972193,120.011,1,
rome,rome/rome/grafo10958.98.graphml,98,154,C,repaired,8,13,13,,178479104,120.009,1,
rome,rome/rome/grafo10959.97.graphml,97,131,C,repaired,6,10,9,,176574536,120.012,1,
rome,rome/rome/grafo10973.94.graphml,94,125,C,repaired,6,9,9,refutation,26803578,14.284,1,
rome,rome/rome/grafo10960.98.graphml,98,131,C,repaired,6,11,11,,271228928,120.01,1,
rome,rome/rome/grafo10962.100.graphml,100,145,C,repaired,7,13,12,,177618403,120.008,1,
rome,rome/rome/grafo10963.97.graphml,97,127,C,repaired,6,10,9,,206410347,120.008,1,
rome,rome/rome/grafo10975.96.graphml,96,128,C,repaired,6,9,9,refutation,44959631,23.898,1,
rome,rome/rome/grafo10998.100.graphml,100,142,C,repaired,6,11,9,refutation,33899007,19.304,1,
rome,rome/rome/grafo10985.96.graphml,96,128,C,repaired,6,10,9,refutation,50421480,30.358,1,
rome,rome/rome/grafo10980.95.graphml,95,121,C,repaired,5,9,8,refutation,60690110,39.985,1,
rome,rome/rome/grafo10965.99.graphml,99,130,C,repaired,5,9,9,,254857216,120.011,1,
rome,rome/rome/grafo10969.98.graphml,98,131,C,repaired,6,9,8,refutation,151361101,90.134,1,
rome,rome/rome/grafo10990.96.graphml,96,133,C,repaired,6,9,9,refutation,71051660,50.879,1,
rome,rome/rome/grafo10993.95.graphml,95,130,C,repaired,6,9,9,refutation,92405890,61.654,1,
rome,rome/rome/grafo10995.96.graphml,96,130,C,repaired,6,10,9,refutation,106734337,70.062,1,
rome,rome/rome/grafo10972.95.graphml,95,138,C,repaired,7,11,10,refutation,161367788,113.62,1,
rome,rome/rome/grafo10976.92.graphml,92,137,C,repaired,7,11,10,,208688825,120.012,1,
rome,rome/rome/grafo10978.98.graphml,98,130,C,repaired,5,9,9,,189050880,120.013,1,
rome,rome/rome/grafo10984.98.graphml,98,132,C,repaired,6,10,9,,227323445,120.012,1,
rome,rome/rome/grafo10992.94.graphml,94,133,C,repaired,7,12,11,,249055055,120.011,1,
rome,rome/rome/grafo11000.99.graphml,99,145,C,repaired,7,11,10,,243429560,120.011,1,
rome,rome/rome/grafo11001.97.graphml,97,136,C,repaired,7,11,11,,283148288,120.008,1,
rome,rome/rome/grafo11002.96.graphml,96,133,C,repaired,6,9,9,,286810112,120.012,1,
rome,rome/rome/grafo11003.100.graphml,100,140,C,repaired,7,11,10,,244987607,120.011,1,
rome,rome/rome/grafo11006.97.graphml,97,135,C,repaired,7,11,10,,297107569,120.011,1,
rome,rome/rome/grafo11008.99.graphml,99,151,C,repaired,7,12,11,,175508881,120.013,1,
rome,rome/rome/grafo11010.97.graphml,97,128,C,repaired,6,9,9,,259215360,120.011,1,
rome,rome/rome/grafo11011.100.graphml,100,139,C,repaired,6,9,9,,326680576,120.009,1,
rome,rome/rome/grafo11012.96.graphml,96,135,C,repaired,7,11,11,,218955776,120.01,1,
rome,rome/rome/grafo11041.97.graphml,97,126,C,repaired,5,9,8,refutation,33449992,23.197,1,
rome,rome/rome/grafo11014.100.graphml,100,138,C,repaired,6,11,10,,303037652,120.008,1,
rome,rome/rome/grafo11015.98.graphml,98,136,C,repaired,6,10,10,,177582080,120.012,1,
rome,rome/rome/grafo11016.98.graphml,98,145,C,repaired,7,11,11,,230354944,120.013,1,
rome,rome/rome/grafo11040.95.graphml,95,134,C,repaired,6,9,9,refutation,106757142,51.222,1,
rome,rome/rome/grafo11034.95.graphml,95,132,C,repaired,6,10,9,refutation,165581049,80.554,1,
rome,rome/rome/grafo11017.97.graphml,97,125,C,repaired,5,10,9,,216821836,120.011,1,
rome,rome/rome/grafo11018.99.graphml,99,130,C,repaired,5,10,9,,187022305,120.013,1,
rome,rome/rome/grafo11020.100.graphml,100,145,C,repaired,7,12,11,,206413692,120.012,1,
rome,rome/rome/grafo11025.94.graphml,94,130,C,repaired,6,10,9,,227946631,120.012,1,
rome,rome/rome/grafo11036.97.graphml,97,129,C,repaired,6,10,9,refutation,198980518,105.643,1,
rome,rome/rome/grafo11048.94.graphml,94,128,C,repaired,6,10,9,refutation,67500952,47.808,1,
rome,rome/rome/grafo11035.99.graphml,99,139,C,repaired,7,11,11,,282652672,120.009,1,
rome,rome/rome/grafo11037.99.graphml,99,144,C,repaired,7,11,11,,206876672,120.008,1,
rome,rome/rome/grafo11039.96.graphml,96,143,C,repaired,7,12,11,,213368939,120.012,1,
rome,rome/rome/grafo11045.94.graphml,94,134,C,repaired,6,10,10,refutation,177117751,89.108,1,
rome,rome/rome/grafo11042.94.graphml,94,129,C,repaired,6,11,10,,228783476,120.01,1,
rome,rome/rome/grafo11043.94.graphml,94,132,C,repaired,6,11,10,,196797761,120.008,1,
rome,rome/rome/grafo11044.95.graphml,95,138,C,repaired,7,11,11,,330346496,120.009,1,
rome,rome/rome/grafo11059.98.graphml,98,129,C,repaired,6,10,9,refutation,112334283,70.5,1,
rome,rome/rome/grafo11047.92.graphml,92,141,C,repaired,7,11,11,,235876352,120.012,1,
rome,rome/rome/grafo11067.98.graphml,98,137,C,repaired,6,9,9,refutation,68039566,49.732,1,
rome,rome/rome/grafo11062.99.graphml,99,124,C,repaired,5,8,8,refutation,118591680,59.221,1,
rome,rome/rome/grafo11053.94.graphml,94,132,C,repaired,6,9,9,refutation,176710789,92.323,1,
rome,rome/rome/grafo11050.98.graphml,98,141,C,repaired,7,10,10,,279560192,120.009,1,
rome,rome/rome/grafo11052.97.graphml,97,134,C,repaired,6,10,10,,218755072,120.011,1,
rome,rome/rome/grafo11054.96.graphml,96,127,C,repaired,6,10,9,,242828190,120.011,1,
rome,rome/rome/grafo11056.98.graphml,98,136,C,repaired,6,10,10,,255766528,120.012,1,
rome,rome/rome/grafo11057.96.graphml,96,133,C,repaired,6,11,10,,218863356,120.011,1,
rome,rome/rome/grafo11058.98.graphml,98,130,C,repaired,6,10,9,,275175831,120.011,1,
rome,rome/rome/grafo11075.97.graphml,97,127,C,repaired,5,10,9,refutation,83532325,58.208,1,
rome,rome/rome/grafo11060.99.graphml,99,135,C,repaired,6,10,10,,171040768,120.013,1,
rome,rome/rome/grafo11069.93.graphml,93,139,C,repaired,7,12,12,,219992064,120.012,1,
rome,rome/rome/grafo11070.94.graphml,94,136,C,repaired,7,12,12,,251252736,120.01,1,
rome,rome/rome/grafo11072.98.graphml,98,143,C,repaired,7,11,10,,187158730,120.013,1,
rome,rome/rome/grafo11073.100.graphml,100,149,C,repaired,7,12,12,,223768576,120.011,1,
rome,rome/rome/grafo11074.96.graphml,96,129,C,repaired,6,9,9,,319033344,120.009,1,
rome,rome/rome/grafo11076.97.graphml,97,136,C,repaired,6,10,10,,246194176,120.009,1,
rome,rome/rome/grafo11088.97.graphml,97,139,C,repaired,6,12,11,,174346434,120.013,1,
rome,rome/rome/grafo11091.97.graphml,97,125,C,repaired,5,9,9,,205881344,120.013,1,
rome,rome/rome/grafo11092.97.graphml,97,134,C,repaired,7,10,10,,283201536,120.012,1,
rome,rome/rome/grafo11094.98.graphml,98,132,C,repaired,6,10,9,,277673191,120.012,1,
rome,rome/rome/grafo11095.93.graphml,93,126,C,repaired,6,11,10,,207322139,120.013,1,
rome,rome/rome/grafo11096.97.graphml,97,138,C,repaired,7,10,10,,218509312,120.008,1,
rome,rome/rome/grafo11097.96.graphml,96,132,C,repaired,7,11,11,,328065024,120.011,1,
rome,rome/rome/grafo11099.99.graphml,99,151,C,repaired,7,13,13,,210059264,120.013,1,
rome,rome/rome/grafo11100.95.graphml,95,137,C,repaired,6,10,10,,214671360,120.011,1,
rome,rome/rome/grafo11101.95.graphml,95,139,C,repaired,7,11,10,,194514546,120.011,1,
rome,rome/rome/grafo11114.93.graphml,93,137,C,repaired,7,11,10,refutation,78978521,48.921,1,
rome,rome/rome/grafo11102.98.graphml,98,136,C,repaired,7,10,9,,196157286,120.013,1,
rome,rome/rome/grafo11136.98.graphml,98,122,C,repaired,5,9,8,refutation,44003042,27.584,1,
rome,rome/rome/grafo11104.95.graphml,95,135,C,repaired,7,10,10,,188321792,120.011,1,
rome,rome/rome/grafo11141.95.graphml,95,133,C,repaired,7,9,8,refutation,15583363,11.992,1,
rome,rome/rome/grafo11105.95.graphml,95,136,C,repaired,6,11,10,,177429172,120.011,1,
rome,rome/rome/grafo11106.99.graphml,99,136,C,repaired,7,10,9,,243826475,120.013,1,
rome,rome/rome/grafo11139.98.graphml,98,124,C,repaired,5,10,8,refutation,99207986,55.391,1,
rome,rome/rome/grafo11109.94.graphml,94,130,C,repaired,7,11,10,,219195893,120.013,1,
rome,rome/rome/grafo11110.99.graphml,99,135,C,repaired,6,10,10,,219029504,120.014,1,
rome,rome/rome/grafo11113.98.graphml,98,137,C,repaired,7,10,9,refutation,174385966,114.049,1,
rome,rome/rome/grafo11111.94.graphml,94,127,C,repaired,6,11,9,,195358122,120.013,1,
rome,rome/rome/grafo11112.96.graphml,96,138,C,repaired,7,12,12,,256073728,120.009,1,
rome,rome/rome/grafo11140.98.graphml,98,138,C,repaired,6,10,9,refutation,122658044,75.613,1,
rome,rome/rome/grafo11115.92.graphml,92,142,C,repaired,8,13,12,,237629297,120.01,1,
rome,rome/rome/grafo11119.98.graphml,98,135,C,repaired,7,10,10,,204275712,120.009,1,
rome,rome/rome/grafo11125.100.graphml,100,140,C,repaired,7,11,10,,196325503,120.011,1,
rome,rome/rome/grafo11132.95.graphml,95,133,C,repaired,6,11,10,,290388409,120.008,1,
rome,rome/rome/grafo11144.92.graphml,92,136,C,repaired,7,10,10,refutation,154232987,79.828,1,
rome,rome/rome/grafo11142.99.graphml,99,144,C,repaired,6,10,9,refutation,203000085,100.305,1,
rome,rome/rome/grafo11157.100.graphml,100,138,C,repaired,6,10,9,refutation,67045546,48.846,1,
rome,rome/rome/grafo11169.99.graphml,99,128,C,repaired,6,9,9,refutation,52869441,28.357,1,
rome,rome/rome/grafo11143.98.graphml,98,135,C,repaired,6,11,10,,213058888,120.013,1,
rome,rome/rome/grafo11145.99.graphml,99,140,C,repaired,7,10,10,,196161536,120.011,1,
rome,rome/rome/grafo11148.99.graphml,99,138,C,repaired,7,11,10,,159074417,120.013,1,
rome,rome/rome/grafo11179.99.graphml,99,123,C,repaired,5,8,8,refutation,79443931,44.419,1,
rome,rome/rome/grafo11149.100.graphml,100,136,C,repaired,6,10,9,,250549320,120.011,1,
rome,rome/rome/grafo11150.99.graphml,99,133,C,repaired,6,10,10,,361390080,120.008,1,
rome,rome/rome/grafo11188.99.graphml,99,134,C,repaired,6,10,9,refutation,40465450,25.899,1,
rome,rome/rome/grafo11194.100.graphml,100,127,C,repaired,5,9,8,refutation,12868002,10.934,1,
rome,rome/rome/grafo11176.100.graphml,100,138,C,repaired,7,10,9,refutation,161102228,75.232,1,
rome,rome/rome/grafo11151.92.graphml,92,121,C,repaired,6,10,9,,216690766,120.011,1,
rome,rome/rome/grafo11152.98.graphml,98,134,C,repaired,6,10,10,,203509760,120.011,1,
rome,rome/rome/grafo11154.95.graphml,95,134,C,repaired,7,10,10,,159428608,120.013,1,
rome,rome/rome/grafo11155.99.graphml,99,125,C,repaired,6,10,9,,252956276,120.009,1,
rome,rome/rome/grafo11162.100.graphml,100,136,C,repaired,6,9,9,,196800512,120.011,1,
rome,rome/rome/grafo11177.98.graphml,98,131,C,repaired,6,10,9,,224741584,120.01,1,
rome,rome/rome/grafo11189.94.graphml,94,133,C,repaired,6,10,9,refutation,86104625,62.833,1,
rome,rome/rome/grafo11178.95.graphml,95,137,C,repaired,6,11,10,,257201186,120.012,1,
rome,rome/rome/grafo11181.95.graphml,95,141,C,repaired,7,12,12,,229306368,120.009,1,
rome,rome/rome/grafo11182.99.graphml,99,129,C,repaired,6,10,9,,216285107,120.009,1,
rome,rome/rome/grafo11187.98.graphml,98,128,C,repaired,6,10,9,,306402015,120.009,1,
rome,rome/rome/grafo11206.91.graphml,91,126,C,repaired,6,10,9,refutation,147088578,87.883,1,
rome,rome/rome/grafo11219.94.graphml,94,131,C,repaired,6,9,9,refutation,124943243,54.408,1,
rome,rome/rome/grafo11217.95.graphml,95,131,C,repaired,6,10,9,refutation,179869469,97.566,1,
rome,rome/rome/grafo11195.93.graphml,93,130,C,repaired,5,10,10,,267096064,120.008,1,
rome,rome/rome/grafo11198.98.graphml,98,136,C,repaired,6,10,10,,234369024,120.012,1,
rome,rome/rome/grafo11201.99.graphml,99,136,C,repaired,6,10,10,,190734336,120.012,1,
rome,rome/rome/grafo11203.100.graphml,100,131,C,repaired,6,9,9,,222920704,120.008,1,
rome,rome/rome/grafo11204.99.graphml,99,143,C,repaired,7,11,10,,189388083,120.011,1,
rome,rome/rome/grafo11205.94.graphml,94,131,C,repaired,6,10,10,,249745408,120.008,1,
rome,rome/rome/grafo11215.93.graphml,93,129,C,repaired,6,10,10,,268062720,120.011,1,
rome,rome/rome/grafo11257.91.graphml,91,129,C,repaired,6,10,9,refutation,20489252,10.105,1,
rome,rome/rome/grafo11256.99.graphml,99,126,C,repaired,5,9,8,refutation,20495951,15.459,1,
rome,rome/rome/grafo11233.93.graphml,93,126,C,repaired,6,10,9,refutation,120669978,72.075,1,
rome,rome/rome/grafo11218.99.graphml,99,147,C,repaired,7,13,12,,200619721,120.009,1,
rome,rome/rome/grafo11220.92.graphml,92,132,C,repaired,7,12,11,,181654310,120.012,1,
rome,rome/rome/grafo11223.99.graphml,99,151,C,repaired,7,13,12,,162485361,120.011,1,
rome,rome/rome/grafo11227.100.graphml,100,142,C,repaired,6,11,10,,188763203,120.011,1,
rome,rome/rome/grafo11232.92.graphml,92,132,C,repaired,7,11,10,,214597743,120.009,1,
rome,rome/rome/grafo11250.99.graphml,99,143,C,repaired,7,10,10,,228196352,120.008,1,
rome,rome/rome/grafo11251.93.graphml,93,139,C,repaired,7,12,11,,218620816,120.012,1,
rome,rome/rome/grafo11252.93.graphml,93,129,C,repaired,6,11,10,,175594752,120.011,1,
rome,rome/rome/grafo11253.94.graphml,94,127,C,repaired,6,9,9,,263061504,120.011,1,
rome,rome/rome/grafo11254.99.graphml,99,136,C,repaired,6,10,10,,245100544,120.011,1,
rome,rome/rome/grafo11267.92.graphml,92,131,C,repaired,7,11,10,,188527031,120.012,1,
rome,rome/rome/grafo11269.93.graphml,93,131,C,repaired,6,11,10,,176738563,120.012,1,
rome,rome/rome/grafo11271.99.graphml,99,141,C,repaired,6,11,10,,217574495,120.011,1,
rome,rome/rome/grafo11272.99.graphml,99,133,C,repaired,6,10,9,,267495455,120.008,1,
rome,rome/rome/grafo11274.93.graphml,93,132,C,repaired,6,10,10,,244678656,120.009,1,
rome,rome/rome/grafo11275.93.graphml,93,135,C,repaired,7,11,10,refutation,174651088,103.282,1,
rome,rome/rome/grafo11306.99.graphml,99,124,C,repaired,4,9,8,refutation,39868632,27.436,1,
rome,rome/rome/grafo11276.92.graphml,92,133,C,repaired,6,11,10,,288280601,120.011,1,
rome,rome/rome/grafo11315.91.graphml,91,131,C,repaired,6,10,10,refutation,73318642,35.918,1,
rome,rome/rome/grafo11314.92.graphml,92,127,C,repaired,6,10,9,refutation,67648851,39.735,1,
rome,rome/rome/grafo11280.99.graphml,99,143,C,repaired,7,12,11,,167231992,120.013,1,
rome,rome/rome/grafo11287.93.graphml,93,131,C,repaired,6,11,10,,183520413,120.011,1,
rome,rome/rome/grafo11365.92.graphml,92,132,C,repaired,6,10,9,refutation,26410078,14.846,1,
rome,rome/rome/grafo11297.93.graphml,93,127,C,repaired,6,9,9,,235581440,120.011,1,
rome,rome/rome/grafo11299.93.graphml,93,132,C,repaired,6,10,10,,221057024,120.011,1,
rome,rome/rome/grafo11352.90.graphml,90,126,C,repaired,6,10,10,refutation,84048151,35.61,1,
rome,rome/rome/grafo11300.91.graphml,91,126,C,repaired,6,11,10,,239114836,120.011,1,
rome,rome/rome/grafo11301.93.graphml,93,129,C,repaired,6,10,10,,206929920,120.011,1,
rome,rome/rome/grafo11302.99.graphml,99,120,C,repaired,5,9,8,,252509764,120.011,1,
rome,rome/rome/grafo11303.93.graphml,93,128,C,repaired,7,10,10,,183382016,120.013,1,
rome,rome/rome/grafo11305.99.graphml,99,129,C,repaired,5,10,9,,214083386,120.011,1,
rome,rome/rome/grafo11313.96.graphml,96,144,C,repaired,7,12,11,,208348051,120.011,1,
rome,rome/rome/grafo11324.100.graphml,100,138,C,repaired,6,10,9,refutation,188904993,105.79,1,
rome,rome/rome/grafo11316.99.graphml,99,134,C,repaired,6,9,9,,235417600,120.013,1,
rome,rome/rome/grafo11335.100.graphml,100,153,C,repaired,7,11,11,,170323968,120.01,1,
rome,rome/rome/grafo11430.91.graphml,91,121,C,repaired,6,9,9,refutation,37927992,27.189,1,
rome,rome/rome/grafo11394.90.graphml,90,122,C,repaired,7,9,9,refutation,95924566,51.904,1,
rome,rome/rome/grafo11354.92.graphml,92,133,C,repaired,7,11,11,,185999360,120.01,1,
rome,rome/rome/grafo11355.92.graphml,92,128,C,repaired,6,10,10,,261615616,120.012,1,
rome,rome/rome/grafo11358.99.graphml,99,128,C,repaired,6,10,9,,230976958,120.011,1,
rome,rome/rome/grafo11448.91.graphml,91,127,C,repaired,6,10,9,refutation,23370115,12.701,1,
rome,rome/rome/grafo11369.96.graphml,96,138,C,repaired,7,11,10,,323291310,120.012,1,
rome,rome/rome/grafo11379.92.graphml,92,125,C,repaired,6,9,9,,303935488,120.008,1,
rome,rome/rome/grafo11380.97.graphml,97,133,C,repaired,6,11,10,,177327902,120.012,1,
rome,rome/rome/grafo11381.92.graphml,92,126,C,repaired,6,10,10,,238551040,120.01,1,
rome,rome/rome/grafo11419.92.graphml,92,125,C,repaired,6,10,9,refutation,149311566,82.12,1,
rome,rome/rome/grafo11432.92.graphml,92,126,C,repaired,6,9,9,refutation,101129976,60.273,1,
rome,rome/rome/grafo11390.90.graphml,90,128,C,repaired,6,10,10,,282079232,120.011,1,
rome,rome/rome/grafo11393.92.graphml,92,135,C,repaired,7,11,11,,183951360,120.008,1,
rome,rome/rome/grafo11408.92.graphml,92,131,C,repaired,7,11,11,,210640896,120.009,1,
rome,rome/rome/grafo11420.92.graphml,92,131,C,repaired,7,10,10,,215740416,120.011,1,
rome,rome/rome/grafo11431.92.graphml,92,125,C,repaired,6,10,10,,249667584,120.01,1,
rome,rome/rome/grafo11524.100.graphml,100,127,C,repaired,6,9,8,refutation,34371085,23.936,1,
rome,rome/rome/grafo11491.96.graphml,96,125,C,repaired,5,10,8,refutation,131460958,62.513,1,
rome,rome/rome/grafo11453.91.graphml,91,128,C,repaired,6,11,10,refutation,212893600,103.121,1,
rome,rome/rome/grafo11433.92.graphml,92,135,C,repaired,7,12,11,,170598510,120.014,1,
rome,rome/rome/grafo11439.92.graphml,92,130,C,repaired,7,11,10,,281108545,120.008,1,
rome,rome/rome/grafo11546.97.graphml,97,140,C,repaired,7,10,9,refutation,55683870,33.736,1,
rome,rome/rome/grafo11457.92.graphml,92,130,C,repaired,7,12,11,,203022397,120.01,1,
rome,rome/rome/grafo11602.95.graphml,95,131,C,repaired,6,10,9,refutation,25115026,17.431,1,
rome,rome/rome/grafo11458.100.graphml,100,142,C,repaired,7,10,10,,288387072,120.012,1,
rome,rome/rome/grafo11469.96.graphml,96,136,C,repaired,6,11,10,,186257478,120.011,1,
rome,rome/rome/grafo11470.91.graphml,91,131,C,repaired,6,11,11,,229736448,120.011,1,
rome,rome/rome/grafo11505.91.graphml,91,131,C,repaired,7,10,10,refutation,151412966,95.145,1,
rome,rome/rome/grafo11471.91.graphml,91,130,C,repaired,6,10,10,,236924928,120.011,1,
rome,rome/rome/grafo11472.91.graphml,91,135,C,repaired,7,11,11,,193290240,120.011,1,
rome,rome/rome/grafo11536.91.graphml,91,132,C,repaired,6,11,10,refutation,138318882,75.187,1,
rome,rome/rome/grafo11591.93.graphml,93,135,C,repaired,7,11,9,refutation,61522793,43.416,1,
rome,rome/rome/grafo3184.91.graphml,91,127,C,repaired,7,10,9,refutation,29832347,18.742,1,
rome,rome/rome/grafo11502.100.graphml,100,126,C,repaired,5,9,8,,238620734,120.008,1,
rome,rome/rome/grafo11507.91.graphml,91,122,C,repaired,6,10,9,refutation,193219021,116.658,1,
rome,rome/rome/grafo11648.90.graphml,90,131,C,repaired,6,10,9,refutation,57186339,36.876,1,
rome,rome/rome/grafo3435.99.graphml,99,135,C,repaired,7,10,9,refutation,62066570,34.175,1,
rome,rome/rome/grafo11557.95.graphml,95,133,C,repaired,7,12,11,,188285663,120.01,1,
rome,rome/rome/grafo11568.95.graphml,95,123,C,repaired,5,9,8,,218119524,120.009,1,
rome,rome/rome/grafo11569.93.graphml,93,136,C,repaired,7,11,11,,272076800,120.011,1,
rome,rome/rome/grafo11616.91.graphml,91,130,C,repaired,7,11,11,,294158336,120.011,1,
rome,rome/rome/grafo11624.96.graphml,96,129,C,repaired,6,11,10,,225968518,120.011,1,
rome,rome/rome/grafo11635.92.graphml,92,128,C,repaired,5,10,10,,208187392,120.01,1,
rome,rome/rome/grafo11647.90.graphml,90,130,C,repaired,7,11,11,,267259904,120.008,1,
rome,rome/rome/grafo11657.100.graphml,100,131,C,repaired,5,10,9,,344657988,120.008,1,
rome,rome/rome/grafo3158.98.graphml,98,133,C,repaired,6,10,9,,166820974,120.011,1,
rome,rome/rome/grafo3224.98.graphml,98,141,C,repaired,7,11,10,,216073251,120.007,1,
rome,rome/rome/grafo3262.92.graphml,92,130,C,repaired,6,11,10,,208444508,120.011,1,
rome,rome/rome/grafo3315.96.graphml,96,129,C,repaired,7,10,10,,228671488,120.012,1,
rome,rome/rome/grafo3861.99.graphml,99,140,C,repaired,6,10,9,refutation,49894259,37.4,1,
rome,rome/rome/grafo3482.98.graphml,98,134,C,repaired,6,10,9,,271035121,120.009,1,
rome,rome/rome/grafo3532.99.graphml,99,154,C,repaired,7,12,11,,185225961,120.008,1,
rome,rome/rome/grafo3979.98.graphml,98,136,C,repaired,6,10,9,refutation,34994607,22.359,1,
rome,rome/rome/grafo3680.99.graphml,99,147,C,repaired,7,12,12,,200495104,120.012,1,
rome,rome/rome/grafo3699.99.graphml,99,133,C,repaired,6,9,9,,195022848,120.012,1,
rome,rome/rome/grafo4147.81.graphml,81,107,C,repaired,6,9,9,refutation,47980780,22.935,1,
rome,rome/rome/grafo3879.96.graphml,96,130,C,repaired,6,9,9,refutation,99386578,56.181,1,
rome,rome/rome/grafo3756.90.graphml,90,127,C,repaired,7,9,9,refutation,276985902,107.649,1,
rome,rome/rome/grafo4091.99.graphml,99,136,C,repaired,6,9,8,refutation,103012346,42.526,1,
rome,rome/rome/grafo4297.79.graphml,79,117,C,repaired,7,10,9,refutation,57616291,32.747,1,
rome,rome/rome/grafo3712.95.graphml,95,144,C,repaired,7,12,12,,170418176,120.008,1,
rome,rome/rome/grafo4752.81.graphml,81,109,C,repaired,6,9,9,refutation,15686711,11.198,1,
rome,rome/rome/grafo3808.97.graphml,97,129,C,repaired,6,10,9,,221433408,120.011,1,
rome,rome/rome/grafo4833.83.graphml,83,120,C,repaired,7,11,10,refutation,18766695,14.784,1,
rome,rome/rome/grafo4608.83.graphml,83,114,C,repaired,6,9,9,refutation,70127791,28.673,1,
rome,rome/rome/grafo5938.75.graphml,75,116,C,repaired,7,11,10,refutation,14753968,10.399,1,
rome,rome/rome/grafo4437.80.graphml,80,111,C,repaired,5,9,9,refutation,73360572,38.816,1,
rome,rome/rome/grafo3822.94.graphml,94,123,C,repaired,6,9,9,,219144192,120.008,1,
rome,rome/rome/grafo3871.88.graphml,88,126,C,repaired,7,10,10,,256839680,120.008,1,
rome,rome/rome/grafo3876.94.graphml,94,123,C,repaired,6,9,9,,275947520,120.012,1,
rome,rome/rome/grafo3890.96.graphml,107,135,C,repaired,5,9,9,,195493888,120.012,1,
rome,rome/rome/grafo5572.82.graphml,82,118,C,repaired,6,10,10,refutation,59316434,42.118,1,
rome,rome/rome/grafo5681.79.graphml,79,121,C,repaired,7,12,11,refutation,66685739,38.413,1,
rome,rome/rome/grafo4649.85.graphml,85,112,C,repaired,6,9,9,refutation,125137336,57.703,1,
rome,rome/rome/grafo6585.97.graphml,97,132,C,repaired,6,9,9,refutation,18612161,12.583,1,
rome,rome/rome/grafo3898.99.graphml,99,136,C,repaired,6,11,9,,235269758,120.009,1,
rome,rome/rome/grafo3909.92.graphml,92,124,C,repaired,6,9,9,,190210048,120.013,1,
rome,rome/rome/grafo4507.80.graphml,80,123,C,repaired,7,11,10,refutation,134988407,75.053,1,
rome,rome/rome/grafo6307.92.graphml,92,126,C,repaired,6,11,9,refutation,90666999,43.51,1,
rome,rome/rome/grafo3995.97.graphml,97,145,C,repaired,7,11,10,,192893721,120.009,1,
rome,rome/rome/grafo6660.98.graphml,98,134,C,repaired,6,10,9,refutation,52135139,25.27,1,
rome,rome/rome/grafo4101.91.graphml,91,123,C,repaired,5,10,10,,268120064,120.011,1,
rome,rome/rome/grafo7167.87.graphml,87,126,C,repaired,6,10,10,refutation,23112071,18.358,1,
rome,rome/rome/grafo4348.83.graphml,83,124,C,repaired,7,11,10,,228869007,120.012,1,
rome,rome/rome/grafo6813.84.graphml,84,120,C,repaired,7,9,9,refutation,118574548,53.149,1,
rome,rome/rome/grafo6418.89.graphml,89,130,C,repaired,6,11,10,refutation,132141596,87.874,1,
rome,rome/rome/grafo6806.83.graphml,83,109,C,repaired,6,9,9,refutation,120371213,62.924,1,
rome,rome/rome/grafo7354.93.graphml,93,130,C,repaired,7,10,9,refutation,55540522,28.469,1,
rome,rome/rome/grafo7101.86.graphml,86,120,C,repaired,5,10,10,refutation,149027611,76.149,1,
rome,rome/rome/grafo6532.83.graphml,83,115,C,repaired,6,10,10,,249458688,120.011,1,
rome,rome/rome/grafo7524.90.graphml,90,113,C,repaired,5,9,8,refutation,19281602,12.572,1,
rome,rome/rome/grafo7100.86.graphml,86,120,C,repaired,5,10,10,refutation,149027611,85.307,1,
rome,rome/rome/grafo6533.83.graphml,83,115,C,repaired,6,10,10,,263725056,120.012,1,
rome,rome/rome/grafo7130.90.graphml,90,125,C,repaired,7,10,10,refutation,201893369,83.599,1,
rome,rome/rome/grafo6562.98.graphml,98,138,C,repaired,6,10,10,,328982528,120.012,1,
rome,rome/rome/grafo6625.99.graphml,99,139,C,repaired,6,10,9,,291598236,120.012,1,
rome,rome/rome/grafo6817.94.graphml,94,133,C,repaired,7,10,10,,263266304,120.009,1,
rome,rome/rome/grafo6877.85.graphml,85,120,C,repaired,7,10,10,,284569600,120.012,1,
rome,rome/rome/grafo6975.39.graphml,105,137,C,repaired,6,10,9,,245014687,120.012,1,
rome,rome/rome/grafo7221.99.graphml,99,141,C,repaired,7,11,10,,249397518,120.009,1,
rome,rome/rome/grafo7223.40.graphml,110,134,C,repaired,5,9,8,,208154867,120.012,6,
rome,rome/rome/grafo7263.99.graphml,99,136,C,repaired,6,10,9,,304319536,120.009,1,
rome,rome/rome/grafo7417.39.graphml,104,137,C,repaired,5,10,9,,253706581,120.009,1,
rome,rome/rome/grafo7447.98.graphml,98,129,C,repaired,6,10,10,,246689792,120.012,1,
rome,rome/rome/grafo7918.84.graphml,84,135,C,repaired,7,11,11,refutation,37144626,24.627,1,
rome,rome/rome/grafo7917.84.graphml,84,118,C,repaired,6,10,9,refutation,87422133,50.34,1,
rome,rome/rome/grafo7529.93.graphml,93,131,C,repaired,6,10,9,,239124714,120.012,1,
rome,rome/rome/grafo7587.95.graphml,95,127,C,repaired,6,9,9,,232263680,120.011,1,
rome,rome/rome/grafo7674.93.graphml,93,129,C,repaired,6,10,9,,247615666,120.013,1,
rome,rome/rome/grafo7780.90.graphml,90,128,C,repaired,6,12,11,,198060961,120.008,1,
rome,rome/rome/grafo7793.98.graphml,98,134,C,repaired,6,11,10,,251658486,120.009,1,
rome,rome/rome/grafo7885.83.graphml,83,120,C,repaired,6,10,10,refutation,145527647,94.851,1,
rome,rome/rome/grafo7796.93.graphml,93,126,C,repaired,6,9,9,,184786944,120.009,1,
rome,rome/rome/grafo7797.100.graphml,100,144,C,repaired,7,12,12,,183418880,120.013,1,
rome,rome/rome/grafo7996.95.graphml,95,128,C,repaired,5,10,9,refutation,27203631,14.571,1,
rome,rome/rome/grafo7981.85.graphml,85,116,C,repaired,5,10,9,refutation,35596203,24.8,1,
rome,rome/rome/grafo7990.94.graphml,94,131,C,repaired,7,9,9,refutation,31425947,23.095,1,
rome,rome/rome/grafo7818.83.graphml,83,118,C,repaired,6,10,10,,204926976,120.011,1,
rome,rome/rome/grafo7861.87.graphml,87,118,C,repaired,6,9,9,,249085952,120.013,1,
rome,rome/rome/grafo7973.75.graphml,75,118,C,repaired,7,11,11,refutation,78280143,44.866,1,
rome,rome/rome/grafo7942.83.graphml,83,121,C,repaired,6,11,10,refutation,168108158,65.374,1,
rome,rome/rome/grafo7940.83.graphml,83,117,C,repaired,6,10,10,refutation,189344898,75.469,1,
rome,rome/rome/grafo7911.88.graphml,88,115,C,repaired,5,9,9,,253358080,120.009,1,
rome,rome/rome/grafo8014.88.graphml,88,123,C,repaired,7,10,9,refutation,34524414,22.606,1,
rome,rome/rome/grafo8137.86.graphml,86,122,C,repaired,7,10,9,refutation,25822196,16.279,1,
rome,rome/rome/grafo8065.82.graphml,82,118,C,repaired,7,10,9,refutation,44145867,25.803,1,
rome,rome/rome/grafo8158.81.graphml,81,113,C,repaired,6,10,9,refutation,40463326,18.91,1,
rome,rome/rome/grafo8177.88.graphml,88,123,C,repaired,6,10,9,refutation,14869766,8.92,1,
rome,rome/rome/grafo8135.81.graphml,81,119,C,repaired,6,10,10,refutation,61980802,37.099,1,
rome,rome/rome/grafo8160.83.graphml,83,119,C,repaired,6,9,9,refutation,83728344,40.231,1,
rome,rome/rome/grafo7948.90.graphml,90,125,C,repaired,6,10,9,,200047941,120.009,1,
rome,rome/rome/grafo8086.81.graphml,81,118,C,repaired,6,10,10,refutation,92232363,60.463,1,
rome,rome/rome/grafo8054.85.graphml,85,118,C,repaired,6,9,9,refutation,163299549,66.182,1,
rome,rome/rome/grafo7953.79.graphml,79,116,C,repaired,7,11,10,,254585708,120.011,1,
rome,rome/rome/grafo8224.100.graphml,100,132,C,repaired,6,9,8,refutation,45213706,20.432,1,
rome,rome/rome/grafo8209.91.graphml,91,119,C,repaired,5,9,8,refutation,88199645,44.34,1,
rome,rome/rome/grafo8266.81.graphml,81,115,C,repaired,6,10,9,refutation,24388567,11.841,1,
rome,rome/rome/grafo7985.93.graphml,93,126,C,repaired,6,9,9,,231727104,120.008,1,
rome,rome/rome/grafo8284.84.graphml,84,121,C,repaired,6,10,10,refutation,30167872,14.351,1,
rome,rome/rome/grafo8000.99.graphml,99,134,C,repaired,6,10,9,,213535691,120.01,1,
rome,rome/rome/grafo8008.95.graphml,95,138,C,repaired,7,11,10,,215883134,120.009,1,
rome,rome/rome/grafo8009.87.graphml,87,111,C,repaired,5,9,9,,251760640,120.01,1,
rome,rome/rome/grafo8280.88.graphml,88,119,C,repaired,5,9,9,refutation,70670761,32.385,1,
rome,rome/rome/grafo8035.98.graphml,98,133,C,repaired,6,10,9,,320864104,120.009,1,
rome,rome/rome/grafo8296.86.graphml,86,116,C,repaired,6,9,9,refutation,32716939,19.386,1,
rome,rome/rome/grafo8036.94.graphml,94,134,C,repaired,7,10,10,,211828736,120.01,1,
rome,rome/rome/grafo8290.81.graphml,81,118,C,repaired,6,10,10,refutation,62680859,27.493,1,
rome,rome/rome/grafo8320.83.graphml,83,110,C,repaired,6,10,9,refutation,35719286,16.83,1,
rome,rome/rome/grafo8148.85.graphml,85,119,C,repaired,6,10,10,,237367296,120.009,1,
rome,rome/rome/grafo8186.90.graphml,90,117,C,repaired,6,10,9,,316656179,120.008,1,
rome,rome/rome/grafo8335.93.graphml,93,126,C,repaired,6,9,9,refutation,53490644,31.287,1,
rome,rome/rome/grafo8198.99.graphml,99,140,C,repaired,6,11,10,,396342469,120.008,1,
rome,rome/rome/grafo8334.95.graphml,95,122,C,repaired,5,9,8,refutation,77891470,34.311,1,
rome,rome/rome/grafo8275.82.graphml,82,124,C,repaired,7,11,10,refutation,176742350,79.328,1,
rome,rome/rome/grafo8351.89.graphml,89,127,C,repaired,7,9,9,refutation,19684759,10.883,1,
rome,rome/rome/grafo8365.87.graphml,87,120,C,repaired,6,10,9,refutation,29532624,12.873,1,
rome,rome/rome/grafo8223.99.graphml,99,148,C,repaired,7,12,11,,231803224,120.013,1,
rome,rome/rome/grafo8355.87.graphml,87,129,C,repaired,7,10,10,refutation,60376350,27.404,1,
rome,rome/rome/grafo8316.82.graphml,82,126,C,repaired,7,11,10,refutation,169032119,74.966,1,
rome,rome/rome/grafo8226.90.graphml,90,129,C,repaired,7,11,10,,311777861,120.008,1,
rome,rome/rome/grafo8377.92.graphml,92,130,C,repaired,6,9,9,refutation,63635978,26.785,1,
rome,rome/rome/grafo8248.86.graphml,86,119,C,repaired,6,10,10,,305528832,120.008,1,
rome,rome/rome/grafo8398.85.graphml,85,113,C,repaired,5,10,9,refutation,38410945,22.857,1,
rome,rome/rome/grafo8260.86.graphml,86,123,C,repaired,6,10,10,,481673216,120.011,1,
rome,rome/rome/grafo8380.93.graphml,93,126,C,repaired,6,10,9,refutation,103950502,45.983,1,
rome,rome/rome/grafo8437.82.graphml,82,116,C,repaired,6,10,9,refutation,85908219,36.071,1,
rome,rome/rome/grafo8330.88.graphml,88,125,C,repaired,7,11,10,refutation,240859063,107.979,1,
rome,rome/rome/grafo8297.87.graphml,87,126,C,repaired,6,10,10,,350695424,120.008,1,
rome,rome/rome/grafo8310.86.graphml,86,134,C,repaired,7,13,12,,235752257,120.009,1,
rome,rome/rome/grafo8349.91.graphml,91,133,C,repaired,7,11,10,refutation,212756143,92.726,1,
rome,rome/rome/grafo8478.98.graphml,98,140,C,repaired,7,10,9,refutation,33445560,23.751,1,
rome,rome/rome/grafo8430.83.graphml,83,118,C,repaired,6,11,10,refutation,139701484,58.353,1,
rome,rome/rome/grafo8494.90.graphml,90,119,C,repaired,6,10,9,refutation,22684289,11.746,1,
rome,rome/rome/grafo8342.97.graphml,97,132,C,repaired,6,10,9,,279193302,120.008,1,
rome,rome/rome/grafo8465.85.graphml,85,116,C,repaired,6,9,9,refutation,152012985,61.709,1,
rome,rome/rome/grafo8348.99.graphml,99,133,C,repaired,6,10,9,,354433854,120.009,1,
rome,rome/rome/grafo8506.88.graphml,88,124,C,repaired,6,10,9,refutation,71519421,33.89,1,
rome,rome/rome/grafo8371.96.graphml,96,130,C,repaired,6,10,9,,285684730,120.007,1,
rome,rome/rome/grafo8373.100.graphml,100,138,C,repaired,7,10,10,,415113216,120.011,1,
rome,rome/rome/grafo8474.90.graphml,90,127,C,repaired,6,10,10,refutation,258488410,94.906,1,
rome,rome/rome/grafo8512.94.graphml,94,132,C,repaired,6,9,9,refutation,80510969,38.133,1,
rome,rome/rome/grafo8511.94.graphml,94,134,C,repaired,7,10,9,refutation,136124947,57.927,1,
rome,rome/rome/grafo8500.89.graphml,89,121,C,repaired,6,10,9,refutation,144175691,69.927,1,
rome,rome/rome/grafo8499.99.graphml,99,130,C,repaired,6,10,9,refutation,178055815,74.659,1,
rome,rome/rome/grafo8452.85.graphml,85,118,C,repaired,6,10,10,,311173120,120.008,1,
rome,rome/rome/grafo8476.95.graphml,95,135,C,repaired,7,11,10,,239033800,120.009,1,
rome,rome/rome/grafo8477.89.graphml,89,123,C,repaired,6,9,9,,416423936,120.012,1,
rome,rome/rome/grafo8554.84.graphml,84,113,C,repaired,5,10,9,refutation,17411666,8.938,1,
rome,rome/rome/grafo8549.100.graphml,100,138,C,repaired,6,9,8,refutation,39912829,26.205,1,
rome,rome/rome/grafo8553.84.graphml,84,118,C,repaired,6,10,9,refutation,30022332,14.991,1,
rome,rome/rome/grafo8538.80.graphml,80,114,C,repaired,6,10,10,refutation,129383780,51.562,1,
rome,rome/rome/grafo8578.87.graphml,87,125,C,repaired,6,10,10,refutation,43802544,21.148,1,
rome,rome/rome/grafo8579.88.graphml,88,121,C,repaired,6,9,9,refutation,40395535,20.482,1,
rome,rome/rome/grafo8490.95.graphml,95,137,C,repaired,7,11,11,,372314112,120.009,1,
rome,rome/rome/grafo8541.86.graphml,86,129,C,repaired,6,11,10,refutation,127589581,57.425,1,
rome,rome/rome/grafo8491.92.graphml,92,133,C,repaired,7,10,9,,315527239,120.012,1,
rome,rome/rome/grafo8539.87.graphml,87,127,C,repaired,6,11,10,refutation,145598307,71.207,1,
rome,rome/rome/grafo8593.87.graphml,87,120,C,repaired,6,9,9,refutation,51531017,20.264,1,
rome,rome/rome/grafo8510.100.graphml,100,142,C,repaired,7,11,10,,274679352,120.008,1,
rome,rome/rome/grafo8596.84.graphml,84,111,C,repaired,6,9,9,refutation,48568748,23.656,1,
rome,rome/rome/grafo8612.84.graphml,84,119,C,repaired,6,10,9,refutation,34147510,16.252,1,
rome,rome/rome/grafo8597.83.graphml,83,113,C,repaired,6,10,9,refutation,67374901,26.952,1,
rome,rome/rome/grafo8513.100.graphml,100,138,C,repaired,6,11,9,,313681202,120.008,1,
rome,rome/rome/grafo8514.95.graphml,95,130,C,repaired,6,10,9,,280081701,120.008,1,
rome,rome/rome/grafo8629.84.graphml,84,114,C,repaired,6,9,9,refutation,32992189,16.518,1,
rome,rome/rome/grafo8631.87.graphml,87,124,C,repaired,6,10,10,refutation,53384689,25.156,1,
rome,rome/rome/grafo8558.90.graphml,90,125,C,repaired,7,10,10,refutation,201893369,80.357,1,
rome,rome/rome/grafo8537.84.graphml,84,121,C,repaired,7,10,10,,291504128,120.008,1,
rome,rome/rome/grafo8658.89.graphml,89,127,C,repaired,7,10,9,refutation,23944414,12.624,1,
rome,rome/rome/grafo8551.85.graphml,85,129,C,repaired,6,11,11,,280162304,120.009,1,
rome,rome/rome/grafo8646.92.graphml,92,135,C,repaired,7,11,9,refutation,84905069,48.625,1,
rome,rome/rome/grafo8564.100.graphml,100,134,C,repaired,5,9,9,,272416768,120.008,1,
rome,rome/rome/grafo8571.94.graphml,94,139,C,repaired,6,11,11,,311902208,120.011,1,
rome,rome/rome/grafo8582.96.graphml,96,126,C,repaired,6,9,9,,419045376,120.008,1,
rome,rome/rome/grafo8632.84.graphml,84,111,C,repaired,5,9,9,refutation,194385202,73.155,1,
rome,rome/rome/grafo8585.91.graphml,91,123,C,repaired,5,10,10,,308953088,120.008,1,
rome,rome/rome/grafo8594.84.graphml,84,115,C,repaired,6,10,10,,459046912,120.008,1,
rome,rome/rome/grafo8681.86.graphml,86,126,C,repaired,6,10,9,refutation,28816794,14.424,1,
rome,rome/rome/grafo8601.87.graphml,87,135,C,repaired,7,11,11,,253456384,120.008,1,
rome,rome/rome/grafo8619.84.graphml,84,117,C,repaired,7,10,10,,306819072,120.008,1,
rome,rome/rome/grafo8692.87.graphml,87,127,C,repaired,7,10,10,refutation,28059281,15.524,1,
rome,rome/rome/grafo8645.92.graphml,92,129,C,repaired,7,11,10,,311689281,120.008,1,
rome,rome/rome/grafo8689.87.graphml,87,127,C,repaired,7,11,10,refutation,54599857,26.88,1,
rome,rome/rome/grafo8647.91.graphml,91,131,C,repaired,6,11,11,,306704384,120.007,1,
rome,rome/rome/grafo8650.91.graphml,91,130,C,repaired,6,10,10,,318824448,120.009,1,
rome,rome/rome/grafo8694.81.graphml,81,122,C,repaired,6,10,10,refutation,17282126,9.506,1,
rome,rome/rome/grafo8687.86.graphml,86,129,C,repaired,6,11,10,refutation,91967819,43.638,1,
rome,rome/rome/grafo8676.94.graphml,94,127,C,repaired,6,10,9,refutation,128796694,69.678,1,
rome,rome/rome/grafo8651.92.graphml,92,126,C,repaired,6,10,10,,318672896,120.009,1,
rome,rome/rome/grafo8655.95.graphml,95,135,C,repaired,7,11,10,,280072255,120.008,1,
rome,rome/rome/grafo8662.91.graphml,91,133,C,repaired,6,11,10,refutation,236036212,97.109,1,
rome,rome/rome/grafo8718.97.graphml,97,122,C,repaired,5,9,8,refutation,65780194,26.091,1,
rome,rome/rome/grafo8659.92.graphml,92,135,C,repaired,7,11,10,,331228232,120.008,1,
rome,rome/rome/grafo8706.86.graphml,86,113,C,repaired,6,9,9,refutation,87533698,33.989,1,
rome,rome/rome/grafo8664.89.graphml,89,124,C,repaired,6,10,10,,342315008,120.008,1,
rome,rome/rome/grafo8740.87.graphml,87,115,C,repaired,6,10,9,refutation,82562632,32.201,1,
rome,rome/rome/grafo8673.98.graphml,98,140,C,repaired,7,11,10,,256880324,120.01,1,
rome,rome/rome/grafo8674.100.graphml,100,135,C,repaired,7,10,9,,245377654,120.011,1,
rome,rome/rome/grafo8761.89.graphml,89,117,C,repaired,6,9,9,refutation,19937117,10.348,1,
rome,rome/rome/grafo8675.93.graphml,93,130,C,repaired,7,10,10,,262762496,120.008,1,
rome,rome/rome/grafo8739.99.graphml,99,135,C,repaired,6,11,9,refutation,89756105,43.23,1,
rome,rome/rome/grafo8733.88.graphml,88,121,C,repaired,6,9,9,refutation,78332587,46.014,1,
rome,rome/rome/grafo8755.93.graphml,93,125,C,repaired,5,9,9,refutation,73815920,30.663,1,
rome,rome/rome/grafo8762.86.graphml,86,116,C,repaired,6,10,9,refutation,27094615,14.84,1,
rome,rome/rome/grafo8774.88.graphml,88,129,C,repaired,7,10,9,refutation,20352327,10.811,1,
rome,rome/rome/grafo8784.94.graphml,94,130,C,repaired,7,10,9,refutation,20769342,12.781,1,
rome,rome/rome/grafo8786.91.graphml,91,126,C,repaired,6,9,9,refutation,25682803,13.028,1,
rome,rome/rome/grafo8767.86.graphml,86,118,C,repaired,6,9,9,refutation,37120863,19.768,1,
rome,rome/rome/grafo8684.86.graphml,86,118,C,repaired,6,10,10,,359157760,120.009,1,
rome,rome/rome/grafo8779.88.graphml,88,123,C,repaired,7,10,9,refutation,57760009,22.563,1,
rome,rome/rome/grafo8726.87.graphml,87,128,C,repaired,7,10,10,refutation,188562507,76.154,1,
rome,rome/rome/grafo8802.91.graphml,91,131,C,repaired,7,10,9,refutation,37532009,19.83,1,
rome,rome/rome/grafo8701.90.graphml,90,130,C,repaired,6,11,11,,265740288,120.008,1,
rome,rome/rome/grafo8719.93.graphml,93,136,C,repaired,7,12,11,,215954869,120.007,1,
rome,rome/rome/grafo8720.100.graphml,100,132,C,repaired,6,10,9,,300060838,120.008,1,
rome,rome/rome/grafo8764.87.graphml,87,125,C,repaired,7,10,10,refutation,179753233,69.187,1,
rome,rome/rome/grafo8792.98.graphml,98,132,C,repaired,6,10,9,refutation,132969574,57.373,1,
rome,rome/rome/grafo8744.90.graphml,90,127,C,repaired,6,10,10,,346771456,120.008,1,
rome,rome/rome/grafo8747.89.graphml,89,130,C,repaired,7,11,10,,288838204,120.008,1,
rome,rome/rome/grafo8813.88.graphml,88,125,C,repaired,6,9,9,refutation,40977440,19.026,1,
rome,rome/rome/grafo8753.91.graphml,91,125,C,repaired,6,11,11,,326725632,120.009,1,
rome,rome/rome/grafo8796.88.graphml,88,122,C,repaired,6,10,9,refutation,189600751,74.092,1,
rome,rome/rome/grafo8780.96.graphml,96,141,C,repaired,6,10,9,refutation,232764687,110.313,1,
rome,rome/rome/grafo8777.98.graphml,98,140,C,repaired,7,11,10,,307343708,120.011,1,
rome,rome/rome/grafo8790.97.graphml,97,133,C,repaired,7,10,10,,306778112,120.013,1,
rome,rome/rome/grafo8791.94.graphml,94,136,C,repaired,6,11,10,,367624077,120.009,1,
rome,rome/rome/grafo8793.100.graphml,100,138,C,repaired,6,10,10,,260628480,120.008,1,
rome,rome/rome/grafo8800.93.graphml,93,129,C,repaired,6,10,9,,378126422,120.008,1,
rome,rome/rome/grafo8803.96.graphml,96,135,C,repaired,6,9,9,refutation,243846693,107.53,1,
rome,rome/rome/grafo8842.89.graphml,89,122,C,repaired,6,10,9,refutation,26812474,19.328,1,
rome,rome/rome/grafo8818.89.graphml,89,121,C,repaired,5,9,9,refutation,167054973,85.286,1,
rome,rome/rome/grafo8807.87.graphml,87,131,C,repaired,7,12,11,,227029589,120.013,1,
rome,rome/rome/grafo8811.96.graphml,96,127,C,repaired,5,9,9,,279605248,120.007,1,
rome,rome/rome/grafo8812.99.graphml,99,155,C,repaired,7,13,13,,234106880,120.009,1,
rome,rome/rome/grafo8851.90.graphml,90,116,C,repaired,5,9,8,refutation,44755205,31.407,1,
rome,rome/rome/grafo8854.89.graphml,89,123,C,repaired,6,10,9,refutation,53147810,33.987,1,
rome,rome/rome/grafo8817.88.graphml,88,127,C,repaired,7,12,11,,172310948,120.011,1,
rome,rome/rome/grafo8822.88.graphml,88,120,C,repaired,7,9,9,refutation,215615201,110.31,1,
rome,rome/rome/grafo8846.94.graphml,94,121,C,repaired,5,10,9,refutation,120056609,59.072,1,
rome,rome/rome/grafo8821.94.graphml,94,131,C,repaired,7,11,11,,222121984,120.011,1,
rome,rome/rome/grafo8872.88.graphml,88,117,C,repaired,6,10,9,refutation,18267593,13.215,1,
rome,rome/rome/grafo8823.93.graphml,93,136,C,repaired,8,12,11,,196716905,120.011,1,
rome,rome/rome/grafo8876.88.graphml,88,127,C,repaired,6,10,9,refutation,14428540,11.738,1,
rome,rome/rome/grafo8825.92.graphml,92,124,C,repaired,6,9,9,,256065536,120.01,1,
rome,rome/rome/grafo8858.92.graphml,92,127,C,repaired,6,10,9,refutation,68359129,34.265,1,
rome,rome/rome/grafo8881.91.graphml,91,130,C,repaired,6,9,9,refutation,18428230,14.324,1,
rome,rome/rome/grafo8840.90.graphml,90,117,C,repaired,6,9,9,refutation,192972255,92.252,1,
rome,rome/rome/grafo8826.100.graphml,100,152,C,repaired,8,12,11,,175268949,120.013,1,
rome,rome/rome/grafo8836.88.graphml,88,121,C,repaired,7,10,10,,218730496,120.012,1,
rome,rome/rome/grafo8837.87.graphml,87,123,C,repaired,6,10,10,,202305536,120.011,1,
rome,rome/rome/grafo8888.99.graphml,99,125,C,repaired,6,9,8,refutation,48588595,35.455,1,
rome,rome/rome/grafo8855.100.graphml,100,134,C,repaired,6,10,9,refutation,176646481,95.203,1,
rome,rome/rome/grafo8922.92.graphml,92,130,C,repaired,6,10,9,refutation,21023125,11.701,1,
rome,rome/rome/grafo8856.97.graphml,97,126,C,repaired,5,9,9,,208908288,120.012,1,
rome,rome/rome/grafo8857.99.graphml,99,135,C,repaired,6,10,10,,227446784,120.012,1,
rome,rome/rome/grafo8864.98.graphml,98,141,C,repaired,6,11,11,,184045568,120.009,1,
rome,rome/rome/grafo8865.100.graphml,100,135,C,repaired,6,11,10,,249308070,120.012,1,
rome,rome/rome/grafo8900.94.graphml,94,126,C,repaired,7,10,9,refutation,148161234,87.265,1,
rome,rome/rome/grafo8867.97.graphml,97,147,C,repaired,7,11,11,,323801088,120.012,1,
rome,rome/rome/grafo8925.89.graphml,89,121,C,repaired,6,10,9,refutation,26814918,20.111,1,
rome,rome/rome/grafo8878.93.graphml,93,130,C,repaired,6,10,9,,352575189,120.011,1,
rome,rome/rome/grafo8882.100.graphml,100,158,C,repaired,8,13,13,,231309312,120.009,1,
rome,rome/rome/grafo8892.100.graphml,100,140,C,repaired,7,10,10,,204812288,120.012,1,
rome,rome/rome/grafo8893.96.graphml,96,144,C,repaired,7,10,10,,268197888,120.008,1,
rome,rome/rome/grafo8924.89.graphml,89,125,C,repaired,6,10,9,refutation,78797393,42.003,1,
rome,rome/rome/grafo8904.92.graphml,92,124,C,repaired,6,10,9,,253020647,120.008,1,
rome,rome/rome/grafo8905.100.graphml,100,127,C,repaired,5,9,8,,218625585,120.011,1,
rome,rome/rome/grafo8908.96.graphml,96,135,C,repaired,7,11,10,,186442213,120.011,1,
rome,rome/rome/grafo8910.91.graphml,91,124,C,repaired,6,9,9,,219533312,120.013,1,
rome,rome/rome/grafo8921.98.graphml,98,152,C,repaired,7,13,13,,173117440,120.013,1,
rome,rome/rome/grafo8923.90.graphml,90,131,C,repaired,7,11,10,,220009021,120.012,1,
rome,rome/rome/grafo8969.94.graphml,94,134,C,repaired,6,10,9,refutation,83994787,61.806,1,
rome,rome/rome/grafo8951.93.graphml,93,125,C,repaired,5,10,9,refutation,147520612,100.855,1,
rome,rome/rome/grafo8927.88.graphml,88,127,C,repaired,7,10,10,,275968000,120.011,1,
rome,rome/rome/grafo8942.96.graphml,96,127,C,repaired,6,9,9,,319397888,120.008,1,
rome,rome/rome/grafo8943.98.graphml,98,146,C,repaired,7,12,11,,165343819,120.012,1,
rome,rome/rome/grafo9004.85.graphml,85,120,C,repaired,5,10,9,refutation,14459019,9.862,1,
rome,rome/rome/grafo8944.97.graphml,97,126,C,repaired,6,9,9,,316166144,120.013,1,
rome,rome/rome/grafo8945.94.graphml,94,132,C,repaired,6,11,10,,235573046,120.011,1,
rome,rome/rome/grafo9012.91.graphml,91,129,C,repaired,6,10,9,refutation,20489252,15.143,1,
rome,rome/rome/grafo8953.94.graphml,94,129,C,repaired,6,11,9,,210942504,120.011,1,
rome,rome/rome/grafo8954.91.graphml,91,132,C,repaired,7,11,11,,176824320,120.011,1,
rome,rome/rome/grafo8956.92.graphml,92,120,C,repaired,6,9,9,,286973952,120.013,1,
rome,rome/rome/grafo8957.90.graphml,90,133,C,repaired,6,11,11,,243642368,120.014,1,
rome,rome/rome/grafo9198.81.graphml,81,131,C,repaired,7,11,10,refutation,14522751,10.563,1,
rome,rome/rome/grafo9139.85.graphml,85,122,C,repaired,6,10,9,refutation,25608027,19.27,1,
rome,rome/rome/grafo9171.84.graphml,84,124,C,repaired,7,11,9,refutation,29826603,23.606,1,
rome,rome/rome/grafo8960.95.graphml,95,129,C,repaired,6,10,9,,234848382,120.009,1,
rome,rome/rome/grafo8963.92.graphml,92,139,C,repaired,7,12,11,,184023577,120.01,1,
rome,rome/rome/grafo9217.88.graphml,88,122,C,repaired,5,10,9,refutation,34970948,22.108,1,
rome,rome/rome/grafo9299.92.graphml,92,126,C,repaired,6,10,9,refutation,24560811,17.614,1,
rome,rome/rome/grafo9122.79.graphml,79,111,C,repaired,6,10,10,refutation,90791841,51.004,1,
rome,rome/rome/grafo9327.89.graphml,89,128,C,repaired,6,10,9,refutation,16007258,11.291,1,
rome,rome/rome/grafo8970.97.graphml,97,127,C,repaired,6,10,9,,193655084,120.011,1,
rome,rome/rome/grafo8991.99.graphml,99,133,C,repaired,6,10,9,,232853975,120.009,1,
rome,rome/rome/grafo9315.87.graphml,87,117,C,repaired,6,10,9,refutation,35189359,25.159,1,
rome,rome/rome/grafo9396.88.graphml,88,123,C,repaired,6,9,9,refutation,45676524,22.286,1,
rome,rome/rome/grafo9252.84.graphml,84,119,C,repaired,7,11,10,refutation,83899017,46.443,1,
rome,rome/rome/grafo8997.96.graphml,96,141,C,repaired,6,12,11,,243637313,120.012,1,
rome,rome/rome/grafo9436.82.graphml,82,126,C,repaired,7,10,10,refutation,18187265,14.527,1,
rome,rome/rome/grafo9406.84.graphml,84,120,C,repaired,6,10,10,refutation,59255229,36.316,1,
rome,rome/rome/grafo9314.88.graphml,88,123,C,repaired,7,10,9,refutation,96150484,65.221,1,
rome,rome/rome/grafo9135.85.graphml,85,129,C,repaired,6,11,10,refutation,214957682,97.526,1,
rome,rome/rome/grafo9450.84.graphml,84,125,C,repaired,6,10,10,refutation,29010830,20.263,1,
rome,rome/rome/grafo9056.96.graphml,96,135,C,repaired,6,9,9,refutation,176913679,110.373,1,
rome,rome/rome/grafo9227.88.graphml,88,125,C,repaired,6,10,10,refutation,151078953,86.809,1,
rome,rome/rome/grafo9008.91.graphml,91,136,C,repaired,7,11,11,,238776320,120.008,1,
rome,rome/rome/grafo9027.87.graphml,87,129,C,repaired,7,12,11,,184311903,120.012,1,
rome,rome/rome/grafo9580.97.graphml,97,120,C,repaired,5,9,8,refutation,17531922,10.386,1,
rome,rome/rome/grafo9236.80.graphml,80,120,C,repaired,6,11,10,refutation,219761921,102.614,1,
rome,rome/rome/grafo9577.97.graphml,97,124,C,repaired,5,8,8,refutation,35811593,24.715,1,
rome,rome/rome/grafo9414.75.graphml,75,114,C,repaired,7,11,11,refutation,201925450,83.296,1,
rome,rome/rome/grafo9581.91.graphml,91,129,C,repaired,5,10,9,refutation,39758279,23.543,1,
rome,rome/rome/grafo9337.86.graphml,86,124,C,repaired,6,10,10,,329428992,120.01,1,
rome,rome/rome/grafo9629.83.graphml,83,112,C,repaired,6,10,9,refutation,35195477,23.748,1,
rome,rome/rome/grafo9432.89.graphml,89,122,C,repaired,6,10,9,refutation,181114066,93.861,1,
rome,rome/rome/grafo9357.99.graphml,99,147,C,repaired,7,13,12,,158977434,120.013,1,
rome,rome/rome/grafo9362.98.graphml,98,143,C,repaired,7,11,11,,191905792,120.012,1,
rome,rome/rome/grafo9464.85.graphml,85,126,C,repaired,6,11,10,refutation,169997378,83.261,1,
rome,rome/rome/grafo9429.86.graphml,86,127,C,repaired,6,11,10,,183361083,120.012,1,
rome,rome/rome/grafo9691.79.graphml,79,125,C,repaired,8,11,11,refutation,32369161,19.309,1,
rome,rome/rome/grafo9706.88.graphml,88,122,C,repaired,6,10,9,refutation,31647828,15.043,1,
rome,rome/rome/grafo9619.79.graphml,79,111,C,repaired,6,10,10,refutation,75683048,50.342,1,
rome,rome/rome/grafo9747.80.graphml,80,121,C,repaired,7,10,10,refutation,29148615,20.204,1,
rome,rome/rome/grafo9542.87.graphml,87,136,C,repaired,7,11,11,,191463424,120.012,1,
rome,rome/rome/grafo9550.85.graphml,85,125,C,repaired,7,10,10,,220164096,120.012,1,
rome,rome/rome/grafo9553.79.graphml,79,123,C,repaired,7,11,11,,292876288,120.008,1,
rome,rome/rome/grafo9565.86.graphml,86,111,C,repaired,5,9,8,,316817556,120.008,1,
rome,rome/rome/grafo9576.92.graphml,92,123,C,repaired,6,10,9,,269058631,120.012,1,
rome,rome/rome/grafo9742.92.graphml,92,125,C,repaired,5,10,9,refutation,86781006,40.999,1,
rome,rome/rome/grafo9784.85.graphml,85,120,C,repaired,6,9,9,refutation,19111510,14.729,1,
rome,rome/rome/grafo9788.80.graphml,80,124,C,repaired,7,11,10,refutation,32003580,20.45,1,
rome,rome/rome/grafo9823.90.graphml,90,126,C,repaired,6,10,9,refutation,16455325,13.452,1,
rome,rome/rome/grafo9596.88.graphml,88,123,C,repaired,6,10,10,,221265920,120.013,1,
rome,rome/rome/grafo9709.86.graphml,86,121,C,repaired,5,10,9,refutation,138924980,66.278,1,
rome,rome/rome/grafo9611.89.graphml,89,135,C,repaired,7,11,11,,233881600,120.01,1,
rome,rome/rome/grafo9832.92.graphml,92,130,C,repaired,6,10,9,refutation,42177849,27.577,1,
rome,rome/rome/grafo9630.95.graphml,95,128,C,repaired,6,10,9,,198859869,120.011,1,
rome,rome/rome/grafo9635.99.graphml,99,133,C,repaired,6,10,9,,284160132,120.013,1,
rome,rome/rome/grafo9676.89.graphml,89,124,C,repaired,6,10,9,,196850282,120.013,1,
rome,rome/rome/grafo9685.83.graphml,83,117,C,repaired,6,11,10,,267073160,120.012,1,
rome,rome/rome/grafo9699.86.graphml,86,129,C,repaired,7,12,11,,209201343,120.012,1,
rome,rome/rome/grafo9787.82.graphml,82,114,C,repaired,6,10,10,refutation,186049752,77.362,1,
rome,rome/rome/grafo9925.91.graphml,91,125,C,repaired,6,10,9,refutation,16308233,12.299,1,
rome,rome/rome/grafo9759.81.graphml,81,113,C,repaired,6,10,10,refutation,197688838,92.922,1,
rome,rome/rome/grafo9738.100.graphml,100,141,C,repaired,6,12,11,,191141945,120.012,1,
rome,rome/rome/grafo9914.91.graphml,91,120,C,repaired,6,10,9,refutation,32223479,23.75,1,
rome,rome/rome/grafo9945.91.graphml,91,123,C,repaired,6,9,9,refutation,24540444,15.06,1,
rome,rome/rome/grafo9753.85.graphml,85,120,C,repaired,6,10,10,refutation,182482901,106.201,1,
rome,rome/rome/grafo9846.81.graphml,81,111,C,repaired,7,10,10,refutation,138011538,83.866,1,
rome,rome/rome/grafo9987.91.graphml,91,118,C,repaired,6,9,8,refutation,29174716,13.837,1,
rome,rome/rome/grafo9962.97.graphml,97,124,C,repaired,6,9,8,refutation,34022782,22.116,1,
rome,rome/rome/grafo9842.89.graphml,89,123,C,repaired,6,10,10,,223731712,120.009,1,
rome,rome/rome/grafo9993.91.graphml,91,128,C,repaired,6,10,9,refutation,79083741,45.293,1,
rome,rome/rome/grafo9850.95.graphml,95,128,C,repaired,5,9,9,,302518272,120.008,1,
rome,rome/rome/grafo9854.91.graphml,91,134,C,repaired,7,12,11,,234051102,120.008,1,
rome,rome/rome/grafo9863.91.graphml,91,117,C,repaired,6,10,9,,315159191,120.009,1,
rome,rome/rome/grafo9864.91.graphml,91,130,C,repaired,6,11,11,,318828544,120.008,1,
rome,rome/rome/grafo9887.91.graphml,91,127,C,repaired,6,11,10,,184575073,120.008,1,
rome,rome/rome/grafo9950.100.graphml,100,128,C,repaired,5,8,8,refutation,123570796,73.545,1,
rome,rome/rome/grafo9894.91.graphml,91,128,C,repaired,7,10,10,,256311296,120.008,1,
rome,rome/rome/grafo9973.96.graphml,96,144,C,repaired,7,11,10,refutation,155146604,88.917,1,
rome,rome/rome/grafo9911.91.graphml,91,119,C,repaired,6,10,10,,278364160,120.009,1,
rome,rome/rome/grafo9932.91.graphml,91,132,C,repaired,6,12,11,,252608595,120.008,1,
rome,rome/rome/grafo9948.91.graphml,91,127,C,repaired,6,10,10,,255303680,120.009,1,
rome,rome/rome/grafo9995.94.graphml,94,137,C,repaired,7,11,10,,258288253,120.008,1,
