candidate,n,kind,restart,evaluations,skipped,best_viol,best_key,best_optimum,best_edges,max_trace
cut-branch,15,tree,0,210,12101,0,0000000/0000000/0000000/0000001/0000000/0100000/0000000/0000010/0000000/0010000/0000000/0000000/1000000/0000000/0001100,1,0,0
cut-branch,15,tree,1,210,8432,0,000000000/000000100/001000000/000000000/000000010/000100000/000010000/000000001/000000000/000000000/000000000/000000000/000000000/100000000/010000000,1,0,0
cut-branch,15,bern,1,210,135,0,0110100100001000111100/1000000100000010010000/0110110000010000010000/0000101010100000001000/0100000000000000100010/0000000000000000000000/1000000000000100000000/0000100001100000100111/0101001000100101000000/0001000000000001000000/0001101000001000100000/0010110100110000000010/0000100011000001000000/1000000100000000000010/0001001010100000000000,8,55,0
cut-branch,15,bern,0,210,89,0,0000000000000000000011/0001000010110100100100/0000000000000011000000/0000111001011000000100/0000000100000000000011/1000000010000000001100/0010001010101000010000/0000000010010000101000/0110001000000000000000/0100000000000000000000/0000100001100000010000/0001011000100010000000/0000000000000000000000/1010001001001000100000/1001110000100000010100,7,38,0
sep-branch,15,tree,0,210,12927,0,00000000/00000000/00010000/11001000/00000100/00000000/00000000/00100000/00000000/00000000/00000000/00000000/00000000/00000000/00000000,1,0,0
sep-branch,15,tree,1,210,8439,0,000000000/000000000/000000000/000000000/000000000/100000000/000000000/000000000/001001110/010010000/000000000/000100000/000000000/000000000/000000000,1,0,0
cut-branch,15,gap,1,210,853,0,0000000000/0000000000/1010000000/1110100010/0000000000/0000000000/0000000000/0000010000/0000000000/0000000000/0001000100/0000001001/0000000000/0000000000/0000000000,2,1,0
cut-branch,15,gap,0,210,21,0,0100010000/0100010101/0010000000/0010010100/0010000000/1000000000/0000000000/0000000000/0000100110/0000100000/0000000000/0000000000/0000001001/1000001010/0001000000,3,13,0
sep-branch,15,bern,1,210,59,0,100000000000000/000001000000000/000000000000000/000000000000011/000000000000000/000000010000000/000001000001001/000000100000000/000100100100010/000000000000000/010000000000000/001000000100101/000010001000000/000010001010000/001000000000100,3,9,0
sep-branch,15,gap,0,210,7452,0,0000000000/0000010000/0000000000/0000000000/0000000000/1000000000/0000100000/0100000000/0001000000/0010000100/0000001010/0000000000/0000000000/0000000001/0000000000,1,0,0
sep-branch,15,gap,1,210,991,0,1000000010/0000000000/0000000000/0000010000/0000000000/0000001000/0000000100/0000000000/0000000000/0101100000/0100100001/0000000000/0010000000/0000000000/0000000000,2,1,0
contract-branch,15,tree,1,210,14578,0,0000000/0000000/0000000/0101000/0000100/0000000/0000000/0010000/0000000/0000000/0000000/0000000/0000000/1000000/0000000,1,0,0
contract-branch,15,tree,0,210,18911,0,00000000/00001000/00000000/00000000/00000000/01000000/00000000/10000000/00100000/00000000/00000000/00000000/00010100/00000000/00000000,1,0,0
sep-branch,15,bern,0,210,112,0,0110001100001000100010/0000101010100101011011/0000000010100010010000/0010001100000000001010/0101000000010000000000/1000000000000000000000/1000101000001001001001/0000000000000000000000/0000000011000010010000/1010001000000000100010/0100100000000000000000/0100010000110000000000/0000000000000001000001/0000100000000001001101/0010001000001110010010,6,39,0
contract-branch,15,bern,0,210,69,0,0000000000000000000000/0000000100000000000000/0001000000000000000000/0000010000000000000001/0100000000000001100000/1000100000001000000000/0000100000000000000100/0000000000010001100000/0000000001000000010110/0010000000000000000000/0000000000000000001001/1000000001100010010000/1000000000100100000010/0000000010000000000000/0000011000000100000000,4,11,0
contract-branch,15,bern,1,210,65,0,1101000000100000000000/0000000100001010000000/0000010000000101000000/1001000000000011100100/0000001000000000001000/0100000000000000000000/1000000000000000000000/0010011100000100000010/0101100110010000001000/0000000000000000000000/0000000001000000000000/0000000000000000000100/0000100000010000010001/0000100000011000000000/0000000000000000000010,4,21,0
cut-branch,14,tree,1,210,15003,0,00000000/00000000/00000000/00000000/00100001/00000000/00010000/11000000/00000000/00000000/00000000/00000100/00000000/00001010,1,0,0
cut-branch,14,tree,0,210,16378,0,001000000/000000000/000000000/000000000/010000000/000000100/000000000/000000000/000100000/000000000/000000000/100001010/000000000/000010000,1,0,0
cut-branch,14,bern,0,210,5542,0,00000000100011/00000000000000/00000000000000/00000000010100/00000000000011/00000000000000/00001000000000/00000000000000/00010000000000/00000000000000/00000100000000/10000010000000/00100000001000/01000000000000,2,1,0
contract-branch,15,gap,0,210,1458,0,0000000001/0000000000/1000001000/0000000000/0010000000/0100000000/0000000000/0000000000/0000000000/0000000000/1000001010/0000100000/0000000000/0001010100/0000000000,2,1,0
cut-branch,14,gap,0,210,3342,0,000000000/000000000/101101011/010000000/000010000/000000000/000000000/000000000/000000000/000000000/000000000/000000000/000100110/101001000,2,2,0
cut-branch,14,gap,1,210,9122,0,0000000000/1000000000/0000000000/0000101000/0000000000/0000010000/0010000000/0000000000/0000000100/0001000000/0000000010/0100000000/0000000000/0000000000,1,0,0
sep-branch,14,tree,0,210,19014,0,000000/000000/000000/000000/000000/010100/000000/100000/000000/000000/000000/001001/000000/000000,1,0,0
sep-branch,14,tree,1,210,6387,0,00001000/00100001/00000000/00000000/00000000/10000000/00000100/00000000/01000000/00000000/00000000/00010000/00000000/00000000,1,0,0
sep-branch,14,bern,0,210,506,0,00100010100001/00000111100011/00000000000000/00000000000000/10001000001000/00000000000000/00000000000000/00000000010100/00000000000000/00000000000000/00000010100001/01010000000000/00000000000000/00000000010100,3,4,0
contract-branch,15,gap,1,210,19,0,0000000010/0000000000/0000000000/0010000000/0100100001/0001010100/0001000010/1000000001/0001010000/0000100100/0000000000/0010000000/0000001000/0000001000/0000000000,3,9,0
cut-branch,14,bern,1,210,1552,0,000011100000000001000/000000000000000000010/000000000000000100000/000000000000000000000/000000100001000001000/100000000100011000000/000000000000100000000/000000010000000000000/000000000010000000001/110000000000010000000/000000000000000000100/000000000000000010000/000100000000000000000/001000001000000000000,2,2,0
sep-branch,14,gap,0,210,1616,0,0000000000/0000000000/0000000000/0000000000/0000000001/0001000110/0000000000/0000000110/0000000000/0000000000/0000000000/0000100000/1000001000/0010010000,2,1,0
sep-branch,14,gap,1,210,3021,0,0000000000/0100100010/0000000000/0010000000/0000000000/0000010001/0000000000/0000000100/0000000000/0000000000/0000000000/0000100010/1001001000/0000000000,2,1,0
sep-branch,14,bern,1,210,70,0,000000000100000010001/000000110000000000000/000010010000010100000/000010100001010000000/000000010100001100011/001000000001000000100/001000000000000000000/000000000000000001000/100100000000000000001/000001001010000000000/010000000000100000000/000101001010001000010/000000000000000000000/000000000000000000000,3,13,0
contract-branch,14,tree,1,210,16610,0,0000000/0000000/0000000/0000000/0100000/0000001/0000000/0010000/0000000/1000110/0001000/0000000/0000000/0000000,1,0,0
contract-branch,14,tree,0,210,22804,0,1000000/0000000/0000010/0000000/0100000/0000000/0010000/0000000/0000000/0000000/0001000/0000000/0000000/0000000,1,0,0
contract-branch,14,bern,1,210,67,0,010000000010000000000/000000000000000000001/000000000000000101000/001001100000001000000/000000000000100000000/000001010001000000000/000000000000000000000/000000100100000010000/000000000000010000000/000000000000000000000/000100000000000000010/010000000000000000000/000100001010010000110/101010000000001101001,2,9,0
contract-branch,14,gap,0,210,45,0,0000000000/0000000010/0100001001/0000001000/0000000000/0000000001/0001010100/0000000000/1010010000/0000000000/1010100000/0100000000/0000100000/0000000010,2,7,0
cut-branch,13,tree,0,210,7859,0,10000000/00000000/00000000/00000000/00100000/00000000/01000000/00000000/00010000/00000100/00001000/00000000/00000000,1,0,0
contract-branch,14,bern,0,210,66,0,00000000000000/01010000000000/00000000000000/10000110100001/00001001101001/10000010100001/00100000000000/01010000000000/00001001000100/10100100000000/00001000000010/00000000010000/10000110101100/00100010010001,5,22,0
cut-branch,13,bern,0,210,88,0,0000000000000/0100110100000/1100000010000/0000001000000/0000000000000/0000010101000/0000000000000/0011100101111/0010000000100/0000000000000/0001000000000/0010000000000/0100000111001,4,12,0
cut-branch,13,tree,1,210,12328,0,00000000/00000000/00000100/00100000/00000000/00000000/00000000/00000000/00000001/01001000/00000000/00000000/10010000,1,0,0
cut-branch,13,bern,1,210,113,0,0000001000010/0000000000100/0000000100000/0000000000000/0000100000000/0000000000000/1000000010001/1000010000001/0000010000000/0111000000000/0000000000000/0011000000000/0011000001000,3,5,0
cut-branch,13,gap,0,210,538,0,0000000000/0000000001/0010000000/0000000000/1000000010/0100000000/0000100000/0000000000/0000000000/0000000000/0001011100/0000000000/0000000000,1,0,0
cut-branch,13,gap,1,210,8607,0,0000000001/0000000000/1001001110/0000000000/0000010000/0000000000/0000000000/0000100000/0000000000/1001001000/0000000000/0010000000/0100000000,2,1,0
contract-branch,14,gap,1,210,3034,0,0000010000/0000000000/0100000000/0000000001/0000000000/0000100000/0000000000/0000000000/0000000000/0000000110/0000000000/0000001000/1001000000/0010000000,1,0,0
sep-branch,13,tree,0,210,20165,0,0000000/0010000/0000000/0000000/0000100/0000000/0000010/0000000/0100000/0001000/0000000/0000000/0000000,1,0,0
sep-branch,13,bern,0,210,5486,0,0010000000010000000/0000000001000000010/0000100000000000000/0000000000000000000/1000000000000000000/0000000010001000100/0000000000000000000/0000010000000000000/0000000000000010000/0100000100000001000/0001001000000100001/0000000000100000000/0000000000000000000,1,0,0
sep-branch,13,tree,1,210,21868,0,0000000/0000100/0000000/0010000/0000000/0000000/0000000/0000000/0100000/0001000/0000000/1000000/0000000,1,0,0
sep-branch,13,bern,1,210,80,0,0000010001001/0000000000000/0000000011001/0000000000000/0000000000000/1000100000110/0000000000000/0010000000000/0000001000000/0000000000000/0100000000000/1101000000100/0000000100000,2,3,0
sep-branch,13,gap,0,210,15248,0,0000000100/0000000000/0010000000/0000001000/0001000010/0100000000/0000010000/0000000000/0000000000/0000000001/0000000000/0000100000/1000000000,1,0,0
sep-branch,13,gap,1,210,7173,0,0000000001/0000000000/0000101000/1000000000/0010000000/0000000000/0000000010/0000000000/0000000100/0000000000/0000000000/0001010000/0100000000,1,0,0
contract-branch,13,tree,0,210,18929,0,0000010/0000000/0000000/0000000/0000000/0000000/0001000/0000100/0000000/0000000/1100000/0000000/0010000,1,0,0
contract-branch,13,tree,1,210,26362,0,0000000/0000000/0000000/0001000/0000000/0000000/0100000/0000000/0000000/0000000/0010000/0000000/1000100,1,0,0
contract-branch,13,bern,0,210,231,0,0000000000000000000/0000000000000000000/0000000000000010000/0000000000000001000/0011110110001000001/0001100000010000101/0000001000000000000/0000000000000000000/0000000000000000010/0010000011001000000/1000000000010100100/0000000100000000000/0100000000100000000,2,4,0
contract-branch,13,bern,1,210,76,0,0010001110010/0000000001010/0000000101010/1000000010000/0011000001001/0100000000000/0000000000100/0010001000001/1000010000000/0000000000000/0001000000100/0000100000000/0000000000010,4,15,0
contract-branch,13,gap,0,210,1126,0,1100000000/0000000000/0000000000/0000000100/0000000000/0000000000/0001000010/0001000010/0000000000/0000000000/0000101001/0000010000/0010000000,2,1,0
cut-branch,12,tree,0,210,20624,0,000001/010000/000000/000000/000000/000000/000000/001000/000000/000000/100000/000100,1,0,0
cut-branch,12,bern,1,210,1542,0,000010010000/000000000000/000100101000/000000000001/000000000000/000000000000/000000000000/000000000010/001010010100/000000000000/010001000000/100100101000,2,2,0
cut-branch,12,tree,1,210,19502,0,0101000/0000000/0000000/0010000/0000000/1000001/0000000/0000000/0000000/0000000/0000000/0000100,1,0,0
cut-branch,12,bern,0,210,9745,0,000000000001/001000100000/000000000000/000000000100/000001000010/010000000000/000000000000/000000000000/000000000000/000010000000/000000001000/000100010000,1,0,0
cut-branch,12,gap,0,210,2540,0,0000000000/0000010001/0000010001/0010001110/0000000000/1000100000/0000000000/0000000000/0010001010/0000000000/0101000000/0000000000,2,2,0
cut-branch,12,gap,1,210,10499,0,0000000000/0000000010/0010000000/0001000000/0000000000/0000000000/0000000100/0000000000/0000001000/0000100000/1000000000/0100010000,1,0,0
contract-branch,13,gap,1,210,2349,0,0000000000/1000101000/0000000000/0000000001/0000000000/0000000010/0000000000/0000101000/0001000000/0000000000/0100010000/0000000100/0010000000,2,1,0
sep-branch,12,tree,0,210,20606,0,0000000/0000000/0000000/0000000/0100000/0000000/0001100/0000000/1000000/0000000/0000001/0010000,1,0,0
sep-branch,12,tree,1,210,24442,0,00001/10000/01000/00000/00000/00100/00000/00000/00000/00000/00000/00000,1,0,0
sep-branch,12,gap,0,210,9351,0,0100000100/1000001000/0000010010/0000100001/0000000000/0000000000/0000000000/0010000000/0000000000/0000000000/0000100001/0000000000,2,1,0
sep-branch,12,bern,0,210,138,0,000000000000000000/110001100101011000/000010000010100000/010010110011000101/000000100001001100/001100010000000011/000110101001100010/000000000000000000/000000000000000000/000001000000000000/000000000000000000/111010111100101010,5,17,0
sep-branch,12,bern,1,210,7129,0,000000000000001010/000100000000000000/001010001000000000/000000000000000000/000000000001000100/000000000000000000/100000000010000000/000001000000000000/000000010000000000/010000100000000000/000000000100110000/000000000000000001,1,0,0
sep-branch,12,gap,1,210,3219,0,0000001000/0000000000/0000000000/0000000000/0000010010/0100000100/0000000000/1000000000/0011000000/0000000001/0000100000/0000000000,1,0,0
contract-branch,12,tree,1,210,15528,0,00000000/00000000/00000000/00010000/10000000/01000000/00001000/00000000/00000000/00000001/00100100/00000000,1,0,0
contract-branch,12,bern,1,210,206,0,000001110000110111/010100010000100000/000011000100010101/010001101000110111/000101010110111001/000000000001000000/010000110110001011/001000000000000000/100000000000000000/100000000000000000/000000000000000000/000001101000000011,6,20,0
contract-branch,12,tree,0,210,27571,0,00010/00000/00000/01000/10000/00000/00000/00000/00000/00000/00000/00100,1,0,0
contract-branch,12,gap,0,210,242,0,0000000100/0000000000/1000001000/0010000001/0000000000/0101000000/1000000000/0010000001/0000000000/0000000010/0000010000/0000100000,2,2,0
contract-branch,12,bern,0,210,6498,0,001000001000000000/000000100010000000/100000000000000000/000000010000000000/000000000001010000/000100000000000000/010000000100000001/000001000000000100/000000000000001010/000010000000000000/000000000000100000/010000000000000001,2,1,0
cut-branch,11,tree,1,210,20753,0,00000000/00000000/00100000/00000100/00010010/01000000/00000000/10001000/00000000/00000000/00000000,1,0,0
contract-branch,12,gap,1,210,4675,0,000000000/000000100/000000000/001110000/000000000/000000001/010001000/000000010/100000000/000000000/000000000/000000000,1,0,0
cut-branch,11,bern,0,210,229,0,0010001101010111/0010001011000010/0000000000000000/0000000100000100/0000000000000000/0101110000100000/0010111000001010/1010101001110001/0000000000001000/0000110011111001/1011100111010000,6,23,0
cut-branch,11,tree,0,210,29691,0,0000000/0000000/0000100/0100000/0010000/0000000/1000000/0000000/0000000/0000000/0001000,1,0,0
cut-branch,11,bern,1,210,2526,0,0000000000001000/0000100001000011/0000000000000000/1000000000000000/0000000000000000/0110001110000000/0000010000010000/0000000000000100/0000000000100000/0001000000000000/0000001100000000,2,1,0
cut-branch,11,gap,0,210,2459,0,0100010001/1000010001/1000110001/0001000000/0100010001/0000000000/0000000010/0000000000/0000000100/0000000000/0000001000,4,6,0
cut-branch,11,gap,1,210,469,0,0000000000/0000000000/0010000000/0000000000/0000000001/0000000010/0000110100/1100001000/0000000000/1100000000/0001000000,2,1,0
sep-branch,11,tree,0,210,18927,0,10000001/00000000/00000000/00000000/00000000/00000100/00001000/00010000/01000000/00000000/00100000,1,0,0
sep-branch,11,bern,0,210,116,0,01000000001/00000000000/00000000001/00000100000/00000000010/00100001000/00101010100/00000000000/00110011100/00101111100/10010000000,4,9,0
sep-branch,11,gap,0,210,637,0,0010100101/0000000000/0000000000/0100010000/0000000000/1000001010/1001001010/0000100001/0000001010/0001001010/0000000000,4,7,0
sep-branch,11,tree,1,210,17015,0,001000/100000/000000/000001/000100/010000/000000/000000/000010/000000/000000,1,0,0
sep-branch,11,bern,1,210,125,0,1000100100000010/0010100100000000/1000001000000100/0100010010101000/0000000000000000/0000000000101001/0001000001000000/0000000000000000/0000001000000100/0100000000010000/1000100100010010,3,9,0
sep-branch,11,gap,1,210,3213,0,0010100100/0000000000/0001000010/0000000001/0000000000/0001001010/0000000000/1000000000/0000010000/0010000100/0000000000,2,2,0
contract-branch,11,bern,0,210,1130,0,11011010101/10001110110/00000000000/00000000000/00000000000/00000001000/01010000000/10001000100/00000000000/00000000000/10101000001,4,7,0
contract-branch,11,bern,1,210,4703,0,0010011000010001/1000000100000000/0100000000000100/0000000000000010/0000000000000000/0011100000100001/0000000001000000/0000000000000000/0000000010001000/0000000000000000/0000000010001000,2,2,0
contract-branch,11,tree,0,210,18499,0,001000/000100/000000/000000/000000/110000/000000/000010/000001/000000/000000,1,0,0
contract-branch,11,tree,1,210,22509,0,0010100/0000000/0000000/0000000/0000000/0000000/0001000/0000000/1100000/0000010/0000000,1,0,0
contract-branch,11,gap,1,210,2908,0,0000100000/1000000000/0000000101/0000000101/0100000000/0000000000/0000000000/0001000000/0000000000/0010000000/0000000010,2,1,0
contract-branch,11,gap,0,210,11063,0,1000100000/0000000000/0000000000/0000001000/0000000000/0000000010/0000000000/0001000000/0100010000/0000000100/0010000001,1,0,0
cut-branch,10,tree,0,210,28397,0,00000/00000/00000/01000/00000/00000/00000/10000/00110/00000,1,0,0
cut-branch,10,bern,1,210,5133,0,000000100010010/000000000000001/000000000001000/110000010000000/000000101010010/000000000000000/000100000100000/000000000000000/000010000000100/111000000000000,2,2,0
cut-branch,10,tree,1,210,25861,0,000000/110000/000000/000000/000000/000000/000110/000000/000000/001000,1,0,0
cut-branch,10,bern,0,210,21116,0,0000000001/0000000110/1000100000/0001010000/0000000000/0010001000/0000000000/0000000000/0100000000/0000000000,1,0,0
cut-branch,10,gap,0,210,14514,0,0000000011/1000000100/0000001000/0000110000/0101000000/0010000000/0000000000/0000000000/0000000000/0000000000,1,0,0
cut-branch,10,gap,1,210,8891,0,100000000/000010000/000000100/010100010/000000001/000100010/000000000/000001000/001000000/000000000,2,1,0
sep-branch,10,bern,0,210,606,0,001010110011100/000000000000000/010100011010101/100000000000000/010100000000000/000000000000000/000000110010000/000011001000111/000000000000000/000001001101101,4,9,0
sep-branch,10,bern,1,210,569,0,0100111000/1001000000/1001000000/0100111110/0000000000/0000000000/0100111000/0000000001/0000000000/0010000000,3,4,0
sep-branch,10,tree,1,210,30477,0,000000/000000/000000/100000/001000/000100/000000/010000/000000/000000,1,0,0
sep-branch,10,tree,0,210,24160,0,000000/000000/000100/000010/010000/100000/000000/001000/000000/000000,1,0,0
sep-branch,10,gap,0,210,12086,0,010000000/101001000/000000000/000000100/000000001/000010000/000000000/000000000/000100000/000000000,1,0,0
sep-branch,10,gap,1,210,9437,0,0000000001/1000010000/0000000000/0000000000/0000000100/0000000000/0000100000/0000000010/0001000000/0110001000,1,0,0
contract-branch,10,bern,0,210,4649,0,0000000010/0000000101/0100000000/1000000000/0000000000/0010100000/0000001000/0001000000/0000000000/0000010101,2,1,0
contract-branch,10,tree,0,210,23563,0,000000/000000/100000/000000/000000/001100/000010/000000/010000/000000,1,0,0
contract-branch,10,tree,1,210,21929,0,0000000/0000100/0010000/0000000/1000001/0100000/0001000/0000000/0000000/0000000,1,0,0
contract-branch,10,bern,1,210,8756,0,0010000000/0100000110/0000000001/0000100000/1000000000/0001000000/0000001000/0000010000/0000000000/0000000000,1,0,0
contract-branch,10,gap,0,210,7425,0,0000000000/0100000000/0000000000/1000101001/0010000000/0000000000/0000000010/0000100001/0000000000/0001000000,2,1,0
contract-branch,10,gap,1,210,10689,0,000000000/001000000/100000000/000001000/000010001/000000000/000000000/010010001/000000010/000100100,2,1,0
cut-branch,9,tree,1,210,27808,0,0011/0000/0000/0000/1000/0000/0000/0100/0000,1,0,0
cut-branch,9,bern,0,210,15714,0,010001000/000000000/001000000/000000000/100010000/000000001/000000010/000000100/000100000,1,0,0
cut-branch,9,tree,0,210,34851,0,000000/001100/000000/010001/000000/000000/000000/000000/000000,1,0,0
cut-branch,9,bern,1,210,12921,0,000100000/000000000/000000000/010000001/001000100/100000000/000010010/000000000/000000000,1,0,0
cut-branch,9,gap,1,210,22333,0,01100000/00000100/00000000/00010010/00000000/00000000/00001000/10000000/00000000,1,0,0
cut-branch,9,gap,0,210,18563,0,0000000000/0010000000/0000010101/0000100000/0001000010/1000000000/0100000000/0000001000/0000000000,1,0,0
sep-branch,9,tree,1,210,24927,0,00101/00000/00000/01000/00000/00000/10000/00010/00000,1,0,0
sep-branch,9,tree,0,210,32971,0,00000/00000/11001/00100/00000/00000/00000/00000/00000,1,0,0
sep-branch,9,bern,1,210,21337,0,000000000/000001000/000000010/010010000/000000000/000000100/000100001/100000000/001000000,1,0,0
sep-branch,9,gap,0,210,13841,0,10001011/00000000/10001011/00010000/00000000/00000000/00000000/00000000/01000100,2,1,0
sep-branch,9,bern,0,210,24841,0,0000000000000/0010000000001/0000001001000/0100000110000/0001010000000/1000000000000/0000100000010/0000000000000/0000000000100,1,0,0
sep-branch,9,gap,1,210,20216,0,00000000/00000000/00000000/00100001/00010000/00000000/00000100/10001000/01000000,1,0,0
contract-branch,9,tree,0,210,23420,0,000011/000000/000100/000000/000000/000000/010000/001000/100000,1,0,0
contract-branch,9,tree,1,210,37150,0,00000/01000/00000/00000/00000/00010/00100/00000/00000,1,0,0
contract-branch,9,bern,0,210,16208,0,0010000100000/0000000000000/0100010000000/0000000000000/0000101000100/0000000001000/0000000000001/0001000010010/0000000000000,1,0,0
contract-branch,9,gap,0,210,9982,0,001001001/000000100/000000010/000000000/100110000/000000000/000000000/000000000/110010000,2,1,0
contract-branch,9,bern,1,210,17158,0,100000000/001000000/000010000/000000010/000100000/000000000/000000100/000000000/010001001,1,0,0
cut-branch,8,tree,0,210,34832,0,00000/00000/01000/00000/00100/00010/00000/10000,1,0,0
cut-branch,8,bern,0,210,27402,0,10100000/00000010/00000000/01000001/00001000/00000000/00000000/00010100,1,0,0
cut-branch,8,tree,1,210,27585,0,00000/01000/00001/00000/00000/00100/00010/10000,1,0,0
contract-branch,9,gap,1,210,25804,0,000000000/000000000/000000000/000000011/000100100/000000000/000000000/000000000/101011000,1,0,0
cut-branch,8,bern,1,210,29240,0,00111000/00000011/00000000/10000100/00000000/01000000/00000000/00000000,1,0,0
cut-branch,8,gap,1,210,21003,0,1000000000/0010100001/0100001000/0000000000/0000000100/0001000010/0000000000/0000010000,1,0,0
cut-branch,8,gap,0,210,25614,0,10000000/00000011/00000000/00010000/00000000/01100000/00000000/00001100,1,0,0
sep-branch,8,tree,0,210,33433,0,00100/10000/00000/00010/01000/00000/00000/00000,1,0,0
sep-branch,8,bern,1,210,2850,0,001000000010/000000100000/010000010000/100111001000/000011000000/000100001000/000000000000/000000000101,2,2,0
sep-branch,8,tree,1,210,34219,0,00000/00000/00000/01000/00000/00100/10001/00000,1,0,0
sep-branch,8,bern,0,210,24328,0,00000001/00000000/00010100/00100000/00000000/01000000/10001010/00000000,1,0,0
sep-branch,8,gap,1,210,22413,0,0000000100/0000001000/0000000000/0101000000/0000110000/0010000000/0000000010/1000000001,1,0,0
sep-branch,8,gap,0,210,25800,0,001000111/000000000/000000000/010000000/000000000/100000000/000001000/000110000,1,0,0
contract-branch,8,tree,1,210,37382,0,000000/000000/000000/000100/000000/000000/110000/001000,1,0,0
contract-branch,8,bern,0,210,8994,0,000000000000/000100000000/000001000000/001010000000/110000000111/010000000110/000000011000/000000000000,2,1,0
contract-branch,8,tree,0,210,43677,0,000000/000000/000000/000000/000100/000000/011000/000000,1,0,0
contract-branch,8,bern,1,210,26357,0,00100000/00000000/00000100/00000000/00001000/10000000/00010010/01000001,1,0,0
contract-branch,8,gap,0,210,21785,0,000000000/000000010/000010000/010000000/001000000/100100100/000000001/000001000,1,0,0
contract-branch,8,gap,1,210,25277,0,0100000010/0010000001/0000001100/0000000000/0000010000/0000000000/0001100000/1000000000,1,0,0
