instance_name,source,config,n,m,col_mean,optimum,y,censored,pred,hit,predictor
ens_f_n100_m100_d2_i007,upward,default,100,100,2.13,7,5.576949167341471,False,6.184373875175773,True,linear + drift + gbm [row]
ens_f_n100_m100_d2_i004,upward,default,100,100,2.11,7,5.349966799180302,False,6.226186268124294,True,linear + drift + gbm [row]
ens_f_n100_m100_d2_i009,upward,default,100,100,2.12,7,5.2493671489196805,False,6.173852140485607,True,linear + drift + gbm [row]
ens_f_n100_m100_d2_i002,upward,default,100,100,2.14,7,5.365978161413372,False,6.437867829260047,False,linear + drift + gbm [row]
ens_f_n100_m100_d2_i012,upward,default,100,100,2.1,6,4.509000790741858,False,5.99010703897231,False,linear + drift + gbm [row]
ens_f_n100_m100_d2_i011,upward,default,100,100,2.11,6,4.865914927043164,False,6.100525511047053,False,linear + drift + gbm [row]
ens_f_n100_m100_d2_i015,upward,default,100,100,2.13,7,5.695156709672358,False,6.632941702018948,True,linear + drift + gbm [row]
ens_f_n100_m100_d2_i013,upward,default,100,100,2.08,6,5.114127053422838,False,6.16571954730557,False,linear + drift + gbm [row]
ens_f_n100_m100_d2_i005,upward,default,100,100,2.09,7,5.491578786806503,False,6.312806125149771,True,linear + drift + gbm [row]
ens_f_n100_m100_d2_i010,upward,default,100,100,2.13,8,6.022564041240552,False,6.717768422487243,True,linear + drift + gbm [row]
ens_f_n100_m100_d2_i006,upward,default,100,100,2.09,6,4.820483889003724,False,6.290504682163331,False,linear + drift + gbm [row]
ens_f_n100_m100_d2_i021,upward,default,100,100,2.16,7,5.4460631609360695,False,6.179380084949533,True,linear + drift + gbm [row]
ens_f_n100_m100_d2_i017,upward,default,100,100,2.14,7,5.244044444915564,False,6.10325448933318,True,linear + drift + gbm [row]
ens_f_n100_m100_d2_i016,upward,default,100,100,2.12,7,5.57806244159406,False,6.47986260506611,True,linear + drift + gbm [row]
ens_f_n100_m100_d2_i008,upward,default,100,100,2.13,6,4.975307706641893,False,6.488267169935982,False,linear + drift + gbm [row]
ens_f_n100_m100_d2_i018,upward,default,100,100,2.19,8,5.988412235090485,False,7.071688759622707,False,linear + drift + gbm [row]
ens_f_n100_m100_d2_i003,upward,default,100,100,2.16,7,5.571174075994106,False,6.554132325445186,True,linear + drift + gbm [row]
ens_f_n100_m100_d2_i020,upward,default,100,100,2.11,7,6.0708893573543525,False,6.171740082529599,True,linear + drift + gbm [row]
ens_f_n100_m100_d2_i019,upward,default,100,100,2.14,8,6.069534902712562,False,6.869284418783295,True,linear + drift + gbm [row]
ens_f_n100_m100_d2_i023,upward,default,100,100,2.14,7,5.358656166984412,False,6.475357396601794,False,linear + drift + gbm [row]
ens_f_n100_m100_d2_i000,upward,default,100,100,2.12,8,6.7569016996324,False,6.79774128663447,True,linear + drift + gbm [row]
ens_f_n100_m100_d2_i022,upward,default,100,100,2.08,6,5.048340793087825,False,6.615465454619719,False,linear + drift + gbm [row]
ens_f_n100_m100_d2_i014,upward,default,100,100,2.15,7,5.421231985247434,False,6.466225404877688,False,linear + drift + gbm [row]
ens_f_n100_m100_d2_i001,upward,default,100,100,2.12,7,5.762129911152289,False,6.774598154770215,False,linear + drift + gbm [row]
ens_f_n100_m100_d2_i024,upward,default,100,100,2.13,7,5.843362984612812,False,6.598422833744799,True,linear + drift + gbm [row]
ens_f_n100_m100_d4_i000,upward,default,100,100,4.0,39,9.272227679441313,True,9.332809445295592,True,linear + drift + gbm [row]
ens_f_n100_m100_d3_i000,upward,default,100,100,3.08,23,9.387620052623543,True,9.35248441147862,True,linear + drift + gbm [row]
ens_f_n100_m100_d4_i001,upward,default,100,100,4.03,41,9.34968858487676,True,9.597247747953823,True,linear + drift + gbm [row]
ens_f_n100_m100_d4_i003,upward,default,100,100,4.02,36,9.470278949074803,True,9.124647192282165,True,linear + drift + gbm [row]
ens_f_n100_m100_d3_i003,upward,default,100,100,3.05,24,9.493132394751298,True,8.929356312817967,True,linear + drift + gbm [row]
ens_f_n100_m100_d3_i004,upward,default,100,100,3.06,23,9.52695377048117,True,9.425597452144967,True,linear + drift + gbm [row]
ens_f_n100_m100_d4_i002,upward,default,100,100,4.01,40,9.42898564406194,True,9.453898908514434,True,linear + drift + gbm [row]
ens_f_n100_m100_d4_i004,upward,default,100,100,4.02,38,8.845067493768289,False,8.881631112951442,True,linear + drift + gbm [row]
Random-100-100-10-1_0,corpus,default,100,100,10.18,87,3.8459657615454836,False,3.57800372623258,True,linear + drift + gbm [row]
Random-100-100-10-2_0,corpus,default,100,100,10.45,85,3.8723311212302507,False,3.7757766533485513,True,linear + drift + gbm [row]
Random-100-100-10-3_0,corpus,default,100,100,9.54,83,4.359493981266232,False,4.170353078782615,True,linear + drift + gbm [row]
Random-100-100-10-4_0,corpus,default,100,100,9.99,84,3.987978915875482,False,3.8393964995118273,True,linear + drift + gbm [row]
Random-100-100-10-5_0,corpus,default,100,100,10.35,84,3.843855422623161,False,3.6524120109918576,True,linear + drift + gbm [row]
Random-100-100-2-1_0,corpus,default,100,100,2.91,24,9.499696441426215,True,9.428448225460404,True,linear + drift + gbm [row]
Random-100-100-2-2_0,corpus,default,100,100,2.75,20,9.080235679121534,False,9.075079013429743,True,linear + drift + gbm [row]
Random-100-100-2-3_0,corpus,default,100,100,2.82,23,9.582187592586857,True,9.58678062786331,True,linear + drift + gbm [row]
Random-100-100-2-4_0,corpus,default,100,100,2.57,15,9.734674473711685,True,8.41401761954988,False,linear + drift + gbm [row]
Random-100-100-2-5_0,corpus,default,100,100,2.67,19,9.562051416359772,True,9.451955506731768,True,linear + drift + gbm [row]
Random-100-100-4-1_0,corpus,default,100,100,4.18,46,8.393800172702907,False,8.680729093932372,True,linear + drift + gbm [row]
Random-100-100-4-2_0,corpus,default,100,100,4.6,50,8.3062603290149,False,8.364099265924466,True,linear + drift + gbm [row]
Random-100-100-4-3_0,corpus,default,100,100,4.09,43,9.175206102504161,False,8.793958799360684,True,linear + drift + gbm [row]
Random-100-100-4-4_0,corpus,default,100,100,4.13,44,8.710682305851932,False,8.571328526444551,True,linear + drift + gbm [row]
Random-100-100-4-5_0,corpus,default,100,100,4.29,42,9.022545491995823,False,8.736279869154634,True,linear + drift + gbm [row]
Random-100-100-6-1_0,corpus,default,100,100,6.17,68,6.493653474392332,False,6.797807272382437,True,linear + drift + gbm [row]
Random-100-100-6-2_0,corpus,default,100,100,6.47,66,6.4894312436591175,False,6.707296269074973,True,linear + drift + gbm [row]
Random-100-100-6-3_0,corpus,default,100,100,5.9,61,6.724421702505273,False,6.999394826297962,True,linear + drift + gbm [row]
Random-100-100-6-4_0,corpus,default,100,100,6.09,65,6.6195759018381715,False,6.958708077320513,True,linear + drift + gbm [row]
Random-100-100-6-5_0,corpus,default,100,100,6.19,63,6.549882002763661,False,7.058804435716911,True,linear + drift + gbm [row]
Random-100-100-8-1_0,corpus,default,100,100,8.13,79,4.645795484286742,False,4.836542757714811,True,linear + drift + gbm [row]
Random-100-100-8-2_0,corpus,default,100,100,8.37,76,4.971540242445503,False,5.0695293091750075,True,linear + drift + gbm [row]
Random-100-100-8-3_0,corpus,default,100,100,7.88,76,5.419087944393032,False,5.261352126424927,True,linear + drift + gbm [row]
Random-100-100-8-4_0,corpus,default,100,100,7.97,77,5.17679424684987,False,5.195045132829018,True,linear + drift + gbm [row]
Random-100-100-8-5_0,corpus,default,100,100,8.17,75,5.219028860693936,False,5.145242403418771,True,linear + drift + gbm [row]
Random-100-50-10-1_0,corpus,default,100,50,10.12,68,5.530147169735196,False,5.7287652859534655,True,linear + drift + gbm [row]
Random-100-50-10-2_0,corpus,default,100,50,10.36,68,5.216395529228448,False,5.3699305631482455,True,linear + drift + gbm [row]
Random-100-50-10-3_0,corpus,default,100,50,10.4,68,5.348530715342345,False,5.61708985022415,True,linear + drift + gbm [row]
Random-100-50-10-4_0,corpus,default,100,50,10.5,65,5.044076998147954,False,5.459609098146722,True,linear + drift + gbm [row]
Random-100-50-10-5_0,corpus,default,100,50,9.4,67,5.571065646508498,False,5.845794603160005,True,linear + drift + gbm [row]
Random-100-50-2-1_0,corpus,default,100,50,3.44,12,6.649886626824479,False,6.613231024564379,True,linear + drift + gbm [row]
Random-100-50-2-2_0,corpus,default,100,50,3.4,11,5.674372399312916,False,6.092122299451285,True,linear + drift + gbm [row]
Random-100-50-2-3_0,corpus,default,100,50,3.78,15,5.809239767541207,False,6.568169844174115,True,linear + drift + gbm [row]
Random-100-50-2-4_0,corpus,default,100,50,3.3,8,4.616685520895512,False,5.333537527844535,True,linear + drift + gbm [row]
Random-100-50-2-5_0,corpus,default,100,50,3.52,12,5.800526001656487,False,6.222815870204356,True,linear + drift + gbm [row]
Random-100-50-4-1_0,corpus,default,100,50,4.7,26,7.655769845238866,False,7.505906070724384,True,linear + drift + gbm [row]
Random-100-50-4-2_0,corpus,default,100,50,4.92,29,7.822020086624357,False,7.7080882216185715,True,linear + drift + gbm [row]
Random-100-50-4-3_0,corpus,default,100,50,4.86,29,8.207477317174009,False,7.771778806703029,True,linear + drift + gbm [row]
Random-100-50-4-4_0,corpus,default,100,50,4.46,24,8.535526049857609,False,7.657907553359769,True,linear + drift + gbm [row]
Random-100-50-4-5_0,corpus,default,100,50,4.58,24,6.568627710556657,False,7.272231013258917,True,linear + drift + gbm [row]
Random-100-50-6-1_0,corpus,default,100,50,6.64,44,6.506402467267489,False,7.105348054886254,True,linear + drift + gbm [row]
Random-100-50-6-2_0,corpus,default,100,50,6.28,43,7.670025234841327,False,7.491240357465622,True,linear + drift + gbm [row]
Random-100-50-6-3_0,corpus,default,100,50,6.76,46,6.657453232204777,False,7.218343125973223,True,linear + drift + gbm [row]
Random-100-50-6-4_0,corpus,default,100,50,6.9,48,6.405090968443709,False,7.112143978209586,True,linear + drift + gbm [row]
Random-100-50-6-5_0,corpus,default,100,50,5.88,39,7.457738071511526,False,7.568601858992861,True,linear + drift + gbm [row]
Random-100-50-8-1_0,corpus,default,100,50,7.9,55,6.155282886286631,False,6.7632302159025555,True,linear + drift + gbm [row]
Random-100-50-8-2_0,corpus,default,100,50,8.44,55,5.809060494158194,False,6.268765856391089,True,linear + drift + gbm [row]
Random-100-50-8-3_0,corpus,default,100,50,8.34,56,6.312092478707916,False,6.752834487988424,True,linear + drift + gbm [row]
Random-100-50-8-4_0,corpus,default,100,50,8.76,60,6.203283975949811,False,6.498407340890477,True,linear + drift + gbm [row]
Random-100-50-8-5_0,corpus,default,100,50,7.76,55,6.405852258425302,False,7.033151868549997,True,linear + drift + gbm [row]
Random-125-125-10-1_0,corpus,default,125,125,10.224,105,4.853241780329114,False,4.815084298824639,True,linear + drift + gbm [row]
Random-125-125-10-2_0,corpus,default,125,125,10.032,104,5.215071528145594,False,5.219219007613623,True,linear + drift + gbm [row]
Random-125-125-10-3_0,corpus,default,125,125,10.176,103,4.937427613573831,False,5.0968171954019,True,linear + drift + gbm [row]
Random-125-125-10-4_0,corpus,default,125,125,10.376,105,4.817142106341137,False,4.82243819273901,True,linear + drift + gbm [row]
Random-125-125-10-5_0,corpus,default,125,125,9.216,99,5.382330486448372,False,5.855382257150701,True,linear + drift + gbm [row]
Random-125-125-6-1_0,corpus,default,125,125,6.24,81,7.79139734158573,False,8.688861557947394,True,linear + drift + gbm [row]
Random-125-125-6-2_0,corpus,default,125,125,6.088,77,8.797120972536618,False,9.257456471396798,True,linear + drift + gbm [row]
Random-125-125-6-3_0,corpus,default,125,125,6.256,80,8.438788055137529,False,8.994074368162746,True,linear + drift + gbm [row]
Random-125-125-6-4_0,corpus,default,125,125,6.128,80,8.602102301492545,False,9.198577219529605,True,linear + drift + gbm [row]
Random-125-125-6-5_0,corpus,default,125,125,5.696,74,9.182896389538987,False,9.769944914923437,True,linear + drift + gbm [row]
Random-125-125-8-1_0,corpus,default,125,125,8.344,95,6.024652293159325,False,6.532945564398362,True,linear + drift + gbm [row]
Random-125-125-8-2_0,corpus,default,125,125,8.008,93,6.449928197086732,False,6.8890500010653835,True,linear + drift + gbm [row]
Random-125-125-8-3_0,corpus,default,125,125,8.184,95,6.789134132252752,False,7.008780884827523,True,linear + drift + gbm [row]
Random-125-125-8-4_0,corpus,default,125,125,8.224,94,6.124470966776221,False,6.5910225056293505,True,linear + drift + gbm [row]
Random-125-125-8-5_0,corpus,default,125,125,7.32,91,7.23351941191046,False,7.557185342982364,True,linear + drift + gbm [row]
ens_f_n100_m100_d2_i007,upward,csearch,100,100,2.13,7,5.385007141791361,False,5.987592750130625,True,linear + drift + gbm [row]
ens_f_n100_m100_d2_i004,upward,csearch,100,100,2.11,7,5.213844351114062,False,5.999516932973427,True,linear + drift + gbm [row]
ens_f_n100_m100_d2_i009,upward,csearch,100,100,2.12,7,5.025739942744089,False,6.002019467809293,True,linear + drift + gbm [row]
ens_f_n100_m100_d2_i002,upward,csearch,100,100,2.14,7,4.997312102328823,False,6.205041847212513,False,linear + drift + gbm [row]
ens_f_n100_m100_d2_i012,upward,csearch,100,100,2.1,6,4.250907699700856,False,5.839933985504028,False,linear + drift + gbm [row]
ens_f_n100_m100_d2_i011,upward,csearch,100,100,2.11,6,4.6664524570481705,False,5.860011606955212,False,linear + drift + gbm [row]
ens_f_n100_m100_d2_i015,upward,csearch,100,100,2.13,7,5.491686592660843,False,6.3726269827204245,True,linear + drift + gbm [row]
ens_f_n100_m100_d2_i013,upward,csearch,100,100,2.08,6,4.906663601899096,False,5.985385684225404,False,linear + drift + gbm [row]
ens_f_n100_m100_d2_i005,upward,csearch,100,100,2.09,7,5.278947847142903,False,6.0944420686793315,True,linear + drift + gbm [row]
ens_f_n100_m100_d2_i010,upward,csearch,100,100,2.13,8,5.458962504390887,False,6.368987402659187,True,linear + drift + gbm [row]
ens_f_n100_m100_d2_i006,upward,csearch,100,100,2.09,6,4.5831307329498285,False,6.07730991959597,False,linear + drift + gbm [row]
ens_f_n100_m100_d2_i021,upward,csearch,100,100,2.16,7,5.29455660291844,False,6.002586147233526,True,linear + drift + gbm [row]
ens_f_n100_m100_d2_i017,upward,csearch,100,100,2.14,7,4.936217074340713,False,5.930630275208215,True,linear + drift + gbm [row]
ens_f_n100_m100_d2_i016,upward,csearch,100,100,2.12,7,5.456992726275949,False,6.240665475089854,True,linear + drift + gbm [row]
ens_f_n100_m100_d2_i008,upward,csearch,100,100,2.13,6,4.74498886151134,False,6.261277371757432,False,linear + drift + gbm [row]
ens_f_n100_m100_d2_i018,upward,csearch,100,100,2.19,8,5.575112760933981,False,6.704457405334569,False,linear + drift + gbm [row]
ens_f_n100_m100_d2_i003,upward,csearch,100,100,2.16,7,5.3406344487894355,False,6.338242521445345,True,linear + drift + gbm [row]
ens_f_n100_m100_d2_i020,upward,csearch,100,100,2.11,7,5.887720236180206,False,5.952455600455748,True,linear + drift + gbm [row]
ens_f_n100_m100_d2_i019,upward,csearch,100,100,2.14,8,5.930530318174771,False,6.557375523235079,True,linear + drift + gbm [row]
ens_f_n100_m100_d2_i023,upward,csearch,100,100,2.14,7,5.026177675716623,False,6.232180379969487,False,linear + drift + gbm [row]
ens_f_n100_m100_d2_i000,upward,csearch,100,100,2.12,8,6.542810120608859,False,6.489539250200002,True,linear + drift + gbm [row]
ens_f_n100_m100_d2_i022,upward,csearch,100,100,2.08,6,4.857205808731192,False,6.400392029949664,False,linear + drift + gbm [row]
ens_f_n100_m100_d2_i014,upward,csearch,100,100,2.15,7,5.181574928013078,False,6.259883933488773,False,linear + drift + gbm [row]
ens_f_n100_m100_d2_i001,upward,csearch,100,100,2.12,7,5.503093073619684,False,6.557461029028108,False,linear + drift + gbm [row]
ens_f_n100_m100_d2_i024,upward,csearch,100,100,2.13,7,5.590148281882411,False,6.371559484472146,True,linear + drift + gbm [row]
ens_f_n100_m100_d4_i000,upward,csearch,100,100,4.0,39,9.130759377253806,True,9.22495965945179,True,linear + drift + gbm [row]
ens_f_n100_m100_d3_i000,upward,csearch,100,100,3.08,23,9.22813014580113,True,9.079244396545054,True,linear + drift + gbm [row]
ens_f_n100_m100_d4_i001,upward,csearch,100,100,4.03,41,9.146259049074486,True,9.46889770413678,True,linear + drift + gbm [row]
ens_f_n100_m100_d4_i003,upward,csearch,100,100,4.02,36,9.134084979226891,True,9.013593941635383,True,linear + drift + gbm [row]
ens_f_n100_m100_d3_i003,upward,csearch,100,100,3.05,24,9.1940331804643,True,8.75659556534548,True,linear + drift + gbm [row]
ens_f_n100_m100_d3_i004,upward,csearch,100,100,3.06,23,9.1583396382548,True,9.148897460188357,True,linear + drift + gbm [row]
ens_f_n100_m100_d4_i002,upward,csearch,100,100,4.01,40,9.079969533618769,True,9.345785104711082,True,linear + drift + gbm [row]
ens_f_n100_m100_d4_i004,upward,csearch,100,100,4.02,38,8.758129380614625,False,8.811880383162272,True,linear + drift + gbm [row]
Random-100-100-10-1_0,corpus,csearch,100,100,10.18,87,3.8459657615454836,False,3.5703584897868863,True,linear + drift + gbm [row]
Random-100-100-10-2_0,corpus,csearch,100,100,10.45,85,3.8723311212302507,False,3.7747928547517864,True,linear + drift + gbm [row]
Random-100-100-10-3_0,corpus,csearch,100,100,9.54,83,4.359493981266232,False,4.160103557395177,True,linear + drift + gbm [row]
Random-100-100-10-4_0,corpus,csearch,100,100,9.99,84,3.987978915875482,False,3.8438955151627563,True,linear + drift + gbm [row]
Random-100-100-10-5_0,corpus,csearch,100,100,10.35,84,3.843855422623161,False,3.667963786888031,True,linear + drift + gbm [row]
Random-100-100-2-1_0,corpus,csearch,100,100,2.91,24,9.31322454941225,True,9.159843836770492,True,linear + drift + gbm [row]
Random-100-100-2-2_0,corpus,csearch,100,100,2.75,20,8.27411510149452,False,8.641505681363794,True,linear + drift + gbm [row]
Random-100-100-2-3_0,corpus,csearch,100,100,2.82,23,9.420791051885436,True,9.2174524214756,True,linear + drift + gbm [row]
Random-100-100-2-4_0,corpus,csearch,100,100,2.57,15,7.969075743363,False,8.169085069213796,True,linear + drift + gbm [row]
Random-100-100-2-5_0,corpus,csearch,100,100,2.67,19,9.420516208663551,True,8.981565173455351,True,linear + drift + gbm [row]
Random-100-100-4-1_0,corpus,csearch,100,100,4.18,46,8.142637925370128,False,8.634157231663833,True,linear + drift + gbm [row]
Random-100-100-4-2_0,corpus,csearch,100,100,4.6,50,8.167193803239549,False,8.327832615424636,True,linear + drift + gbm [row]
Random-100-100-4-3_0,corpus,csearch,100,100,4.09,43,8.877797450367726,False,8.73263575842113,True,linear + drift + gbm [row]
Random-100-100-4-4_0,corpus,csearch,100,100,4.13,44,8.551292233809372,False,8.5310568633112,True,linear + drift + gbm [row]
Random-100-100-4-5_0,corpus,csearch,100,100,4.29,42,8.88690759438442,False,8.691855547142453,True,linear + drift + gbm [row]
Random-100-100-6-1_0,corpus,csearch,100,100,6.17,68,6.493653474392332,False,6.7933713374368505,True,linear + drift + gbm [row]
Random-100-100-6-2_0,corpus,csearch,100,100,6.47,66,6.4894312436591175,False,6.703231049454575,True,linear + drift + gbm [row]
Random-100-100-6-3_0,corpus,csearch,100,100,5.9,61,6.724421702505273,False,7.001992671060679,True,linear + drift + gbm [row]
Random-100-100-6-4_0,corpus,csearch,100,100,6.09,65,6.6195759018381715,False,6.947549754708868,True,linear + drift + gbm [row]
Random-100-100-6-5_0,corpus,csearch,100,100,6.19,63,6.549882002763661,False,7.039242650732523,True,linear + drift + gbm [row]
Random-100-100-8-1_0,corpus,csearch,100,100,8.13,79,4.645795484286742,False,4.820212837979552,True,linear + drift + gbm [row]
Random-100-100-8-2_0,corpus,csearch,100,100,8.37,76,4.971540242445503,False,5.063958164942668,True,linear + drift + gbm [row]
Random-100-100-8-3_0,corpus,csearch,100,100,7.88,76,5.419087944393032,False,5.258857385119229,True,linear + drift + gbm [row]
Random-100-100-8-4_0,corpus,csearch,100,100,7.97,77,5.17679424684987,False,5.18471363371801,True,linear + drift + gbm [row]
Random-100-100-8-5_0,corpus,csearch,100,100,8.17,75,5.219028860693936,False,5.130938624799695,True,linear + drift + gbm [row]
Random-100-50-10-1_0,corpus,csearch,100,50,10.12,68,5.530147169735196,False,5.712899967596769,True,linear + drift + gbm [row]
Random-100-50-10-2_0,corpus,csearch,100,50,10.36,68,5.216395529228448,False,5.372419363944497,True,linear + drift + gbm [row]
Random-100-50-10-3_0,corpus,csearch,100,50,10.4,68,5.348530715342345,False,5.60281691951397,True,linear + drift + gbm [row]
Random-100-50-10-4_0,corpus,csearch,100,50,10.5,65,5.044076998147954,False,5.463064240813308,True,linear + drift + gbm [row]
Random-100-50-10-5_0,corpus,csearch,100,50,9.4,67,5.549644415680048,False,5.852608103898806,True,linear + drift + gbm [row]
Random-100-50-2-1_0,corpus,csearch,100,50,3.44,12,6.201717673743339,False,6.1384392296970764,True,linear + drift + gbm [row]
Random-100-50-2-2_0,corpus,csearch,100,50,3.4,11,5.106575028635631,False,5.667210175517509,True,linear + drift + gbm [row]
Random-100-50-2-3_0,corpus,csearch,100,50,3.78,15,5.529147919800827,False,6.211487903220319,True,linear + drift + gbm [row]
Random-100-50-2-4_0,corpus,csearch,100,50,3.3,8,4.416174347457088,False,5.004667838886926,True,linear + drift + gbm [row]
Random-100-50-2-5_0,corpus,csearch,100,50,3.52,12,5.421194114916777,False,5.769899328772996,True,linear + drift + gbm [row]
Random-100-50-4-1_0,corpus,csearch,100,50,4.7,26,6.89346653006664,False,7.311215977979603,True,linear + drift + gbm [row]
Random-100-50-4-2_0,corpus,csearch,100,50,4.92,29,7.047911508580824,False,7.5188231916428885,True,linear + drift + gbm [row]
Random-100-50-4-3_0,corpus,csearch,100,50,4.86,29,7.548598038223749,False,7.58501314589596,True,linear + drift + gbm [row]
Random-100-50-4-4_0,corpus,csearch,100,50,4.46,24,7.599944338192163,False,7.40343852655047,True,linear + drift + gbm [row]
Random-100-50-4-5_0,corpus,csearch,100,50,4.58,24,6.425315877215851,False,7.059297604879446,True,linear + drift + gbm [row]
Random-100-50-6-1_0,corpus,csearch,100,50,6.64,44,6.43130086732971,False,7.059391473811613,True,linear + drift + gbm [row]
Random-100-50-6-2_0,corpus,csearch,100,50,6.28,43,7.371123485364484,False,7.413194008775132,True,linear + drift + gbm [row]
Random-100-50-6-3_0,corpus,csearch,100,50,6.76,46,6.615427216662514,False,7.165098264045377,True,linear + drift + gbm [row]
Random-100-50-6-4_0,corpus,csearch,100,50,6.9,48,6.355484852433521,False,7.049130693858304,True,linear + drift + gbm [row]
Random-100-50-6-5_0,corpus,csearch,100,50,5.88,39,7.015261357279524,False,7.50326891812435,True,linear + drift + gbm [row]
Random-100-50-8-1_0,corpus,csearch,100,50,7.9,55,6.105918740286373,False,6.6935579792636535,True,linear + drift + gbm [row]
Random-100-50-8-2_0,corpus,csearch,100,50,8.44,55,5.774505287064448,False,6.241602049790648,True,linear + drift + gbm [row]
Random-100-50-8-3_0,corpus,csearch,100,50,8.34,56,6.276349654399228,False,6.68171037147282,True,linear + drift + gbm [row]
Random-100-50-8-4_0,corpus,csearch,100,50,8.76,60,6.164324595977495,False,6.4475023038426365,True,linear + drift + gbm [row]
Random-100-50-8-5_0,corpus,csearch,100,50,7.76,55,6.363337968334333,False,6.997447157692309,True,linear + drift + gbm [row]
Random-125-125-10-1_0,corpus,csearch,125,125,10.224,105,4.853241780329114,False,4.81393744904189,True,linear + drift + gbm [row]
Random-125-125-10-2_0,corpus,csearch,125,125,10.032,104,5.215071528145594,False,5.2076963257690005,True,linear + drift + gbm [row]
Random-125-125-10-3_0,corpus,csearch,125,125,10.176,103,4.937427613573831,False,5.099109789688514,True,linear + drift + gbm [row]
Random-125-125-10-4_0,corpus,csearch,125,125,10.376,105,4.817142106341137,False,4.8159987528239965,True,linear + drift + gbm [row]
Random-125-125-10-5_0,corpus,csearch,125,125,9.216,99,5.382330486448372,False,5.866519803966328,True,linear + drift + gbm [row]
Random-125-125-2-1_0,corpus,csearch,125,125,2.728,24,11.21023489432148,False,11.479185738073943,True,linear + drift + gbm [row]
Random-125-125-2-4_0,corpus,csearch,125,125,2.784,24,11.224716337581405,False,11.274729451415439,True,linear + drift + gbm [row]
Random-125-125-4-2_0,corpus,csearch,125,125,4.288,57,10.784124134719855,False,11.384167217094745,True,linear + drift + gbm [row]
Random-125-125-4-4_0,corpus,csearch,125,125,4.088,51,11.414502471874954,False,11.783577698514602,True,linear + drift + gbm [row]
Random-125-125-4-5_0,corpus,csearch,125,125,3.944,46,10.689350325552725,False,11.300517542815292,True,linear + drift + gbm [row]
Random-125-125-6-1_0,corpus,csearch,125,125,6.24,81,7.79139734158573,False,8.662708602730012,True,linear + drift + gbm [row]
Random-125-125-6-2_0,corpus,csearch,125,125,6.088,77,8.797120972536618,False,9.178909198149553,True,linear + drift + gbm [row]
Random-125-125-6-3_0,corpus,csearch,125,125,6.256,80,8.438788055137529,False,8.954666288257584,True,linear + drift + gbm [row]
Random-125-125-6-4_0,corpus,csearch,125,125,6.128,80,8.602102301492545,False,9.170147644652632,True,linear + drift + gbm [row]
Random-125-125-6-5_0,corpus,csearch,125,125,5.696,74,9.182896389538987,False,9.711399882347532,True,linear + drift + gbm [row]
Random-125-125-8-1_0,corpus,csearch,125,125,8.344,95,6.024652293159325,False,6.550012484209167,True,linear + drift + gbm [row]
Random-125-125-8-2_0,corpus,csearch,125,125,8.008,93,6.449928197086732,False,6.918946474405344,True,linear + drift + gbm [row]
Random-125-125-8-3_0,corpus,csearch,125,125,8.184,95,6.789134132252752,False,7.006762216984857,True,linear + drift + gbm [row]
Random-125-125-8-4_0,corpus,csearch,125,125,8.224,94,6.124470966776221,False,6.633596878780359,True,linear + drift + gbm [row]
Random-125-125-8-5_0,corpus,csearch,125,125,7.32,91,7.23351941191046,False,7.562000181153217,True,linear + drift + gbm [row]
