base_name,labelling,k,expected,better_move alone,better_move + subset_rule,better_move + definite_move,better_move + both
ens_b_n10_m10_p0.2_i034,relabel6,4,sat,sat,unsat,sat,unsat
ens_f_n20_m20_d3_i034,relabel3,7,sat,sat,unsat,sat,unsat
ens_f_n20_m20_d3_i070,relabel3,7,sat,sat,unsat,sat,unsat
ens_b_n40_m40_p0.05_i047,relabel5,10,sat,sat,sat,sat,unsat
ens_b_n40_m40_p0.05_i080,relabel5,6,sat,sat,sat,sat,unsat
ens_f_n10_m20_d2_i070,identity,4,sat,sat,unsat,sat,unsat
ens_f_n10_m20_d2_i070,greedy0,4,sat,sat,unsat,sat,unsat
ens_f_n10_m20_d2_i132,relabel1,4,sat,sat,unsat,sat,unsat
ens_f_n10_m20_d2_i132,relabel2,4,sat,sat,unsat,sat,unsat
ens_f_n10_m20_d2_i132,relabel6,4,sat,sat,unsat,sat,unsat
ens_f_n10_m20_d2_i130,identity,4,sat,sat,unsat,sat,unsat
ens_f_n10_m20_d2_i130,relabel1,4,sat,sat,unsat,sat,unsat
ens_f_n10_m20_d2_i130,relabel6,4,sat,sat,unsat,sat,unsat
ens_f_n10_m20_d2_i130,relabel7,4,sat,sat,unsat,sat,unsat
ens_f_n10_m20_d2_i130,greedy0,4,sat,sat,unsat,sat,unsat
ens_f_n15_m15_d4_i089,relabel5,8,sat,sat,unsat,sat,unsat
ens_b_n15_m15_p0.15_i128,identity,8,sat,sat,unsat,sat,unsat
ens_b_n15_m15_p0.15_i128,greedy0,8,sat,sat,unsat,sat,unsat
ens_b_n15_m30_p0.075_i089,relabel5,4,sat,sat,unsat,sat,unsat
ens_b_n15_m30_p0.075_i128,relabel6,3,sat,sat,unsat,sat,unsat
ens_b_n15_m30_p0.1_i061,relabel2,4,sat,sat,unsat,sat,unsat
ens_b_n15_m30_p0.1_i114,relabel1,4,sat,sat,unsat,sat,unsat
ens_b_n15_m30_p0.1_i114,relabel2,4,sat,sat,unsat,sat,unsat
ens_b_n15_m30_p0.1_i114,relabel5,4,sat,sat,unsat,sat,unsat
ens_b_n15_m30_p0.1_i114,relabel6,4,sat,sat,unsat,sat,unsat
ens_b_n20_m20_p0.075_i073,relabel4,5,sat,sat,unsat,sat,unsat
ens_b_n20_m20_p0.1_i102,relabel5,4,sat,sat,unsat,sat,unsat
ens_b_n20_m20_p0.1_i103,relabel6,4,sat,sat,unsat,sat,unsat
ens_b_n20_m20_p0.1_i129,relabel7,7,sat,sat,unsat,sat,unsat
ens_b_n20_m20_p0.15_i040,relabel1,7,sat,sat,unsat,sat,unsat
ens_b_n20_m20_p0.15_i040,relabel4,7,sat,sat,unsat,sat,unsat
ens_b_n20_m20_p0.15_i040,relabel6,7,sat,sat,unsat,sat,unsat
ens_b_n20_m20_p0.15_i057,relabel4,7,sat,sat,unsat,sat,unsat
ens_b_n20_m40_p0.075_i017,relabel3,6,sat,sat,unsat,sat,unsat
ens_b_n20_m40_p0.075_i017,relabel4,6,sat,sat,unsat,sat,unsat
ens_b_n20_m40_p0.075_i017,relabel5,6,sat,sat,unsat,sat,unsat
ens_b_n20_m40_p0.1_i128,relabel0,7,sat,sat,unsat,sat,unsat
ens_b_n20_m40_p0.1_i128,relabel2,7,sat,sat,unsat,sat,unsat
ens_f_n25_m25_d2_i070,relabel6,3,sat,sat,unsat,sat,unsat
ens_f_n25_m25_d2_i148,relabel3,4,sat,sat,unsat,sat,unsat
ens_f_n25_m25_d3_i083,relabel0,7,sat,sat,unsat,sat,unsat
ens_b_n25_m25_p0.075_i002,relabel1,4,sat,sat,sat,sat,unsat
ens_b_n25_m25_p0.075_i040,identity,5,sat,sat,unsat,unsat,unsat
ens_b_n25_m25_p0.075_i040,relabel5,5,sat,sat,unsat,unsat,unsat
ens_b_n25_m25_p0.075_i040,greedy0,5,sat,sat,unsat,unsat,unsat
ens_b_n25_m25_p0.075_i092,relabel3,6,sat,sat,unsat,sat,unsat
ens_b_n25_m25_p0.075_i124,relabel4,6,sat,sat,unsat,sat,unsat
ens_b_n25_m25_p0.1_i102,relabel3,9,sat,sat,unsat,sat,unsat
ens_b_n25_m25_p0.1_i116,relabel6,7,sat,sat,unsat,sat,unsat
ens_b_n25_m25_p0.1_i124,relabel0,6,sat,sat,unsat,sat,unsat
ens_b_n25_m25_p0.1_i124,relabel7,6,sat,sat,unsat,sat,unsat
ens_b_n25_m50_p0.05_i112,relabel2,5,sat,sat,unsat,sat,unsat
ens_b_n25_m50_p0.05_i112,relabel3,5,sat,sat,unsat,sat,unsat
ens_b_n25_m50_p0.075_i035,identity,5,sat,sat,unsat,sat,unsat
ens_b_n25_m50_p0.075_i035,greedy0,5,sat,sat,unsat,sat,unsat
ens_b_n25_m50_p0.075_i111,identity,6,sat,sat,unsat,sat,unsat
ens_b_n25_m50_p0.075_i111,relabel2,6,sat,sat,unsat,sat,unsat
ens_b_n25_m50_p0.075_i111,relabel3,6,sat,sat,unsat,sat,unsat
ens_b_n25_m50_p0.075_i111,relabel7,6,sat,sat,sat,sat,unsat
ens_b_n25_m50_p0.075_i111,greedy0,6,sat,sat,unsat,sat,unsat
ens_f_n30_m30_d2_i106,relabel7,4,sat,sat,unsat,sat,unsat
ens_f_n30_m30_d3_i132,relabel3,9,sat,sat,unsat,sat,unsat
ens_b_n30_m30_p0.05_i118,relabel7,4,sat,sat,sat,sat,unsat
ens_b_n30_m30_p0.075_i022,relabel6,6,sat,sat,sat,sat,unsat
ens_b_n30_m60_p0.05_i145,relabel1,5,sat,sat,sat,sat,unsat
ens_f_n35_m35_d2_i021,relabel2,4,sat,sat,unsat,sat,unsat
ens_b_n35_m35_p0.05_i031,identity,7,sat,sat,unsat,sat,unsat
ens_b_n35_m35_p0.05_i031,relabel0,7,sat,sat,unsat,sat,unsat
ens_b_n35_m35_p0.05_i031,relabel1,7,sat,sat,unsat,sat,unsat
ens_b_n35_m35_p0.05_i031,greedy0,7,sat,sat,unsat,sat,unsat
ens_b_n35_m35_p0.05_i020,relabel6,4,sat,sat,sat,sat,unsat
ens_b_n35_m35_p0.05_i057,relabel6,5,sat,sat,unsat,sat,unsat
ens_b_n35_m70_p0.025_i147,relabel4,5,sat,sat,unsat,sat,unsat
ens_b_n35_m70_p0.05_i100,relabel0,9,sat,sat,unsat,sat,unsat
"Warwick 895: balanced orders, 6 orders per product",relabel4,12,sat,sat,unsat,sat,unsat
"Warwick 895: balanced orders, 6 orders per product",relabel7,12,sat,sat,unsat,sat,unsat
"Warwick 1024: balanced orders, 2 orders per product",relabel0,3,sat,sat,unsat,sat,unsat
"Warwick 1712: balanced orders, 2 orders per product",relabel3,3,sat,sat,sat,sat,unsat
"Warwick 533: balanced products, 4 products per order",relabel2,10,sat,sat,unsat,sat,unsat
"Warwick 533: balanced products, 4 products per order",relabel4,10,sat,sat,unsat,sat,unsat
"Warwick 941: balanced products, 2 products per order",relabel6,8,sat,sat,unsat,sat,unsat
"Warwick 1852: balanced products, 2 products per order",relabel6,4,sat,sat,sat,sat,unsat
HS problem 564 size 20 10 density  0.20,relabel4,9,sat,sat,unsat,sat,unsat
HS problem 645 size 20 10 density  0.25,identity,9,sat,sat,unsat,sat,unsat
HS problem 645 size 20 10 density  0.25,greedy0,9,sat,sat,unsat,sat,unsat
HS problem 2423 size 30 15 density  0.20,relabel1,17,sat,sat,unsat,sat,unsat
HS problem 2423 size 30 15 density  0.20,relabel6,17,sat,sat,unsat,sat,unsat
p2030n10_0,relabel2,7,sat,sat,unsat,sat,unsat
