objective,n,value,n_active,kind,key,optimum,lb_best,tw,edges,m,ones,nodes_default,ub_cs_dfs,disagree,witness,tw_order,evaluations,skipped,seconds,recert_optimum,lo_default,hi_default,lo_csearch,hi_csearch,lattice,pathwidth_dp,recert_tw,tw_order_width,agree
disagree,8,0,3,toc,0100/0000/0001/0000/1000/0000/0000/0000,1,1,0,0,4,3,0,1,0,1 3 0 2,7 6 5 4 3 2 1 0,1367,21712,2.9800000000000004,1,unsat,sat,unsat,sat,1.0,0.0,0,0,True
disagree,9,0,6,bern,000000000/000000100/000001010/000010000/001000000/000000000/100000000/000000000/010100000,1,1,0,0,9,8,0,1,0,6 4 2 0 5 7 1 3 8,8 7 6 5 4 3 2 1 0,1827,21259,4.4799999999999995,1,unsat,sat,unsat,sat,1.0,0.0,0,0,True
disagree,10,0,4,toc,0010000/0000000/0000100/0000000/0101000/0000000/0000000/0000000/0000000/1000000,1,1,0,0,7,5,0,1,0,2 4 0 1 3 5 6,9 8 7 6 5 4 3 2 1 0,2216,20864,5.919999999999999,1,unsat,sat,unsat,sat,1.0,0.0,0,0,True
disagree,11,0,4,toc,000000/100000/000000/000100/000000/000000/000001/000000/000000/011000/000000,1,1,0,0,6,5,0,1,0,0 3 5 1 2 4,10 9 8 7 6 5 4 3 2 1 0,2725,20345,9.129999999999999,1,unsat,sat,unsat,sat,1.0,0.0,0,0,True
disagree,12,0,5,toc,0000000/0000000/1000000/0000000/0000000/0000100/0000000/0001000/0010000/0000000/0100000/0000000,1,1,0,0,7,5,0,1,0,0 4 3 2 1 5 6,11 10 9 8 7 6 5 4 3 2 1 0,3308,19751,21.779999999999998,1,unsat,sat,unsat,sat,1.0,0.0,0,0,True
disagree,13,0,6,toc,0000000/0000000/1000100/0010000/0001000/0000000/0000000/0000000/0000000/0100000/0000010/0000001/0000000,1,1,0,0,7,7,0,1,0,2 3 1 5 6 0 4,12 11 10 9 8 7 6 5 4 3 2 1 0,3919,19126,44.58,1,unsat,sat,unsat,sat,1.0,0.0,0,0,True
disagree,14,0,10,bern,10000000000000/00001000000000/00000000000000/00000000000000/00000100010000/00000000000000/00110000100000/00000000000000/00000000001000/00000001000010/00000000000001/00000010000000/00000000000100/01000000000000,1,1,0,0,14,14,0,1,0,0 4 10 13 6 11 1 5 9 7 12 2 3 8,13 12 11 10 9 8 7 6 5 4 3 2 1 0,4599,18447,76.78,1,unsat,sat,unsat,sat,1.0,0.0,0,0,True
disagree,15,0,7,toc,00000001/00000000/10100000/00000000/00000000/00000000/00000000/00000000/00010000/01000000/00000000/00000100/00000010/00000000/00001000,1,1,0,0,8,8,0,1,0,7 3 1 5 6 4 0 2,14 13 12 11 10 9 8 7 6 5 4 3 2 1 0,5622,17396,125.43999999999998,1,unsat,sat,unsat,sat,1.0,0.0,0,0,True
gap,8,1,7,bern,00011111/00010010/10101000/00100000/01000000/00000000/00110010/10000001,4,3,2,9,8,17,4,4,0,1 2 3 6 0 7 4 5,7 3 2 6 5 4 1 0,1703,21395,3.6,4,unsat,sat,unsat,sat,4.0,3.0,2,2,True
gap,9,1,8,bern,1001010000010/0010000000100/0100000110001/0000000000101/0000100101000/0000001000000/0000100000000/1000000010000/0000000000000,3,2,1,6,13,19,7,3,0,6 4 2 10 12 7 9 0 3 5 11 8 1,8 6 4 1 3 2 7 5 0,2173,20926,5.03,3,unsat,sat,unsat,sat,3.0,2.0,1,1,True
gap,10,1,6,toc,011100/101000/000000/100100/000000/100000/001000/000000/000100/000000,4,3,2,9,6,10,3,4,0,0 2 3 1 4 5,9 8 7 6 5 4 3 2 1 0,2859,20221,7.96,4,unsat,sat,unsat,sat,4.0,3.0,2,2,True
gap,11,1,7,toc,010000/000100/010100/001000/100000/000000/000000/001100/000000/000000/011000,4,3,2,9,6,10,4,4,0,0 1 3 2 4 5,3 1 7 10 9 8 6 5 4 2 0,3506,19576,12.75,4,unsat,sat,unsat,sat,4.0,3.0,2,2,True
gap,12,2,11,toc,110000/000100/010000/010001/000000/011000/110000/101000/100000/000101/001100/100001,7,5,5,28,6,19,10,7,0,3 5 2 1 0 4,8 11 10 2 6 9 7 5 4 3 1 0,4997,18062,23.949999999999996,7,unsat,sat,unsat,sat,7.0,6.0,5,5,True
gap,13,1,8,corpus,100011000/000000000/000011000/000100001/011000010/000010001/100000000/000000000/000000000/000000000/000000000/100000001/000000100,4,3,2,9,9,16,5,4,0,6 1 2 7 0 4 5 3 8,12 6 3 11 10 9 8 7 5 4 2 1 0,6375,16659,47.199999999999996,4,unsat,sat,unsat,sat,4.0,3.0,2,2,True
gap,14,2,11,toc,100100/100000/110000/000000/010100/000010/001000/011000/000000/010000/000000/101000/001100/110000,7,5,5,28,6,18,7,7,0,4 2 3 0 1 5,6 12 9 7 13 11 10 8 5 4 3 2 1 0,7449,15598,100.49,7,unsat,sat,unsat,sat,7.0,6.0,5,5,True
gap,15,2,11,toc,01000000/11000000/10100000/10000100/00000000/11000000/00100101/00000000/00000100/00000000/01001100/00000000/01100000/00010000/10000000,7,5,5,28,8,20,7,7,0,3 5 2 7 0 1 4 6,14 13 8 6 3 12 11 10 9 7 5 4 2 1 0,7858,15156,122.50000000000001,7,unsat,sat,unsat,sat,7.0,6.0,5,5,True
nodes,8,14,8,bern,001010011111/000100001000/000000010100/000010000000/111100011001/001001000001/100000100000/000100000010,4,4,3,12,12,26,14,4,0,4 0 6 7 9 2 5 11 3 8 10 1,7 6 5 4 3 2 1 0,4076,19030,8.209999999999999,4,unsat,sat,unsat,sat,4.0,3.0,3,3,True
nodes,9,21,9,bern,100011010/011010000/000100100/000000010/000010000/000101000/010010101/000000001/100000000,4,4,3,12,9,19,21,4,0,7 8 0 3 6 5 4 1 2,8 7 4 6 5 3 2 1 0,5620,17450,12.679999999999998,4,unsat,sat,unsat,sat,4.0,3.0,3,3,True
nodes,10,37,10,bern,1000000000/0000001000/0000000001/0100000000/0000100100/0000000010/0000010000/0100111011/1110010101/0001100100,4,4,3,15,10,23,37,4,0,0 6 8 9 1 5 4 7 3 2,9 6 4 3 8 5 7 2 1 0,7068,15971,18.099999999999998,4,unsat,sat,unsat,sat,4.0,3.0,3,3,True
nodes,11,53,11,corpus,000010000/000000010/010000000/000000001/111000110/101010010/000000010/100100000/000001100/001100111/001000000,5,5,4,21,9,24,53,5,0,4 1 8 5 6 2 0 3 7,10 8 7 6 9 5 4 3 2 1 0,8993,14020,28.580000000000002,5,unsat,sat,unsat,sat,5.0,4.0,4,4,True
nodes,12,63,12,bern,010000000000/000111000100/000000010011/000100000001/101000001000/011000000101/100100101000/000000000010/000000100000/000100000001/000010000000/001001010000,6,6,5,22,12,29,63,6,0,1 10 6 4 0 2 8 5 7 11 9 3,11 10 9 8 7 6 5 4 3 2 1 0,10621,12375,50.41,6,unsat,sat,unsat,sat,6.0,5.0,5,5,True
nodes,13,114,13,corpus,0000001000/1100100001/1001101001/0010000000/1000010110/1000000000/0100000000/1011100000/0000100000/1000000000/0000010001/0001000100/0000000010,6,6,5,28,10,28,114,6,0,6 2 1 8 4 5 9 3 7 0,12 11 10 9 8 7 6 5 4 3 2 1 0,12612,10359,119.44000000000001,6,unsat,sat,unsat,sat,6.0,5.0,5,5,True
nodes,14,132,14,corpus,0000000001/0000001100/0001000000/0100000010/0001000100/1001000010/0010000000/0000010000/0000100000/0011100000/0001010001/0000000100/0000101011/1000000000,6,5,4,26,10,26,132,6,0,7 6 3 0 8 1 2 4 9 5,13 8 6 2 9 7 10 5 12 11 4 3 1 0,12357,10619,322.59000000000003,6,unsat,sat,unsat,sat,6.0,5.0,4,4,True
nodes,15,209,15,corpus,0000001001/0011010101/1000000000/0000010000/0001100000/0010000000/0000100000/0101000100/1001001001/0100000000/0000000100/0001000000/0000000010/0011000000/0001010010,7,7,6,33,10,29,209,7,0,0 4 1 8 5 2 7 6 9 3,12 11 14 13 10 9 7 8 6 5 4 3 2 1 0,14520,8408,913.6400000000001,7,unsat,sat,unsat,sat,7.0,6.0,6,6,True
overshoot,8,2,8,corpus,000001000/100010000/011100011/100010001/010001000/000100000/001000000/000000100,2,2,1,6,9,16,1,4,0,6 5 1 3 2 7 8 0 4,7 6 5 1 3 2 4 0,2339,20767,4.490000000000001,2,unsat,sat,unsat,sat,2.0,1.0,1,1,True
overshoot,9,2,7,toc,11110000/00001100/00000000/10001000/01000000/00000001/00000000/00100001/00010000,2,2,1,6,8,13,0,4,0,4 5 0 1 3 2 7 6,8 5 7 6 4 1 3 2 0,3453,19638,7.84,2,unsat,sat,unsat,sat,2.0,1.0,1,1,True
overshoot,10,2,8,bern,0000000110/1000000000/0111000000/0001111010/0000000001/0000000000/0000010000/0100000000/0000000000/0000001001,2,2,1,6,10,16,1,4,0,0 9 6 7 8 5 3 4 1 2,4 9 8 7 6 5 2 3 1 0,4170,18926,10.52,2,unsat,sat,unsat,sat,2.0,1.0,1,1,True
overshoot,11,3,11,corpus,0000000100/0000000001/0000111100/0000001000/0000010000/0010000010/0001001000/0100000000/0100010000/1000100001/0000100001,3,3,2,13,10,20,3,6,0,2 8 7 6 3 5 1 4 9 0,1 10 9 7 8 6 5 4 3 2 0,5201,17871,15.19,3,unsat,sat,unsat,sat,3.0,2.0,2,2,True
overshoot,12,3,11,corpus,0010000100/0000000001/0000010000/0000101000/0000001000/1000110101/0100000010/0001000000/0000000000/0010000000/1000000000/0000000010,2,2,1,8,10,18,1,5,0,1 8 3 6 4 9 5 0 7 2,11 10 9 8 7 6 4 3 2 1 5 0,6461,16583,36.27000000000001,2,unsat,sat,unsat,sat,2.0,1.0,1,1,True
overshoot,13,3,11,corpus,000000001/001000000/100000011/010110000/111001000/010000100/000100000/000001000/000000100/100000000/000000000/000000000/001000000,3,3,2,13,9,19,4,6,0,8 0 7 2 5 1 3 4 6,12 11 10 9 8 7 6 5 3 4 2 1 0,7271,15792,93.64,3,unsat,sat,unsat,sat,3.0,2.0,2,2,True
overshoot,14,3,11,corpus,0000000000/0000000010/1000000000/0111101000/0001000000/0000011000/0000010000/0010000100/0000000000/0000000000/0000100011/0000100011/0100011000/0010000100,3,3,2,14,10,24,2,6,0,0 8 4 9 3 2 7 1 6 5,13 6 12 7 5 4 3 11 10 9 8 2 1 0,8453,14569,208.85999999999999,3,unsat,sat,unsat,sat,3.0,2.0,2,2,True
overshoot,15,4,15,bern,0010010000001000000001/0000000010100000000000/0000000010100000000101/1100000000000000010000/0001000100010101100010/0000001000000010000000/0000000000100000000101/0100000000100000000000/0000000000001000010000/1000011000010000000001/0000010000001101000000/0000000100010000000010/0000100000000000001000/1000000100010101000010/0100100001000000000001,6,6,5,35,22,53,31,10,0,6 14 4 18 7 11 20 3 13 15 16 0 12 17 5 2 21 8 10 19 1 9,11 4 13 12 8 10 5 9 14 7 6 3 2 1 0,9506,13507,396.64,6,unsat,sat,unsat,sat,6.0,5.0,5,5,True
pwtw,7,1,7,bern,0000101/0100010/0001000/0000010/1110001/1001000/0000100,3,3,1,6,7,13,6,3,0,3 0 1 2 6 4 5,6 2 5 3 1 4 0,12464,1683091,143.77,3,unsat,sat,unsat,sat,3.0,2.0,1,1,True
pwtw,8,1,7,bern,000011000100/001000011100/100100000010/000100010000/010000000001/000001100000/011000000000/000000000000,3,2,1,6,12,18,6,3,0,1 11 5 6 2 4 9 0 3 10 7 8,7 4 6 5 2 3 1 0,79424,7121868,530.6400000000001,3,unsat,sat,unsat,sat,3.0,2.0,1,1,True
pwtw,9,1,8,corpus,001000010/000000100/101000000/000011001/000001000/100100001/000000000/000100100/010000000,3,2,1,6,9,15,7,3,0,1 2 7 0 3 8 4 5 6,8 1 7 6 4 3 5 2 0,128127,8480117,707.2600000000001,3,unsat,sat,unsat,sat,3.0,2.0,1,1,True
pwtw,10,2,10,corpus,001000110/000000100/101000000/001011000/000011001/000001000/100100001/001000000/000100100/010011100,6,5,3,21,9,23,10,6,0,6 3 0 8 2 7 4 5 1,7 5 4 2 3 6 9 8 1 0,129153,7430092,777.0500000000001,6,unsat,sat,unsat,sat,6.0,5.0,3,3,True
pwtw,11,2,11,corpus,0000010010/0010000010/0011000001/0000000110/1001001000/1100000000/0000001010/0010010001/0100010000/0100000000/0010100000,6,5,3,21,10,24,15,6,0,1 0 5 3 6 8 7 2 4 9,10 9 8 5 2 7 4 6 3 1 0,82136,3174840,452.43000000000006,6,unsat,sat,unsat,sat,6.0,5.0,3,3,True
pwtw,12,1,8,corpus,1000100000/0000100001/0000000000/0100000000/0000000000/1010010010/0001000100/0000000000/0000011000/0000001000/0000000000/0010000100,3,2,1,6,10,16,7,3,0,1 4 9 0 2 5 8 6 7 3,6 11 10 9 8 7 5 4 3 2 1 0,34932,1601814,277.2900000000001,3,unsat,sat,unsat,sat,3.0,2.0,1,1,True
pwtw,13,2,11,corpus,0000010010/0000000000/0010000010/0011000001/0000000110/1001001000/1100000000/0000000000/0000001010/0010010001/0100010000/0100000000/0010100000,6,4,3,21,10,24,15,6,0,1 0 5 3 6 8 7 2 4 9,12 11 10 6 3 9 5 8 7 4 2 1 0,6775,16261,69.08999999999999,6,unsat,sat,unsat,sat,6.0,5.0,3,3,True
pwtw,14,2,11,corpus,0010001010/0000001000/0000000000/1010000000/0010110000/0000110001/0000000100/0000010000/0000000000/1001000001/0000000000/0010000000/0001001000/0100111000,6,4,3,21,10,24,11,6,0,7 6 3 0 9 2 8 4 5 1,11 7 5 3 4 9 13 12 10 8 6 2 1 0,7566,15466,56.26,6,unsat,sat,unsat,sat,6.0,5.0,3,3,True
pwtw,15,2,14,toc,10010000/00000100/01010000/00010000/10001000/11000000/00001100/01100000/00010001/10000000/00000100/10000000/00011000/00000000/00100100,7,5,4,33,8,23,18,7,0,5 2 4 1 3 7 0 6,14 13 8 3 12 11 10 9 7 4 6 5 2 1 0,8716,14301,188.5,7,unsat,sat,unsat,sat,7.0,6.0,4,4,True
pwtw,16,2,13,corpus,1100000000/0110000000/1000110000/0010000010/0000000100/0101001011/0100000010/0000000010/0101000000/0000100010/0000000000/0000000000/0000000000/0000000001/0000010100/0010000100,7,5,4,29,10,27,31,7,0,9 7 5 2 0 4 8 1 3 6,15 14 13 12 11 10 7 9 8 4 3 6 5 2 1 0,9036,13967,338.24,7,unsat,sat,unsat,sat,,6.0,4,4,True
pwtw,17,2,14,toc,000100001000/000000000000/011010000000/000100000000/000101010000/010100000010/001001000000/000000100000/000001001000/000000000100/100000000000/000000000100/000001010000/000000001000/000000000000/000000000000/000010001000,6,4,3,22,12,25,13,6,0,6 0 9 1 2 4 3 10 8 5 7 11,13 16 15 14 12 11 10 9 6 8 7 3 5 4 2 1 0,10522,12456,660.96,6,unsat,sat,unsat,sat,,5.0,3,3,True
pwtw,18,2,14,corpus,0000010000/1010000000/0010100000/0001000001/0000010000/0000000000/0100001000/0000010110/0000000000/1100000010/0001001100/0100000010/0001000001/0010010000/0100000000/0000000000/0000000000/0001100000,6,4,3,27,10,28,20,6,0,5 2 0 4 7 8 1 6 3 9,12 17 16 15 14 11 3 10 9 6 4 2 13 8 7 5 1 0,10928,12048,694.56,6,unsat,sat,unsat,sat,,5.0,3,3,True
pwtw,19,2,12,corpus,0000000000/0000000000/0000101000/0000000000/0010110000/0000000000/0010010000/0000011000/0100000011/0000000000/0000000100/0000000000/0000000000/1000000001/1000001000/0000100000/0000100010/1000000000/0101010000,6,4,3,21,10,24,16,6,0,7 0 9 6 1 8 4 2 5 3,6 18 17 15 16 14 13 12 11 10 9 8 7 5 4 3 2 1 0,11256,11702,778.22,6,unsat,sat,unsat,sat,,,3,3,True
pwtw,20,2,14,toc,000000001000/000000101000/001100000000/100000000000/000100010000/001000101000/000000000000/000001000000/000000000000/000000000000/000010000000/010100000000/000001000100/000000000000/000000000000/000100000000/001001000100/000000000000/010001000000/010000001000,6,4,3,24,12,25,14,6,0,0 4 8 6 2 1 3 7 5 9 10 11,12 7 18 15 4 11 16 2 19 17 14 13 10 9 8 6 5 3 1 0,11557,11408,1295.7799999999997,6,unsat,sat,unsat,sat,,,3,3,True
