objective,n,kind,index,steps,seed_key,evaluations,skipped,seconds,best_value,best_key,best_n,best_m,best_ones,best_optimum,best_witness,best_lb_trivial,best_lb_clique,best_lb_contraction,best_lb_expansion,best_lb_solver,best_lb_best,best_edges,best_nodes_default,best_nodes_csearch,best_nodes_hi_default,best_status_lo_default,best_status_hi_default,best_status_lo_csearch,best_status_hi_csearch,best_disagree,best_ub_cs_dfs,best_overshoot,best_gap,best_tw,best_tw_order,best_pwtw,best_nodes
pwtw,7,bern,0,1500,,812,84112,7.63,1,0000101/0100010/0001000/0000010/1110001/1001000/0000100,7,7,13,3,3 0 1 2 6 4 5,2,2,2,3,3,3,6,6,6,4,unsat,sat,unsat,sat,0,3,0,0,1,6 2 5 3 1 4 0,1,6
pwtw,7,bern,1,1500,,714,94831,10.31,1,0001000010/0000000000/0101000001/0000000100/1101101100/1000111110/0010000010,7,10,20,4,7 2 8 3 1 9 0 4 6 5,3,3,3,3,3,3,9,3,3,3,unsat,sat,unsat,sat,0,4,0,1,2,6 3 5 4 2 1 0,1,3
pwtw,7,corpus,0,1500,0000010010/0000000000/0010000010/0011000001/0000000110/1001001000/1100000000/0000000000/0000001010/0010010001/0100010000/0100000000/0010100000,662,99282,8.93,1,0000000/0101010/0011001/1100000/0001000/0100101/0000001,7,7,13,4,3 6 0 1 5 2 4,3,3,3,3,3,3,9,3,3,3,unsat,sat,unsat,sat,0,4,0,1,2,6 3 5 4 2 1 0,1,3
pwtw,7,corpus,1,1500,0000000000/0000010011/0010010000/0000100100/0000000000/0000000010/0000000100/0001000010/0000010001/0011100000/0100010001/0100000100/0100000110/1000001000,727,102247,9.47,1,00100011/00010010/00010000/00000100/11110000/00001010/00100000,7,8,14,4,5 3 2 6 4 7 0 1,3,3,3,3,3,3,9,4,4,4,unsat,sat,unsat,sat,0,4,0,1,2,6 5 2 4 3 1 0,1,4
pwtw,7,corpus,2,1500,10010000/00000100/01010000/00010000/10001000/11000000/00001100/01100000/00010001/10000000/00000100/10000000/00011000/00000000/00100100,588,85255,7.83,1,100010/011010/000000/001001/100011/001000/000001,7,6,12,4,2 5 0 4 1 3,3,3,3,3,3,3,9,3,3,3,unsat,sat,unsat,sat,0,4,0,1,2,6 5 3 4 2 1 0,1,3
pwtw,7,corpus,3,1500,1100000000/0110000000/1000110000/0010000010/0000000100/0101001011/0100000010/0000000010/0101000000/0000100010/0000000000/0000000000/0000000000/0000000001/0000010100/0010000100,718,103907,8.83,1,1010100/0110000/0000100/0100101/0010010/0001000/0100000,7,7,13,4,3 4 1 2 5 0 6,3,3,3,3,3,3,9,4,4,4,unsat,sat,unsat,sat,0,4,0,1,2,6 5 4 2 3 1 0,1,4
pwtw,7,corpus,4,1500,000100001000/000000000000/011010000000/000100000000/000101010000/010100000010/001001000000/000000100000/000001001000/000000000100/100000000000/000000000100/000001010000/000000001000/000000000000/000000000000/000010001000,617,78165,5.63,1,011100/000010/010110/000101/101000/001010/000000,7,6,13,4,4 3 5 0 2 1,3,3,3,3,3,3,9,3,3,3,unsat,sat,unsat,sat,0,4,0,1,2,6 4 1 5 3 2 0,1,3
pwtw,7,corpus,5,1500,0000010000/1010000000/0010100000/0001000001/0000010000/0000000000/0100001000/0000010110/0000000000/1100000010/0001001100/0100000010/0001000001/0010010000/0100000000/0000000000/0000000000/0001100000,920,99893,10.16,1,100000000/000010000/000011000/100000101/000100010/010000010/011001100,7,9,15,3,0 6 8 1 2 5 4 7 3,2,2,2,3,3,3,6,6,6,4,unsat,sat,unsat,sat,0,3,0,0,1,4 5 1 2 6 3 0,1,6
pwtw,7,corpus,6,1500,0101001000/0000001000/0101001100/0000000000/0000011001/0000100000/0000000000/0000010100/0010100000/0110000000/1000100001/0100000000/0000000100/0000000000/0000000000/0000000010/0000110001/0000000100/0000000000,771,124965,11.01,1,11001100/00010000/01010001/10000000/10010000/01000010/00100000,7,8,14,4,2 3 0 1 6 7 4 5,3,3,3,3,3,3,9,4,4,4,unsat,sat,unsat,sat,0,4,0,1,2,6 5 3 1 4 2 0,1,4
pwtw,7,corpus,7,1500,0001001000/0000011000/0011000000/0000000001/0000000000/0000000000/0010000000/0000010111/0000000000/0001000010/0000100000/0100001000/0000001000/0000000000/0000000000/0010000000/1000000000/0010010000/0000000110/0000000010,592,76610,6.52,1,0100100/0011011/0000000/1010111/0001000/1001100/0010000,7,7,16,4,3 2 1 4 0 5 6,3,3,3,3,3,3,9,3,3,3,unsat,sat,unsat,sat,0,4,0,1,2,6 4 1 5 3 2 0,1,3
pwtw,7,corpus,8,1500,0000010010/0000000000/0010000010/0011000001/0000000110/1001001000/1100000000/0000000000/0000001010/0010010001/0100010000/0100000000/0010100000,726,94488,7.67,1,1000010/0000011/1001001/1000000/0000001/0010100/0100010,7,7,13,4,2 4 0 6 5 1 3,3,3,3,3,3,3,9,4,4,4,unsat,sat,unsat,sat,0,4,0,1,2,6 5 4 3 2 1 0,1,4
pwtw,7,corpus,9,1500,0000000000/0000010011/0010010000/0000100100/0000000000/0000000010/0000000100/0001000010/0000010001/0011100000/0100010001/0100000100/0100000110/1000001000,695,96582,8.79,1,00001000/10001010/01010101/00001001/10100001/00000000/10000000,7,8,14,4,4 0 6 7 2 1 3 5,3,3,3,3,3,3,9,3,3,3,unsat,sat,unsat,sat,0,4,0,1,2,6 5 2 4 3 1 0,1,3
pwtw,7,corpus,10,1500,10010000/00000100/01010000/00010000/10001000/11000000/00001100/01100000/00010001/10000000/00000100/10000000/00011000/00000000/00100100,597,88382,6.45,1,100001/000100/000000/010100/010001/010000/001111,7,6,12,4,3 1 0 5 2 4,3,3,3,3,3,3,9,3,3,3,unsat,sat,unsat,sat,0,4,0,1,2,5 1 3 6 4 2 0,1,3
pwtw,7,corpus,11,1500,1100000000/0110000000/1000110000/0010000010/0000000100/0101001011/0100000010/0000000010/0101000000/0000100010/0000000000/0000000000/0000000000/0000000001/0000010100/0010000100,687,93401,7.22,1,1101000/0010011/0000101/0001010/0000000/0000010/0001001,7,7,13,4,5 4 6 0 1 3 2,3,3,3,3,3,3,9,3,3,3,unsat,sat,unsat,sat,0,4,0,1,2,5 2 1 6 4 3 0,1,3
pwtw,7,toc,0,1500,,537,81583,6.17,1,10011/11000/00110/00100/00000/00010/10100,7,5,11,4,2 3 0 1 4,3,3,3,3,3,3,9,3,3,3,unsat,sat,unsat,sat,0,4,0,1,2,5 3 2 6 4 1 0,1,3
pwtw,7,toc,1,1500,,500,58206,4.47,1,00111/01000/11001/00000/10001/01110/00100,7,5,13,4,1 2 0 4 3,3,3,3,3,3,3,9,3,3,3,unsat,sat,unsat,sat,0,4,0,1,2,6 1 5 4 3 2 0,1,3
pwtw,7,toc,2,1500,,471,83889,7.14,1,01100/10000/01000/10100/11000/00100/00000,7,5,9,4,0 1 2 3 4,3,3,3,3,3,3,9,3,3,3,unsat,sat,unsat,sat,0,4,0,1,2,6 5 1 3 4 2 0,1,3
pwtw,7,toc,3,1500,,330,40676,3.11,1,0110/1000/0100/1100/1010/0011/0000,7,4,10,4,0 1 2 3,3,3,3,3,3,3,9,3,3,3,unsat,sat,unsat,sat,0,4,0,1,2,6 5 1 4 3 2 0,1,3
pwtw,7,toc,4,1500,,315,40756,2.65,1,0111/0100/1000/0000/1101/0010/1010,7,4,11,4,1 0 2 3,3,3,3,3,3,3,9,3,3,3,unsat,sat,unsat,sat,0,4,0,1,2,5 2 6 4 3 1 0,1,3
pwtw,7,toc,5,1500,,485,55861,3.78,1,01100/11000/01001/10010/00000/10001/00001,7,5,11,4,4 1 2 0 3,3,3,3,3,3,3,9,3,3,3,unsat,sat,unsat,sat,0,4,0,1,2,6 3 5 4 2 1 0,1,3
pwtw,8,bern,0,1500,,1500,95608,10.24,1,000011000100/001000011100/100100000010/000100010000/010000000001/000001100000/011000000000/000000000000,8,12,18,3,1 11 5 6 2 4 9 0 3 10 7 8,2,2,2,2,2,2,6,6,6,5,unsat,sat,unsat,sat,0,3,0,1,1,7 4 6 5 2 3 1 0,1,6
pwtw,8,bern,1,1500,,1500,102920,11.49,1,010100001110/000000000000/011010000001/100000000000/100000000100/000000001100/111001000000/000000100000,8,12,19,4,6 0 9 8 1 2 4 11 5 3 10 7,3,3,3,3,3,3,9,4,4,4,unsat,sat,unsat,sat,0,4,0,1,2,7 5 3 4 6 2 1 0,1,4
pwtw,8,corpus,0,1500,0000010010/0000000000/0010000010/0011000001/0000000110/1001001000/1100000000/0000000000/0000001010/0010010001/0100010000/0100000000/0010100000,1500,137400,8.19,1,00101000/00100000/10001010/11000000/00001000/10100101/00000000/00010000,8,8,14,4,3 2 4 0 1 6 5 7,3,3,3,3,3,3,9,4,4,4,unsat,sat,unsat,sat,0,4,0,1,2,7 6 4 3 2 5 1 0,1,4
pwtw,8,corpus,1,1500,0000000000/0000010011/0010010000/0000100100/0000000000/0000000010/0000000100/0001000010/0000010001/0011100000/0100010001/0100000100/0100000110/1000001000,1500,114563,10.97,1,0000000000/0000000001/0000000010/0011010000/0011010001/1100000001/1001000100/1000001000,8,10,17,4,8 9 0 6 2 3 5 1 7 4,3,3,3,3,3,3,9,4,4,4,unsat,sat,unsat,sat,0,4,0,1,2,7 3 6 5 4 2 1 0,1,4
pwtw,8,corpus,2,1500,10010000/00000100/01010000/00010000/10001000/11000000/00001100/01100000/00010001/10000000/00000100/10000000/00011000/00000000/00100100,1500,137150,12.14,1,0000000/0001000/0010100/0101000/0000001/0011000/0100000/0110010,8,7,12,4,6 3 1 2 4 5 0,3,3,3,3,3,3,9,4,4,4,unsat,sat,unsat,sat,0,4,0,1,2,6 2 7 5 4 3 1 0,1,4
pwtw,8,corpus,3,1500,1100000000/0110000000/1000110000/0010000010/0000000100/0101001011/0100000010/0000000010/0101000000/0000100010/0000000000/0000000000/0000000000/0000000001/0000010100/0010000100,1500,95689,9.5,1,110000000/001100000/010001001/000100000/000010100/000000000/001010001/000000100,8,9,14,3,0 1 5 8 2 4 3 6 7,2,2,2,2,2,2,6,6,6,4,unsat,sat,unsat,sat,0,3,0,1,1,7 4 3 1 6 5 2 0,1,6
pwtw,8,corpus,4,1500,000100001000/000000000000/011010000000/000100000000/000101010000/010100000010/001001000000/000000100000/000001001000/000000000100/100000000000/000000000100/000001010000/000000001000/000000000000/000000000000/000010001000,1500,89660,9.94,1,0000000010/0110100001/0100010100/0001000001/0000001100/1000000000/0000100010/0001000000,8,10,16,3,0 8 4 1 2 9 5 7 6 3,2,2,2,2,2,2,6,7,7,6,unsat,sat,unsat,sat,0,3,0,1,1,7 4 3 2 1 6 5 0,1,7
pwtw,8,corpus,5,1500,0000010000/1010000000/0010100000/0001000001/0000010000/0000000000/0100001000/0000010110/0000000000/1100000010/0001001100/0100000010/0001000001/0010010000/0100000000/0000000000/0000000000/0001100000,1500,107455,9.1,1,011000000/000001010/000010000/101000010/010000100/010000010/000000001/001100000,8,9,15,4,4 8 5 7 1 6 2 3 0,3,3,3,3,3,3,9,5,5,5,unsat,sat,unsat,sat,0,4,0,1,2,7 6 4 1 5 3 2 0,1,5
pwtw,8,corpus,6,1500,0101001000/0000001000/0101001100/0000000000/0000011001/0000100000/0000000000/0000010100/0010100000/0110000000/1000100001/0100000000/0000000100/0000000000/0000000000/0000000010/0000110001/0000000100/0000000000,1500,107176,10.9,1,010100000/000001000/010001000/000101000/010000000/100010001/000000100/000100010,8,9,14,4,6 0 4 8 5 1 3 7 2,3,3,3,3,3,3,9,5,5,5,unsat,sat,unsat,sat,0,4,0,1,2,7 6 5 4 1 3 2 0,1,5
pwtw,8,corpus,7,1500,0001001000/0000011000/0011000000/0000000001/0000000000/0000000000/0010000000/0000010111/0000000000/0001000010/0000100000/0100001000/0000001000/0000000000/0000000000/0010000000/1000000000/0010010000/0000000110/0000000010,1500,121542,12.07,1,000000000/000100000/000010010/010000100/000101010/110100000/001000000/010000011,8,9,15,4,2 3 4 7 1 6 5 0 8,3,3,3,3,3,3,9,4,4,4,unsat,sat,unsat,sat,0,4,0,1,2,3 2 7 6 5 4 1 0,1,4
pwtw,8,corpus,8,1500,0000010010/0000000000/0010000010/0011000001/0000000110/1001001000/1100000000/0000000000/0000001010/0010010001/0100010000/0100000000/0010100000,1500,94361,9.6,1,001000011/000000011/000010100/100101000/100000000/000010000/000000000/011100100,8,9,16,3,7 8 2 1 3 6 4 0 5,2,2,2,2,2,2,6,6,6,4,unsat,sat,unsat,sat,0,3,0,1,1,5 4 3 2 7 6 1 0,1,6
pwtw,8,corpus,9,1500,0000000000/0000010011/0010010000/0000100100/0000000000/0000000010/0000000100/0001000010/0000010001/0011100000/0100010001/0100000100/0100000110/1000001000,1500,98137,10.52,1,0001010000/0000000001/0010010010/0000000011/0110000100/0001100000/0000000100/1000000000,8,10,15,3,0 9 8 2 5 3 4 1 7 6,2,2,2,2,2,2,6,7,7,6,unsat,sat,unsat,sat,0,3,0,1,1,7 6 5 4 1 3 2 0,1,7
pwtw,8,corpus,10,1500,10010000/00000100/01010000/00010000/10001000/11000000/00001100/01100000/00010001/10000000/00000100/10000000/00011000/00000000/00100100,1500,132999,10.5,1,10011/00011/00000/11000/10100/00100/00000/00101,8,5,12,4,2 3 4 0 1,3,3,3,3,3,3,9,3,3,3,unsat,sat,unsat,sat,0,4,0,1,2,5 3 4 7 6 2 1 0,1,3
pwtw,8,corpus,11,1500,1100000000/0110000000/1000110000/0010000010/0000000100/0101001011/0100000010/0000000010/0101000000/0000100010/0000000000/0000000000/0000000000/0000000001/0000010100/0010000100,1500,106223,10.37,1,01000001/10011000/10100000/00000000/00011010/00000000/11000001/00010101,8,8,16,4,1 7 0 2 3 4 6 5,3,3,3,3,3,3,9,3,3,3,unsat,sat,unsat,sat,0,4,0,1,2,4 2 1 7 6 5 3 0,1,3
pwtw,8,toc,0,1500,,1500,269836,21.73,1,00000/10100/11000/10000/01000/01100/00000/00100,8,5,9,4,0 1 2 3 4,3,3,3,3,3,3,9,3,3,3,unsat,sat,unsat,sat,0,4,0,1,2,7 6 4 5 3 2 1 0,1,3
pwtw,8,toc,1,1500,,993,131481,10.36,1,0000/1001/0100/1000/0000/0101/0011/1100,8,4,10,4,1 0 3 2,3,3,3,3,3,3,9,3,3,3,unsat,sat,unsat,sat,0,4,0,1,2,6 2 5 7 4 3 1 0,1,3
pwtw,8,toc,2,1500,,1500,121632,7.2,1,000000/000000/101000/000100/001100/010010/010101/011010,8,6,13,4,3 0 2 1 4 5,3,3,3,3,3,3,9,3,3,3,unsat,sat,unsat,sat,0,4,0,1,2,5 3 6 7 4 2 1 0,1,3
pwtw,8,toc,3,1500,,1500,160819,13.3,1,101000/000000/000100/001000/001100/110100/000010/100000,8,6,11,4,4 3 2 0 1 5,3,3,3,3,3,3,9,4,4,4,unsat,sat,unsat,sat,0,4,0,1,2,7 6 2 5 4 3 1 0,1,4
pwtw,8,toc,4,1500,,1500,142407,13.22,1,1010000/1001010/0100000/0010110/0000000/1000000/0010000/0000010,8,7,12,4,1 0 2 5 3 4 6,3,3,3,3,3,3,9,4,4,4,unsat,sat,unsat,sat,0,4,0,1,2,7 6 5 4 3 2 1 0,1,4
pwtw,8,toc,5,1500,,1500,205371,16.46,1,00110/00101/00000/10000/10001/10100/00000/00001,8,5,10,4,0 4 2 3 1,3,3,3,3,3,3,9,3,3,3,unsat,sat,unsat,sat,0,4,0,1,2,7 6 3 4 5 2 1 0,1,3
pwtw,9,bern,0,1500,,1500,101466,11.4,1,001001100/100101100/000010001/100110011/000100000/111011010/000000000/000000000/000000000,9,9,21,4,3 4 8 2 5 6 0 7 1,3,3,3,3,3,3,9,3,3,3,unsat,sat,unsat,sat,0,4,0,1,2,8 7 6 4 2 3 5 1 0,1,3
pwtw,9,bern,1,1500,,1500,82747,11.31,1,0011010001001/0000000100000/0000000001100/1000000000000/0101001011000/0000000000000/0000010000000/0000110000101/0000000000110,9,13,21,4,7 0 5 10 11 4 12 9 2 3 1 6 8,3,3,3,3,3,3,9,5,5,5,unsat,sat,unsat,sat,0,4,0,1,2,8 6 7 5 4 3 2 1 0,1,5
pwtw,9,corpus,0,1500,0000010010/0000000000/0010000010/0011000001/0000000110/1001001000/1100000000/0000000000/0000001010/0010010001/0100010000/0100000000/0010100000,1500,82103,9.42,1,010000000/000000000/100100001/000100000/000001010/000000110/001001001/011000000/000010000,9,9,15,3,4 1 2 5 8 0 3 7 6,2,2,2,2,2,2,6,7,7,5,unsat,sat,unsat,sat,0,3,0,1,1,8 5 4 3 2 6 7 1 0,1,7
pwtw,9,corpus,1,1500,0000000000/0000010011/0010010000/0000100100/0000000000/0000000010/0000000100/0001000010/0000010001/0011100000/0100010001/0100000100/0100000110/1000001000,1500,80578,7.73,1,00001011/01000000/00100010/00000000/00001001/00010000/10001001/10100110/10000100,9,8,18,4,1 3 2 6 4 7 0 5,3,3,3,3,3,3,9,5,5,5,unsat,sat,unsat,sat,0,4,0,1,2,8 4 6 7 5 3 2 1 0,1,5
pwtw,9,corpus,2,1500,10010000/00000100/01010000/00010000/10001000/11000000/00001100/01100000/00010001/10000000/00000100/10000000/00011000/00000000/00100100,1500,102046,10.01,1,0000000/0001000/1000010/0100000/0010100/0000101/0010000/0000110/0010010,9,7,13,4,3 1 2 0 5 4 6,3,3,3,3,3,3,9,5,5,5,unsat,sat,unsat,sat,0,4,0,1,2,6 5 4 8 7 3 2 1 0,1,5
pwtw,9,corpus,3,1500,1100000000/0110000000/1000110000/0010000010/0000000100/0101001011/0100000010/0000000010/0101000000/0000100010/0000000000/0000000000/0000000000/0000000001/0000010100/0010000100,1500,88530,9.24,1,0000000000/0000101001/1000110000/0000000110/0100001110/0100100010/0001000000/0000001000/0010000000,9,10,18,4,3 2 6 7 8 0 4 5 9 1,3,3,3,3,3,3,9,5,5,5,unsat,sat,unsat,sat,0,4,0,1,2,8 7 6 3 4 5 2 1 0,1,5
pwtw,9,corpus,4,1500,000100001000/000000000000/011010000000/000100000000/000101010000/010100000010/001001000000/000000100000/000001001000/000000000100/100000000000/000000000100/000001010000/000000001000/000000000000/000000000000/000010001000,1500,108021,12.09,1,000010000/001001000/000000000/100001100/010000001/100000000/100000001/000101001/000000000,9,9,14,4,4 0 2 5 1 8 6 3 7,3,3,3,3,3,3,9,4,4,4,unsat,sat,unsat,sat,0,4,0,1,2,8 5 4 6 7 3 2 1 0,1,4
pwtw,9,corpus,5,1500,0000010000/1010000000/0010100000/0001000001/0000010000/0000000000/0100001000/0000010110/0000000000/1100000010/0001001100/0100000010/0001000001/0010010000/0100000000/0000000000/0000000000/0001100000,1500,86510,10.73,1,1000000000/0010100000/0001010000/0000100000/0000000000/0100000010/0111001100/0000000011/0000010000,9,10,16,3,0 4 5 2 3 8 9 1 6 7,2,2,2,2,2,2,6,7,7,5,unsat,sat,unsat,sat,0,3,0,1,1,8 7 5 2 6 4 3 1 0,1,7
pwtw,9,corpus,6,1500,0101001000/0000001000/0101001100/0000000000/0000011001/0000100000/0000000000/0000010100/0010100000/0110000000/1000100001/0100000000/0000000100/0000000000/0000000000/0000000010/0000110001/0000000100/0000000000,1500,87206,10.26,1,10110100/10000100/00000000/00001101/01000000/00000011/00000000/00010000/00011001,9,8,16,4,1 3 0 5 6 7 4 2,3,3,3,3,3,3,9,4,4,4,unsat,sat,unsat,sat,0,4,0,1,2,7 5 8 6 4 3 2 1 0,1,4
pwtw,9,corpus,7,1500,0001001000/0000011000/0011000000/0000000001/0000000000/0000000000/0010000000/0000010111/0000000000/0001000010/0000100000/0100001000/0000001000/0000000000/0000000000/0010000000/1000000000/0010010000/0000000110/0000000010,1500,98499,10.14,1,0000001/1000100/0011000/0000000/0100111/0000000/1000001/0000100/1000000,9,7,13,4,2 3 6 4 0 1 5,3,3,3,3,3,3,9,4,4,4,unsat,sat,unsat,sat,0,4,0,1,2,8 7 1 6 5 4 3 2 0,1,4
pwtw,9,corpus,8,1500,0000010010/0000000000/0010000010/0011000001/0000000110/1001001000/1100000000/0000000000/0000001010/0010010001/0100010000/0100000000/0010100000,1500,102050,11.83,1,000100000/000000000/000100001/100100000/100000000/000000110/000001001/110000001/001010000,9,9,15,4,6 7 2 4 3 0 8 5 1,3,3,3,3,3,3,9,5,5,5,unsat,sat,unsat,sat,0,4,0,1,2,8 6 4 7 5 3 2 1 0,1,5
pwtw,9,corpus,9,1500,0000000000/0000010011/0010010000/0000100100/0000000000/0000000010/0000000100/0001000010/0000010001/0011100000/0100010001/0100000100/0100000110/1000001000,1500,97079,6.64,1,00110000/01101001/00000000/10100000/10000000/00000000/00000000/01000011/11000110,9,8,16,4,0 2 3 1 6 7 4 5,3,3,3,3,3,3,9,3,3,3,unsat,sat,unsat,sat,0,4,0,1,2,7 4 8 6 5 3 2 1 0,1,3
pwtw,9,corpus,10,1500,10010000/00000100/01010000/00010000/10001000/11000000/00001100/01100000/00010001/10000000/00000100/10000000/00011000/00000000/00100100,1500,106882,8.41,1,0010100/0011000/0000000/0100000/0001001/0000010/0000000/0101000/0110000,9,7,12,4,5 1 2 4 3 6 0,3,3,3,3,3,3,9,4,4,4,unsat,sat,unsat,sat,0,4,0,1,2,4 3 7 8 6 5 2 1 0,1,4
pwtw,9,corpus,11,1500,1100000000/0110000000/1000110000/0010000010/0000000100/0101001011/0100000010/0000000010/0101000000/0000100010/0000000000/0000000000/0000000000/0000000001/0000010100/0010000100,1500,85639,8.26,1,1100000/0100010/1011010/0000000/0000010/1010000/0000000/0000001/0100100,9,7,14,4,6 5 0 2 1 4 3,3,3,3,3,3,3,9,4,4,4,unsat,sat,unsat,sat,0,4,0,1,2,8 7 6 5 4 3 2 1 0,1,4
pwtw,9,toc,0,1500,,1500,113712,10.56,1,00001/00000/00100/11100/01001/00010/00101/00000/01000,9,5,11,4,3 4 2 1 0,3,3,3,3,3,3,9,4,4,4,unsat,sat,unsat,sat,0,4,0,1,2,8 7 2 3 6 5 4 1 0,1,4
pwtw,9,toc,1,1500,,1500,135085,12.58,1,011000/000000/100000/000000/000000/000100/100100/111000/001100,9,6,11,4,0 3 1 2 4 5,3,3,3,3,3,3,9,3,3,3,unsat,sat,unsat,sat,0,4,0,1,2,5 2 6 8 7 4 3 1 0,1,3
pwtw,9,toc,2,1500,,1500,111909,10.09,1,0100000/0001000/0010100/0011000/0000000/0000000/1000000/1010000/1001000,9,7,11,4,1 3 0 2 4 5 6,3,3,3,3,3,3,9,4,4,4,unsat,sat,unsat,sat,0,4,0,1,2,6 2 7 8 5 4 3 1 0,1,4
pwtw,9,toc,3,1500,,1500,101140,9.77,1,00010001/00000000/00010000/00100101/01000000/00001001/00000000/10011010/00001000,9,8,14,4,1 3 4 7 2 5 0 6,3,3,3,3,3,3,9,4,4,4,unsat,sat,unsat,sat,0,4,0,1,2,8 3 5 7 6 4 2 1 0,1,4
pwtw,9,toc,4,1500,,1500,117285,11.55,1,000000/000000/000010/000000/010011/100000/011000/100110/110000,9,6,12,4,4 0 1 2 5 3,3,3,3,3,3,3,9,3,3,3,unsat,sat,unsat,sat,0,4,0,1,2,6 5 8 7 4 3 2 1 0,1,3
pwtw,9,toc,5,1500,,1500,121432,10.78,1,00000/00000/00100/00000/01100/00111/11001/10001/01000,9,5,12,4,2 1 0 4 3,3,3,3,3,3,3,9,3,3,3,unsat,sat,unsat,sat,0,4,0,1,2,8 7 6 5 4 3 2 1 0,1,3
pwtw,10,bern,0,1500,,1500,94410,11.93,1,0000000000/1000001000/0000000000/0000000000/0110010000/0010000100/0001100000/1000000100/0000000110/1010000000,10,10,15,4,3 4 0 6 7 8 2 1 5 9,3,3,3,2,3,3,9,4,4,4,unsat,sat,unsat,sat,0,4,0,1,2,8 4 5 9 7 6 3 2 1 0,1,4
pwtw,10,bern,1,1500,,1500,103658,12.6,1,0001110000/0010000110/0001000000/0000100000/0000100010/1001000010/0100000000/0000000000/0000000001/0000000000,10,10,15,4,1 9 3 4 5 8 2 7 0 6,3,3,3,2,3,3,9,5,5,5,unsat,sat,unsat,sat,0,4,0,1,2,9 8 7 6 3 1 4 5 2 0,1,5
pwtw,10,corpus,0,1500,0000010010/0000000000/0010000010/0011000001/0000000110/1001001000/1100000000/0000000000/0000001010/0010010001/0100010000/0100000000/0010100000,1500,86896,9.43,1,00001010/00000000/00100010/00110001/10000000/00000000/00000110/00101001/01001000/00000000,10,8,15,4,0 5 6 4 1 2 3 7,3,3,3,2,3,3,9,4,4,4,unsat,sat,unsat,sat,0,4,0,1,2,9 8 3 7 6 5 4 2 1 0,1,4
pwtw,10,corpus,1,1500,0000000000/0000010011/0010010000/0000100100/0000000000/0000000010/0000000100/0001000010/0000010001/0011100000/0100010001/0100000100/0100000110/1000001000,1500,94684,11.62,1,0000000000/0000010000/0011000000/0100000000/0000000001/0001101010/0000100001/0010000100/0000000000/1000011000,10,10,16,3,1 5 0 6 3 4 8 2 7 9,2,2,2,2,2,2,6,7,7,5,unsat,sat,unsat,sat,0,3,0,1,1,7 4 6 2 5 9 8 3 1 0,1,7
pwtw,10,corpus,2,1500,10010000/00000100/01010000/00010000/10001000/11000000/00001100/01100000/00010001/10000000/00000100/10000000/00011000/00000000/00100100,1500,103019,7.27,1,0000000/0000000/0001000/0010000/0000010/0010001/0000001/0100001/1110100/0100000,10,7,13,4,3 5 2 6 1 0 4,3,3,3,2,3,3,9,5,5,5,unsat,sat,unsat,sat,0,4,0,1,2,9 6 7 8 5 4 3 2 1 0,1,5
pwtw,10,corpus,3,1500,1100000000/0110000000/1000110000/0010000010/0000000100/0101001011/0100000010/0000000010/0101000000/0000100010/0000000000/0000000000/0000000000/0000000001/0000010100/0010000100,1500,94494,11.13,1,1100000/0010000/0000100/0000001/0001000/0000010/0000101/0100100/0100001/0000000,10,7,13,4,2 3 5 4 6 0 1,3,3,3,2,3,3,9,6,6,6,unsat,sat,unsat,sat,0,4,0,1,2,9 3 2 6 8 7 5 4 1 0,1,6
pwtw,10,corpus,4,1500,000100001000/000000000000/011010000000/000100000000/000101010000/010100000010/001001000000/000000100000/000001001000/000000000100/100000000000/000000000100/000001010000/000000001000/000000000000/000000000000/000010001000,1500,82369,10.1,1,01000000/00101010/00100100/00010010/01001000/00000100/00000001/10000000/00000000/00010000,10,8,14,3,7 0 1 4 2 6 5 3,2,2,2,2,2,2,6,8,8,7,unsat,sat,unsat,sat,0,3,0,1,1,9 8 7 6 5 3 2 1 4 0,1,8
pwtw,10,corpus,5,1500,0000010000/1010000000/0010100000/0001000001/0000010000/0000000000/0100001000/0000010110/0000000000/1100000010/0001001100/0100000010/0001000001/0010010000/0100000000/0000000000/0000000000/0001100000,1500,98030,9.33,1,00100010/00000001/00001000/00010000/01000100/00000000/10001010/01000010/01001000/00000000,10,8,14,4,7 3 4 2 6 1 5 0,3,3,3,2,3,3,9,5,5,5,unsat,sat,unsat,sat,0,4,0,1,2,9 4 2 8 7 6 5 3 1 0,1,5
pwtw,10,corpus,6,1500,0101001000/0000001000/0101001100/0000000000/0000011001/0000100000/0000000000/0000010100/0010100000/0110000000/1000100001/0100000000/0000000100/0000000000/0000000000/0000000010/0000110001/0000000100/0000000000,1500,97847,10.67,1,00100000/10001101/00010001/00010000/00000010/01000110/00000000/00000000/00000000/00101000,10,8,14,3,2 4 0 5 7 3 6 1,2,2,2,2,2,2,6,6,6,5,unsat,sat,unsat,sat,0,3,0,1,1,4 5 3 2 1 9 8 7 6 0,1,6
pwtw,10,corpus,7,1500,0001001000/0000011000/0011000000/0000000001/0000000000/0000000000/0010000000/0000010111/0000000000/0001000010/0000100000/0100001000/0000001000/0000000000/0000000000/0010000000/1000000000/0010010000/0000000110/0000000010,1500,111551,12.74,1,0000100/1000100/0010010/0010111/1001000/0000000/0000000/0100000/1010000/0000000,10,7,14,4,1 4 2 5 0 3 6,3,3,3,2,3,3,9,4,4,4,unsat,sat,unsat,sat,0,4,0,1,2,9 4 2 8 7 6 5 3 1 0,1,4
pwtw,10,corpus,8,1500,0000010010/0000000000/0010000010/0011000001/0000000110/1001001000/1100000000/0000000000/0000001010/0010010001/0100010000/0100000000/0010100000,1500,77420,9.43,1,000010010/000000000/000000000/000100001/000000110/100010000/010001010/001000000/010010000/010001000,10,9,16,4,2 3 8 6 7 4 0 1 5,3,3,3,2,3,3,9,5,5,5,unsat,sat,unsat,sat,0,4,0,1,2,9 5 8 7 6 4 3 2 1 0,1,5
pwtw,10,corpus,9,1500,0000000000/0000010011/0010010000/0000100100/0000000000/0000000010/0000000100/0001000010/0000010001/0011100000/0100010001/0100000100/0100000110/1000001000,1500,81763,10.19,1,00000000/00011010/01001000/00100000/00000010/00000100/00100010/00000001/01110000/10000000,10,8,15,4,5 7 0 2 6 1 4 3,3,3,3,2,3,3,9,6,6,6,unsat,sat,unsat,sat,0,4,0,1,2,9 4 3 6 8 7 5 2 1 0,1,6
pwtw,10,corpus,10,1500,10010000/00000100/01010000/00010000/10001000/11000000/00001100/01100000/00010001/10000000/00000100/10000000/00011000/00000000/00100100,1500,80978,9.51,1,1001000/0100010/1000100/0000100/0001001/1000000/0010000/0001100/0000000/0000000,10,7,13,4,2 1 5 4 0 3 6,3,3,3,2,3,3,9,5,5,5,unsat,sat,unsat,sat,0,4,0,1,2,9 8 4 3 7 6 5 2 1 0,1,5
pwtw,10,corpus,11,1500,1100000000/0110000000/1000110000/0010000010/0000000100/0101001011/0100000010/0000000010/0101000000/0000100010/0000000000/0000000000/0000000000/0000000001/0000010100/0010000100,1500,89956,11.34,1,1001000000/0010000000/0000001100/0001001001/0100000000/0001000110/0000100000/0000000000/0000001000/0000010100,10,10,16,4,2 1 4 6 0 3 7 5 9 8,3,3,3,2,3,3,9,6,6,6,unsat,sat,unsat,sat,0,4,0,1,2,9 8 7 6 2 5 4 3 1 0,1,6
pwtw,10,toc,0,1500,,1500,165760,12.67,1,00000/00100/10100/01000/01100/10000/00000/00000/00000/11000,10,5,9,4,2 1 0 3 4,3,3,3,2,3,3,9,3,3,3,unsat,sat,unsat,sat,0,4,0,1,2,5 3 9 8 7 6 4 2 1 0,1,3
pwtw,10,toc,1,1500,,1500,100847,11.19,1,000000/000000/000100/011000/010000/000000/001000/010110/100000/001100,10,6,11,4,0 3 1 2 4 5,3,3,3,2,3,3,9,4,4,4,unsat,sat,unsat,sat,0,4,0,1,2,6 4 3 9 8 7 5 2 1 0,1,4
pwtw,10,toc,2,1500,,1500,126307,12.62,1,00110/10000/00000/01000/00000/00000/10100/00100/10010/00010,10,5,10,4,1 0 2 3 4,3,3,3,2,3,3,9,4,4,4,unsat,sat,unsat,sat,0,4,0,1,2,9 1 8 7 6 5 4 3 2 0,1,4
pwtw,10,toc,3,1500,,1500,90224,11.53,1,000001000/001001000/000011000/000000100/000000000/010000000/000010000/000000000/101110000/001100000,10,9,14,4,6 1 5 4 2 3 0 7 8,3,3,3,2,3,3,9,5,5,5,unsat,sat,unsat,sat,0,4,0,1,2,9 6 8 7 5 4 3 2 1 0,1,5
pwtw,10,toc,4,1500,,1500,95474,8.61,1,101100000/000010000/100110000/000000000/001110000/000000000/001000100/110000000/000001000/000000000,10,9,15,4,5 4 2 6 0 1 3 7 8,3,3,3,2,3,3,9,4,4,4,unsat,sat,unsat,sat,0,4,0,1,2,9 8 7 6 5 1 4 3 2 0,1,4
pwtw,10,toc,5,1500,,1500,119962,13.42,1,1000000/0000100/0010000/1010000/0100010/0011000/1001000/0000000/0001000/0000000,10,7,12,4,4 1 5 0 2 3 6,3,3,3,2,3,3,9,5,5,5,unsat,sat,unsat,sat,0,4,0,1,2,9 8 7 2 5 6 4 3 1 0,1,5
pwtw,11,bern,0,1500,,1500,78497,7.35,1,00000000000/01000000100/00000110100/10100000011/00011000000/00000001000/00000000000/00000000000/01010000000/01000000000/00010000100,11,11,17,4,7 0 2 9 10 1 3 4 8 5 6,3,3,3,0,3,3,9,5,5,5,unsat,sat,unsat,sat,0,4,0,1,2,9 4 8 10 7 6 5 3 2 1 0,1,5
pwtw,11,bern,1,1500,,1500,63711,11.23,1,00000000010/01010000100/10100001100/00000010000/00010000000/00010001000/00000001000/00000000000/11100000001/00000000000/00001100000,11,11,19,4,9 6 4 5 3 7 1 8 0 2 10,3,3,3,0,3,3,9,6,6,6,unsat,sat,unsat,sat,0,4,0,1,2,10 9 8 7 6 4 5 3 2 1 0,1,6
pwtw,11,corpus,0,1500,0000010010/0000000000/0010000010/0011000001/0000000110/1001001000/1100000000/0000000000/0000001010/0010010001/0100010000/0100000000/0010100000,1500,65288,10.62,1,100001010/000000010/101000001/000000100/000100000/100000000/000000000/001001010/001000001/000010000/010000000,11,9,17,4,6 3 4 1 7 0 2 8 5,3,3,3,0,3,3,9,7,7,7,unsat,sat,unsat,sat,0,4,0,1,2,10 9 8 5 2 7 6 4 3 1 0,1,7
pwtw,11,corpus,1,1500,0000000000/0000010011/0010010000/0000100100/0000000000/0000000010/0000000100/0001000010/0000010001/0011100000/0100010001/0100000100/0100000110/1000001000,1500,101728,14.13,1,0000100000/0010010010/0001000000/0000000000/0100000000/0100000110/0000000000/0110000000/0000000001/0010000000/1000001110,11,10,17,4,4 3 9 1 2 5 8 7 0 6,3,3,3,0,3,3,9,6,6,6,unsat,sat,unsat,sat,0,4,0,1,2,10 9 8 4 7 6 5 3 2 1 0,1,6
pwtw,11,corpus,2,1500,10010000/00000100/01010000/00010000/10001000/11000000/00001100/01100000/00010001/10000000/00000100/10000000/00011000/00000000/00100100,1500,88133,11.23,1,0000000/1000100/0000110/0110000/0001001/1000010/0000000/1000000/0000100/0000000/0000010,11,7,13,4,1 2 3 6 0 4 5,3,3,3,0,3,3,9,5,5,5,unsat,sat,unsat,sat,0,4,0,1,2,10 9 8 7 6 5 4 3 2 1 0,1,5
pwtw,11,corpus,3,1500,1100000000/0110000000/1000110000/0010000010/0000000100/0101001011/0100000010/0000000010/0101000000/0000100010/0000000000/0000000000/0000000000/0000000001/0000010100/0010000100,1500,68367,11.55,1,1000000100/0000000000/0000010000/0010000010/0110001001/0000000000/0000000010/0101000000/0100100011/0000000000/0010000000,11,10,17,4,5 0 7 8 2 1 3 6 9 4,3,3,3,0,3,3,9,5,5,5,unsat,sat,unsat,sat,0,4,0,1,2,10 9 7 6 8 5 4 3 2 1 0,1,5
pwtw,11,corpus,4,1500,000100001000/000000000000/011010000000/000100000000/000101010000/010100000010/001001000000/000000100000/000001001000/000000000100/100000000000/000000000100/000001010000/000000001000/000000000000/000000000000/000010001000,1500,81965,11.51,1,0101000000/0100100000/0000000000/0000000000/0000000101/0001001010/1010000000/0000011000/0000000000/0001000000/0100011000,11,10,17,4,7 9 0 2 3 1 4 5 6 8,3,3,3,0,3,3,9,5,5,5,unsat,sat,unsat,sat,0,4,0,1,2,9 7 5 10 8 6 4 3 2 1 0,1,5
pwtw,11,corpus,5,1500,0000010000/1010000000/0010100000/0001000001/0000010000/0000000000/0100001000/0000010110/0000000000/1100000010/0001001100/0100000010/0001000001/0010010000/0100000000/0000000000/0000000000/0001100000,1500,98408,11.13,1,010010101/001010000/000001000/000000000/010000010/000001100/000000010/000000000/001000000/000000000/000000000,11,9,13,3,5 6 1 4 8 2 7 0 3,2,2,2,2,2,2,6,6,6,5,unsat,sat,unsat,sat,0,3,0,1,1,10 9 8 7 6 2 5 4 3 1 0,1,6
pwtw,11,corpus,6,1500,0101001000/0000001000/0101001100/0000000000/0000011001/0000100000/0000000000/0000010100/0010100000/0110000000/1000100001/0100000000/0000000100/0000000000/0000000000/0000000010/0000110001/0000000100/0000000000,1500,86042,12.34,1,0000000000/0001000101/0000000000/0000011000/0011000000/1000100001/0100000000/0000000000/0000010100/0000100000/0010000010,11,10,16,3,1 5 6 7 3 9 2 8 0 4,2,2,2,2,2,2,6,7,7,6,unsat,sat,unsat,sat,0,3,0,1,1,10 9 3 8 7 6 5 4 2 1 0,1,7
pwtw,11,corpus,7,1500,0001001000/0000011000/0011000000/0000000001/0000000000/0000000000/0010000000/0000010111/0000000000/0001000010/0000100000/0100001000/0000001000/0000000000/0000000000/0010000000/1000000000/0010010000/0000000110/0000000010,1500,79241,10.6,1,01001000/10000000/00000000/00001000/00000101/00000000/01100010/00110000/00000000/00010000/00000110,11,8,14,3,0 4 1 2 6 3 5 7,2,2,2,2,2,2,6,7,7,6,unsat,sat,unsat,sat,0,3,0,1,1,4 10 9 8 7 6 5 3 2 1 0,1,7
pwtw,11,corpus,8,1500,0000010010/0000000000/0010000010/0011000001/0000000110/1001001000/1100000000/0000000000/0000001010/0010010001/0100010000/0100000000/0010100000,1500,69724,9.36,1,000000010/000000000/000000000/100100000/010000000/000000000/000001110/000001001/011001000/010000010/000010000,11,9,15,4,4 0 3 7 1 5 8 6 2,3,3,3,0,3,3,9,5,5,5,unsat,sat,unsat,sat,0,4,0,1,2,10 7 4 8 9 6 5 3 2 1 0,1,5
pwtw,11,corpus,9,1500,0000000000/0000010011/0010010000/0000100100/0000000000/0000000010/0000000100/0001000010/0000010001/0011100000/0100010001/0100000100/0100000110/1000001000,1500,105512,13.93,1,0000000001/0100000011/0000000000/0000000110/0000000101/0000000000/0010000000/0000100010/0000010000/0000000100/0000001000,11,10,14,4,2 5 6 9 7 8 4 1 0 3,3,3,3,0,3,3,9,6,6,6,unsat,sat,unsat,sat,0,4,0,1,2,10 9 8 7 6 5 3 4 2 1 0,1,6
pwtw,11,corpus,10,1500,10010000/00000100/01010000/00010000/10001000/11000000/00001100/01100000/00010001/10000000/00000100/10000000/00011000/00000000/00100100,1500,95702,12.34,1,0011000/0000010/0100000/0000100/0010001/0000000/0000000/0000000/1001010/1001000/0010010,11,7,14,4,1 4 5 2 6 3 0,3,3,3,0,3,3,9,5,5,5,unsat,sat,unsat,sat,0,4,0,1,2,9 1 8 10 7 6 5 4 3 2 0,1,5
pwtw,11,corpus,11,1500,1100000000/0110000000/1000110000/0010000010/0000000100/0101001011/0100000010/0000000010/0101000000/0000100010/0000000000/0000000000/0000000000/0000000001/0000010100/0010000100,1500,89621,12.84,1,0000000000/0001100000/0100001000/1000000000/0000100100/0000100010/0000000110/0000000000/0000000000/0000010010/0010000100,11,10,15,4,0 1 6 3 4 8 5 7 2 9,3,3,3,0,3,3,9,5,5,5,unsat,sat,unsat,sat,0,4,0,1,2,10 9 8 7 6 5 4 3 2 1 0,1,5
pwtw,11,toc,0,1500,,1500,157960,15.25,1,00000/00000/01100/00000/10100/00000/01000/00000/00100/10000/11000,11,5,9,4,1 2 0 3 4,3,3,3,0,3,3,9,3,3,3,unsat,sat,unsat,sat,0,4,0,1,2,9 6 10 8 7 5 4 3 2 1 0,1,3
pwtw,11,toc,1,1500,,1500,96170,11.28,1,00110/00010/00011/00000/01001/10000/00101/00000/00100/00000/00000,11,5,11,4,0 3 2 4 1,3,3,3,0,3,3,9,4,4,4,unsat,sat,unsat,sat,0,4,0,1,2,10 9 8 7 4 6 5 3 2 1 0,1,4
pwtw,11,toc,2,1500,,1500,100314,8.33,1,1000000/0100110/0001000/0010000/0000000/0000000/0110000/0000010/0000000/0010010/0100100,11,7,13,4,0 3 2 5 1 4 6,3,3,3,0,3,3,9,5,5,5,unsat,sat,unsat,sat,0,4,0,1,2,10 7 3 9 8 6 5 4 2 1 0,1,5
pwtw,11,toc,3,1500,,1500,92740,12.54,1,0000000/1000000/0000000/0011100/0000001/0000000/0010000/0010001/0000000/0100101/0001110,11,7,14,4,0 6 2 3 4 1 5,3,3,3,0,3,3,9,4,4,4,unsat,sat,unsat,sat,0,4,0,1,2,10 4 9 8 7 6 5 3 2 1 0,1,4
pwtw,11,toc,4,1500,,1500,82167,11.15,1,100110100/000001000/000000000/001000000/110100000/000010100/110001000/000000000/000000000/000011000/000000000,11,9,16,4,2 5 4 6 0 1 3 7 8,3,3,3,0,3,3,9,4,4,4,unsat,sat,unsat,sat,0,4,0,1,2,10 5 1 9 8 7 6 4 3 2 0,1,4
pwtw,11,toc,5,1500,,1500,97481,11.47,1,0000101/0000100/0001000/1000000/0010000/0000001/0100000/0000000/1000100/0000000/1000001,11,7,12,4,3 2 1 4 0 6 5,3,3,3,0,3,3,9,6,6,6,unsat,sat,unsat,sat,0,4,0,1,2,5 3 10 9 8 7 6 4 2 1 0,1,6
pwtw,12,bern,0,1500,,1500,62142,13.25,1,000000000000/000000000000/000000011110/100000000000/000000000000/011010100000/000100001000/000001000000/000100010101/000100000000/000000000111/000000001000,12,12,21,4,0 5 1 2 4 6 3 8 9 10 11 7,3,3,3,0,3,3,9,6,6,6,unsat,sat,unsat,sat,0,4,0,1,2,11 10 9 8 7 6 5 4 3 2 1 0,1,6
pwtw,12,bern,1,1500,,1500,18733,11.37,1,110110100000011110/100100011000000000/000100000000000000/111010110001010100/000001000000000000/000010000101010000/000000000000000000/001000010000100001/000000000000000000/000000000000000000/000000000010000000/001000001000111000,12,18,38,5,5 10 3 4 9 11 13 2 7 12 17 0 8 14 1 6 15 16,4,4,4,2,4,4,14,5,5,5,unsat,sat,unsat,sat,0,5,0,1,3,7 5 11 10 9 8 6 4 3 2 1 0,1,5
pwtw,12,corpus,0,1500,0000010010/0000000000/0010000010/0011000001/0000000110/1001001000/1100000000/0000000000/0000001010/0010010001/0100010000/0100000000/0010100000,1500,69448,11.47,1,0000000000/0010000000/0011000000/0000000110/1001001000/1100000000/0000000000/0000001010/0000010001/0000000000/0100000000/0000100000,12,10,16,3,5 9 4 2 3 0 6 1 8 7,2,2,2,2,2,2,6,8,8,7,unsat,sat,unsat,sat,0,3,0,1,1,11 10 9 8 3 7 6 5 4 2 1 0,1,8
pwtw,12,corpus,1,1500,0000000000/0000010011/0010010000/0000100100/0000000000/0000000010/0000000100/0001000010/0000010001/0011100000/0100010001/0100000100/0100000110/1000001000,1500,65228,12.36,1,0000000000/0000010011/0000110100/0000100100/0000000000/0000000010/0000000000/0001000000/0000010001/0010000000/0000000110/1100001000,12,10,18,4,3 2 0 1 6 8 4 7 5 9,3,3,3,0,3,3,9,6,6,6,unsat,sat,unsat,sat,0,4,0,1,2,11 5 3 10 9 8 7 6 4 2 1 0,1,6
pwtw,12,corpus,2,1500,10010000/00000100/01010000/00010000/10001000/11000000/00001100/01100000/00010001/10000000/00000100/10000000/00011000/00000000/00100100,1500,84800,11.89,1,0000000/0000000/1000100/1001000/0000100/0110000/0001001/0000000/0000010/1000000/0001100/0000000,12,7,13,4,5 1 2 4 0 3 6,3,3,3,0,3,3,9,5,5,5,unsat,sat,unsat,sat,0,4,0,1,2,11 6 4 10 9 8 7 5 3 2 1 0,1,5
pwtw,12,corpus,3,1500,1100000000/0110000000/1000110000/0010000010/0000000100/0101001011/0100000010/0000000010/0101000000/0000100010/0000000000/0000000000/0000000000/0000000001/0000010100/0010000100,1500,76346,12.77,1,00001010/10001100/01100011/00000000/00000001/00010000/00001001/00000000/00000000/00000000/00000000/00100010,12,8,15,4,3 7 2 6 4 0 5 1,3,3,3,0,3,3,9,4,4,4,unsat,sat,unsat,sat,0,4,0,1,2,11 10 9 8 7 4 2 6 5 3 1 0,1,4
pwtw,12,corpus,4,1500,000100001000/000000000000/011010000000/000100000000/000101010000/010100000010/001001000000/000000100000/000001001000/000000000100/100000000000/000000000100/000001010000/000000001000/000000000000/000000000000/000010001000,1500,84339,13.37,1,000000000/000000000/000000000/000000000/100001001/001010010/010100100/000000001/000001000/000101000/000000000/000100101,12,9,16,4,2 4 7 8 5 0 3 1 6,3,3,3,0,3,3,9,4,4,4,unsat,sat,unsat,sat,0,4,0,1,2,8 6 9 11 10 7 5 4 3 2 1 0,1,4
pwtw,12,corpus,5,1500,0000010000/1010000000/0010100000/0001000001/0000010000/0000000000/0100001000/0000010110/0000000000/1100000010/0001001100/0100000010/0001000001/0010010000/0100000000/0000000000/0000000000/0001100000,1500,84014,14.78,1,1000100000/0000100001/0000000000/0100000000/0000000000/1010010010/0001000100/0000000000/0000011000/0000001000/0000000000/0010000100,12,10,16,3,1 4 9 0 2 5 8 6 7 3,2,2,2,2,2,2,6,7,7,6,unsat,sat,unsat,sat,0,3,0,1,1,6 11 10 9 8 7 5 4 3 2 1 0,1,7
pwtw,12,corpus,6,1500,0101001000/0000001000/0101001100/0000000000/0000011001/0000100000/0000000000/0000010100/0010100000/0110000000/1000100001/0100000000/0000000100/0000000000/0000000000/0000000010/0000110001/0000000100/0000000000,1500,75229,13.11,1,011000000/000000000/011011000/000000000/000010000/010100100/000000000/000100001/000000000/100000010/000110001/000000000,12,9,17,4,0 7 4 1 2 3 8 6 5,3,3,3,0,3,3,9,4,4,4,unsat,sat,unsat,sat,0,4,0,1,2,11 7 4 10 9 8 6 5 3 2 1 0,1,4
pwtw,12,corpus,7,1500,0001001000/0000011000/0011000000/0000000001/0000000000/0000000000/0010000000/0000010111/0000000000/0001000010/0000100000/0100001000/0000001000/0000000000/0000000000/0010000000/1000000000/0010010000/0000000110/0000000010,1500,90177,12.41,1,011001001/000000000/100010000/000000000/000010111/000000000/000100010/100000000/000100000/000000000/000000000/011000000,12,9,16,3,0 3 4 7 1 2 5 8 6,2,2,2,2,2,2,6,6,6,5,unsat,sat,unsat,sat,0,3,0,1,1,11 10 9 8 7 6 5 2 4 3 1 0,1,6
pwtw,12,corpus,8,1500,0000010010/0000000000/0010000010/0011000001/0000000110/1001001000/1100000000/0000000000/0000001010/0010010001/0100010000/0100000000/0010100000,1500,63204,9.41,1,0000000010/0000000000/0010000010/0011010001/0001000110/1001010000/0000000000/0000000000/0100001000/0000000000/0000000000/0010100000,12,10,17,4,1 6 8 2 4 3 7 0 5 9,3,3,3,0,3,3,9,4,4,4,unsat,sat,unsat,sat,0,4,0,1,2,11 10 9 8 7 6 5 3 4 2 1 0,1,4
pwtw,12,corpus,9,1500,0000000000/0000010011/0010010000/0000100100/0000000000/0000000010/0000000100/0001000010/0000010001/0011100000/0100010001/0100000100/0100000110/1000001000,1500,69439,11.56,1,00000000/00001001/00000000/00001100/00000010/00000001/00000000/00001000/00110000/11000101/10000100/00000000,12,8,15,4,6 2 3 7 4 5 0 1,3,3,3,0,3,3,9,5,5,5,unsat,sat,unsat,sat,0,4,0,1,2,11 10 5 9 8 7 6 4 3 2 1 0,1,5
pwtw,12,corpus,10,1500,10010000/00000100/01010000/00010000/10001000/11000000/00001100/01100000/00010001/10000000/00000100/10000000/00011000/00000000/00100100,1500,81469,12.49,1,0000000/0100000/0001000/0000100/0001010/0000110/0001101/0000000/1000010/0000000/0000000/0010000,12,7,13,4,1 2 3 4 5 0 6,3,3,3,0,3,3,9,5,5,5,unsat,sat,unsat,sat,0,4,0,1,2,11 10 9 8 7 3 5 6 4 2 1 0,1,5
pwtw,12,corpus,11,1500,1100000000/0110000000/1000110000/0010000010/0000000100/0101001011/0100000010/0000000010/0101000000/0000100010/0000000000/0000000000/0000000000/0000000001/0000010100/0010000100,1500,41909,10.87,1,1100000000/1000100000/0000000000/0101001010/0000000000/0000000010/0101000000/1000100010/0000000000/0000000001/0000010100/0010000000,12,10,18,4,9 2 5 7 8 0 4 1 3 6,3,3,3,0,3,3,9,6,6,6,unsat,sat,unsat,sat,0,4,0,1,2,11 10 9 8 6 5 3 7 4 2 1 0,1,6
pwtw,12,toc,0,1500,,1500,71971,12.99,1,000000000/110000000/000000000/001000000/100010000/010110000/000110100/000001000/000000000/100000000/010000000/000000000,12,9,14,4,2 5 0 1 4 3 6 7 8,3,3,3,0,3,3,9,5,5,5,unsat,sat,unsat,sat,0,4,0,1,2,11 10 9 8 7 6 5 4 3 2 1 0,1,5
pwtw,12,toc,1,1500,,1500,88064,13.53,1,01010000/00000000/10010000/00100000/00000000/00001000/11000100/01000000/10000000/00000000/00000010/00010000,12,8,13,4,2 4 6 1 0 3 5 7,3,3,3,0,3,3,9,6,6,6,unsat,sat,unsat,sat,0,4,0,1,2,11 10 9 8 7 6 5 4 3 2 1 0,1,6
pwtw,12,toc,2,1500,,1500,111725,15.02,1,010010/000010/000000/000000/100010/000000/000000/000000/000100/111000/100000/010000,12,6,11,4,3 4 0 1 2 5,3,3,3,0,3,3,9,4,4,4,unsat,sat,unsat,sat,0,4,0,1,2,11 10 9 8 7 6 5 4 3 2 1 0,1,4
pwtw,12,toc,3,1500,,1500,146276,15.84,1,000000/010100/000000/100000/111000/000000/100100/000000/010000/000100/000000/000000,12,6,10,4,0 1 3 2 4 5,3,3,3,0,3,3,9,3,3,3,unsat,sat,unsat,sat,0,4,0,1,2,11 10 9 8 7 3 6 5 4 2 1 0,1,3
pwtw,12,toc,4,1500,,1500,102952,14.94,1,00000000/01000000/00000001/00000101/00000100/10010000/10000001/00000000/00100000/00001000/00000000/10000100,12,8,13,4,1 2 4 7 5 0 3 6,3,3,3,0,3,3,9,6,6,6,unsat,sat,unsat,sat,0,4,0,1,2,5 4 11 10 9 8 7 6 3 2 1 0,1,6
pwtw,12,toc,5,1500,,1500,96210,13.0,1,0000000/1110000/0000000/0000000/1000100/0001000/0000000/0000100/0110000/1000000/0000000/0110100,12,7,13,4,3 4 0 1 2 5 6,3,3,3,0,3,3,9,4,4,4,unsat,sat,unsat,sat,0,4,0,1,2,8 7 11 10 9 6 5 4 3 2 1 0,1,4
