instance_name,cell,generator,n,m,param,index,seed,matrix_digest
ens_f_n100_m100_d3_i000,f_n100_m100_d3,fixed,100,100,3.0,0,1451744506,981f07a452ba4e569668665d
ens_f_n100_m100_d3_i001,f_n100_m100_d3,fixed,100,100,3.0,1,562097260,a597e6a7affa1ccf5020f540
ens_f_n100_m100_d3_i002,f_n100_m100_d3,fixed,100,100,3.0,2,948551126,974c3885f14e21f0561dc17f
ens_f_n100_m100_d3_i003,f_n100_m100_d3,fixed,100,100,3.0,3,1334742336,e3fc11ad2c7d928e8e06f5d4
ens_f_n100_m100_d3_i004,f_n100_m100_d3,fixed,100,100,3.0,4,1374296291,66ccd194c3d7a05413b78d96
ens_f_n100_m100_d3_i005,f_n100_m100_d3,fixed,100,100,3.0,5,653076597,6dfe686239a1d26dfa9aa805
ens_f_n100_m100_d3_i006,f_n100_m100_d3,fixed,100,100,3.0,6,1071937999,e074b5f0b83d384bbe21d4f7
ens_f_n100_m100_d3_i007,f_n100_m100_d3,fixed,100,100,3.0,7,1222855001,189c49cbbcba3ea5fd507cf5
ens_f_n100_m100_d3_i008,f_n100_m100_d3,fixed,100,100,3.0,8,1482446024,0cdfbf06baf0e7c2ac6177cd
ens_f_n100_m100_d3_i009,f_n100_m100_d3,fixed,100,100,3.0,9,794518622,1d043ad8e9256247b51b5058
ens_f_n100_m100_d3_i010,f_n100_m100_d3,fixed,100,100,3.0,10,813593278,457f46e9ed9cc7d02d81f39a
ens_f_n100_m100_d3_i011,f_n100_m100_d3,fixed,100,100,3.0,11,1199129128,52c60abd2a061c0e10868d4b
ens_f_n100_m100_d3_i012,f_n100_m100_d3,fixed,100,100,3.0,12,1584403346,fc6ecf1191124d8b301bb81f
ens_f_n100_m100_d3_i013,f_n100_m100_d3,fixed,100,100,3.0,13,695673604,c817cc85a6b6a1fb5001a94b
ens_f_n100_m100_d3_i014,f_n100_m100_d3,fixed,100,100,3.0,14,924038823,9f2faa677dbcc59fbb2e895e
ens_f_n100_m100_d3_i015,f_n100_m100_d3,fixed,100,100,3.0,15,1075086897,9527fa85030cb10a2095aac7
ens_f_n100_m100_d3_i016,f_n100_m100_d3,fixed,100,100,3.0,16,1495127947,4344df5621beac4efe7cd322
ens_f_n100_m100_d3_i017,f_n100_m100_d3,fixed,100,100,3.0,17,773515037,0259d5542284de6b79b43e15
ens_f_n100_m100_d3_i018,f_n100_m100_d3,fixed,100,100,3.0,18,1051064972,536657f715968a852d629007
ens_f_n100_m100_d3_i019,f_n100_m100_d3,fixed,100,100,3.0,19,1235405338,91f267081e799ed220e9d036
ens_f_n100_m100_d3_i020,f_n100_m100_d3,fixed,100,100,3.0,20,458432893,9131b39df18c01f817ebd7d5
ens_f_n100_m100_d3_i021,f_n100_m100_d3,fixed,100,100,3.0,21,1817448939,607ce619698ec7625572aed7
ens_f_n100_m100_d3_i022,f_n100_m100_d3,fixed,100,100,3.0,22,1969045585,432e449f74ddcd99ebc3842e
ens_f_n100_m100_d3_i023,f_n100_m100_d3,fixed,100,100,3.0,23,39481543,6c600d09bea579b3c4d192f3
ens_f_n100_m100_d3_i024,f_n100_m100_d3,fixed,100,100,3.0,24,473884004,07a6572a814af634937e5ec1
