base_name,labelling,n,m,optimum,k,status,nodes,seconds,deadline,finished_at,wall_at_return,winner,ways,early_stop,finished,identity_reference_nodes,identity_reference_seconds,identity_reference_status
Random-100-100-2-4_0,relabel6,100,100,15,14,unsat,630201858.0,287.4203,600.0,287.422,287.451,,,,,,,
Random-100-100-2-4_0,relabel12,100,100,15,14,unsat,684460617.0,317.8801,600.0,317.881,317.91,,,,,,,
Random-100-100-2-4_0,relabel7,100,100,15,14,unsat,1251534295.0,503.1125,600.0,503.114,503.143,,,,,,,
Random-100-100-2-4_0,relabel5,100,100,15,14,unknown,1550761984.0,600.0376,600.0,600.039,600.068,,,,,,,
Random-100-100-2-4_0,relabel3,100,100,15,14,unknown,1716514816.0,600.0376,600.0,600.039,600.068,,,,,,,
Random-100-100-2-4_0,relabel0,100,100,15,14,unknown,1393422336.0,600.038,600.0,600.039,600.068,,,,,,,
Random-100-100-2-4_0,relabel1,100,100,15,14,unknown,1635758080.0,600.0381,600.0,600.039,600.068,,,,,,,
Random-100-100-2-4_0,relabel11,100,100,15,14,unknown,1361661952.0,600.0377,600.0,600.039,600.069,,,,,,,
Random-100-100-2-4_0,relabel2,100,100,15,14,unknown,1566556160.0,600.0382,600.0,600.04,600.069,,,,,,,
Random-100-100-2-4_0,identity,100,100,15,14,unknown,1393872896.0,600.0385,600.0,600.04,600.069,,,,,,,
Random-100-100-2-4_0,relabel10,100,100,15,14,unknown,1441640448.0,600.0379,600.0,600.039,600.069,,,,,,,
Random-100-100-2-4_0,relabel9,100,100,15,14,unknown,1806925824.0,600.0384,600.0,600.04,600.069,,,,,,,
Random-100-100-2-4_0,relabel8,100,100,15,14,unknown,1520947200.0,600.0389,600.0,600.04,600.069,,,,,,,
Random-100-100-2-4_0,relabel4,100,100,15,14,unknown,993468416.0,600.0391,600.0,600.04,600.069,,,,,,,
Random-100-100-2-4_0,relabel13,100,100,15,14,unknown,1607577600.0,600.0357,600.0,600.037,600.07,,,,,,,
Random-100-100-2-4_0,relabel14,100,100,15,14,unknown,1583681536.0,600.0356,600.0,600.037,600.07,,,,,,,
Random-100-100-2-4_0,portfolio,100,100,15,14,unsat,630201858.0,600.076,600.0,600.076,600.076,relabel6,16.0,False,16.0,93127027.0,36.8799,unsat
Random-100-100-2-1_0,relabel8,100,100,24,23,unknown,1075933184.0,600.047,600.0,600.048,600.077,,,,,,,
Random-100-100-2-1_0,relabel3,100,100,24,23,unknown,744927232.0,600.0498,600.0,600.051,600.08,,,,,,,
Random-100-100-2-1_0,identity,100,100,24,23,unknown,1150128128.0,600.0502,600.0,600.052,600.08,,,,,,,
Random-100-100-2-1_0,relabel5,100,100,24,23,unknown,931954688.0,600.0504,600.0,600.052,600.081,,,,,,,
Random-100-100-2-1_0,relabel13,100,100,24,23,unknown,886194176.0,600.0506,600.0,600.052,600.082,,,,,,,
Random-100-100-2-1_0,relabel14,100,100,24,23,unknown,1135214592.0,600.0518,600.0,600.053,600.082,,,,,,,
Random-100-100-2-1_0,relabel7,100,100,24,23,unknown,1061588992.0,600.0518,600.0,600.053,600.082,,,,,,,
Random-100-100-2-1_0,relabel11,100,100,24,23,unknown,766005248.0,600.0515,600.0,600.053,600.083,,,,,,,
Random-100-100-2-1_0,relabel4,100,100,24,23,unknown,1062006784.0,600.0522,600.0,600.054,600.083,,,,,,,
Random-100-100-2-1_0,relabel2,100,100,24,23,unknown,1136881664.0,600.0525,600.0,600.054,600.083,,,,,,,
Random-100-100-2-1_0,relabel1,100,100,24,23,unknown,1035628544.0,600.0528,600.0,600.054,600.083,,,,,,,
Random-100-100-2-1_0,relabel10,100,100,24,23,unknown,1124687872.0,600.0525,600.0,600.054,600.083,,,,,,,
Random-100-100-2-1_0,relabel12,100,100,24,23,unknown,903299072.0,600.0522,600.0,600.053,600.083,,,,,,,
Random-100-100-2-1_0,relabel6,100,100,24,23,unknown,717152256.0,600.0529,600.0,600.054,600.083,,,,,,,
Random-100-100-2-1_0,relabel9,100,100,24,23,unknown,1149607936.0,600.0526,600.0,600.054,600.083,,,,,,,
Random-100-100-2-1_0,relabel0,100,100,24,23,unknown,1016397824.0,600.0529,600.0,600.054,600.083,,,,,,,
Random-100-100-2-1_0,portfolio,100,100,24,23,unknown,,600.089,600.0,600.089,600.089,,16.0,True,16.0,2056953856.0,1500.0083,unknown
Random-100-100-2-3_0,relabel11,100,100,23,22,unknown,1225023488.0,600.0459,600.0,600.047,600.091,,,,,,,
Random-100-100-2-3_0,relabel6,100,100,23,22,unknown,1083924480.0,600.0466,600.0,600.048,600.092,,,,,,,
Random-100-100-2-3_0,relabel9,100,100,23,22,unknown,1169707008.0,600.0483,600.0,600.05,600.094,,,,,,,
Random-100-100-2-3_0,relabel1,100,100,23,22,unknown,1079324672.0,600.0498,600.0,600.051,600.095,,,,,,,
Random-100-100-2-3_0,relabel5,100,100,23,22,unknown,801673216.0,600.05,600.0,600.051,600.095,,,,,,,
Random-100-100-2-3_0,relabel8,100,100,23,22,unknown,1090834432.0,600.0503,600.0,600.052,600.096,,,,,,,
Random-100-100-2-3_0,relabel0,100,100,23,22,unknown,1269121024.0,600.0506,600.0,600.052,600.096,,,,,,,
Random-100-100-2-3_0,relabel2,100,100,23,22,unknown,813912064.0,600.0507,600.0,600.052,600.096,,,,,,,
Random-100-100-2-3_0,relabel10,100,100,23,22,unknown,1264599040.0,600.0506,600.0,600.052,600.096,,,,,,,
Random-100-100-2-3_0,relabel3,100,100,23,22,unknown,1291345920.0,600.0514,600.0,600.053,600.097,,,,,,,
Random-100-100-2-3_0,identity,100,100,23,22,unknown,1106657280.0,600.0516,600.0,600.053,600.097,,,,,,,
Random-100-100-2-3_0,relabel12,100,100,23,22,unknown,836251648.0,600.0476,600.0,600.053,600.098,,,,,,,
Random-100-100-2-3_0,relabel4,100,100,23,22,unknown,861589504.0,600.0528,600.0,600.054,600.098,,,,,,,
Random-100-100-2-3_0,relabel7,100,100,23,22,unknown,1179803648.0,600.053,600.0,600.054,600.098,,,,,,,
Random-100-100-2-3_0,relabel13,100,100,23,22,unknown,1305952256.0,600.0493,600.0,600.051,600.098,,,,,,,
Random-100-100-2-3_0,relabel14,100,100,23,22,unknown,1167126528.0,600.0414,600.0,600.048,600.099,,,,,,,
Random-100-100-2-3_0,portfolio,100,100,23,22,unknown,,600.105,600.0,600.105,600.105,,16.0,True,16.0,2635063296.0,1500.0088,unknown
Random-100-100-2-5_0,relabel6,100,100,19,18,unknown,765435904.0,600.0731,600.0,600.075,600.104,,,,,,,
Random-100-100-2-5_0,relabel10,100,100,19,18,unknown,1001709568.0,600.0739,600.0,600.075,600.104,,,,,,,
Random-100-100-2-5_0,relabel4,100,100,19,18,unknown,991346688.0,600.0741,600.0,600.076,600.104,,,,,,,
Random-100-100-2-5_0,relabel1,100,100,19,18,unknown,1062952960.0,600.0747,600.0,600.076,600.104,,,,,,,
Random-100-100-2-5_0,relabel12,100,100,19,18,unknown,735887360.0,600.0758,600.0,600.077,600.104,,,,,,,
Random-100-100-2-5_0,relabel5,100,100,19,18,unknown,1017257984.0,600.0759,600.0,600.077,600.109,,,,,,,
Random-100-100-2-5_0,relabel11,100,100,19,18,unknown,971657216.0,600.0768,600.0,600.078,600.109,,,,,,,
Random-100-100-2-5_0,relabel3,100,100,19,18,unknown,1026904064.0,600.0766,600.0,600.078,600.109,,,,,,,
Random-100-100-2-5_0,relabel9,100,100,19,18,unknown,756477952.0,600.0774,600.0,600.079,600.109,,,,,,,
Random-100-100-2-5_0,relabel2,100,100,19,18,unknown,1092513792.0,600.078,600.0,600.08,600.109,,,,,,,
Random-100-100-2-5_0,identity,100,100,19,18,unknown,1028419584.0,600.0783,600.0,600.08,600.109,,,,,,,
Random-100-100-2-5_0,relabel7,100,100,19,18,unknown,741388288.0,600.0784,600.0,600.08,600.109,,,,,,,
Random-100-100-2-5_0,relabel8,100,100,19,18,unknown,789037056.0,600.0783,600.0,600.08,600.109,,,,,,,
Random-100-100-2-5_0,relabel0,100,100,19,18,unknown,1095200768.0,600.0784,600.0,600.08,600.109,,,,,,,
Random-100-100-2-5_0,relabel13,100,100,19,18,unknown,1042489344.0,600.0753,600.0,600.08,600.109,,,,,,,
Random-100-100-2-5_0,relabel14,100,100,19,18,unknown,1060175872.0,600.0726,600.0,600.077,600.109,,,,,,,
Random-100-100-2-5_0,portfolio,100,100,19,18,unknown,,600.117,600.0,600.117,600.117,,16.0,True,16.0,2633396224.0,1500.0067,unknown
