n,graphs,pw_runs,dp_runs,found,min_diff,level,seconds,workers,expected_graphs,complete
1,1,1,1,0,2,2,0.0,16,1,True
2,2,2,2,0,2,2,0.0,16,2,True
3,4,4,4,0,2,2,0.0,16,4,True
4,11,11,11,0,2,2,0.0,16,11,True
5,34,34,34,0,2,2,0.0,16,34,True
6,156,156,156,0,2,2,0.0,16,156,True
7,1044,1044,1044,0,2,2,0.0,16,1044,True
8,12346,12346,12346,0,2,2,0.1,16,12346,True
9,274668,274668,274668,0,2,2,1.6,16,274668,True
10,12005168,12005168,12005168,4,2,2,17.4,16,12005168,True
11,1018997864,1018997864,1018997864,1034,2,2,2965.1,16,1018997864,True
