n,pw,tw,count
1,0,0,1
2,0,0,1
2,1,1,1
3,0,0,1
3,1,1,2
3,2,2,1
4,0,0,1
4,1,1,5
4,2,2,4
4,3,3,1
5,0,0,1
5,1,1,9
5,2,2,17
5,3,3,6
5,4,4,1
6,0,0,1
6,1,1,19
6,2,2,71
6,3,2,1
6,3,3,53
6,4,4,10
6,5,5,1
7,0,0,1
7,1,1,35
7,2,1,1
7,2,2,315
7,3,2,8
7,3,3,495
7,4,3,6
7,4,4,168
7,5,5,14
7,6,6,1
8,0,0,1
8,1,1,71
8,2,1,4
8,2,2,1525
8,3,2,114
8,3,3,5693
8,4,3,196
8,4,4,4121
8,5,4,42
8,5,5,557
8,6,6,21
8,7,7,1
9,0,0,1
9,1,1,136
9,2,1,16
9,2,2,7945
9,3,2,1258
9,3,3,74585
9,4,3,7201
9,4,4,134127
9,5,4,4796
9,5,5,42302
9,6,5,294
9,6,6,1977
9,7,7,29
9,8,8,1
10,0,0,1
10,1,1,274
10,2,1,54
10,2,2,43675
10,3,2,13081
10,3,3,1064509
10,4,3,228355
10,4,4,4987223
10,5,3,4
10,5,4,515279
10,5,5,4441937
10,6,5,132545
10,6,6,568418
10,7,6,2081
10,7,7,7690
10,8,8,41
10,9,9,1
11,0,0,1
11,1,1,539
11,2,1,170
11,2,2,247913
11,3,2,126962
11,3,3,15756781
11,4,2,12
11,4,3,6472824
11,4,4,192194498
11,5,3,396
11,5,4,44455862
11,5,5,486707811
11,6,4,626
11,6,5,45647690
11,6,6,212867658
11,7,6,4335114
11,7,7,10134312
11,8,7,15587
11,8,8,33052
11,9,9,55
11,10,10,1
