instance_name,config,value,status,nodes,seconds,deadline_seconds
ens_f_n100_m100_d3_i001,csearch,24,sat,537044718,572.8021,1500.0
ens_f_n100_m100_d3_i002,csearch,25,sat,615380003,719.1704,1500.0
ens_f_n100_m100_d3_i003,csearch,24,unknown,1563267072,1500.0132,1500.0
ens_f_n100_m100_d3_i000,csearch,23,unknown,1690947584,1500.0237,1500.0
ens_f_n100_m100_d4_i003,csearch,36,unknown,1361711104,1500.0211,1500.0
ens_f_n100_m100_d4_i000,default,39,unknown,1871663104,1500.0234,1500.0
ens_f_n100_m100_d4_i000,csearch,39,unknown,1351323648,1500.0221,1500.0
ens_f_n100_m100_d4_i001,csearch,41,unknown,1400422400,1500.0227,1500.0
ens_f_n100_m100_d3_i004,csearch,23,unknown,1439924224,1500.0194,1500.0
ens_f_n100_m100_d4_i002,csearch,40,unknown,1202180096,1500.0214,1500.0
ens_f_n100_m100_d3_i000,default,23,unknown,2441293824,1500.0107,1500.0
ens_f_n100_m100_d4_i001,default,41,unknown,2237116416,1500.0102,1500.0
ens_f_n100_m100_d3_i001,default,24,sat,2549156817,1004.2563,1500.0
ens_f_n100_m100_d3_i002,default,25,sat,3429776382,1384.0473,1500.0
ens_f_n100_m100_d4_i003,default,36,unknown,2953105408,1500.0083,1500.0
ens_f_n100_m100_d3_i003,default,24,unknown,3112665088,1500.0098,1500.0
ens_f_n100_m100_d3_i004,default,23,unknown,3364757504,1500.0099,1500.0
ens_f_n100_m100_d4_i002,default,40,unknown,2685255680,1500.0102,1500.0
