instance_name,purpose,config,k,status,nodes,seconds,deadline_seconds,achieved,started,finished
ens_f_n100_m100_d3_i021,descent,csearch,24,sat,14448,0.027,2400.0,24,1790539345.2,1790539345.2
ens_f_n100_m100_d3_i003,descent,csearch,26,sat,125612,0.114,2400.0,26,1790539345.2,1790539345.3
ens_f_n100_m100_d3_i024,descent,csearch,26,sat,89,0.006,2400.0,26,1790539345.2,1790539345.2
ens_f_n100_m100_d3_i023,descent,csearch,25,sat,1079031,0.652,2400.0,25,1790539345.2,1790539345.9
ens_f_n100_m100_d3_i000,descent,csearch,25,sat,315,0.005,2400.0,25,1790539345.2,1790539345.2
ens_f_n100_m100_d3_i011,descent,csearch,25,sat,162,0.007,2400.0,25,1790539345.2,1790539345.2
ens_f_n100_m100_d3_i019,descent,csearch,24,sat,1666,0.006,2400.0,24,1790539345.2,1790539345.2
ens_f_n100_m100_d3_i016,descent,csearch,25,sat,358102,0.253,2400.0,25,1790539345.2,1790539345.5
ens_f_n100_m100_d3_i006,descent,csearch,23,sat,468855,0.33,2400.0,23,1790539345.2,1790539345.5
ens_f_n100_m100_d3_i001,descent,csearch,26,sat,29928,0.049,2400.0,26,1790539345.2,1790539345.3
ens_f_n100_m100_d3_i008,descent,csearch,27,sat,126,0.006,2400.0,27,1790539345.2,1790539345.2
ens_f_n100_m100_d3_i020,descent,csearch,27,sat,154,0.008,2400.0,27,1790539345.2,1790539345.2
ens_f_n100_m100_d3_i013,descent,csearch,26,sat,131,0.006,2400.0,26,1790539345.2,1790539345.2
ens_f_n100_m100_d3_i015,descent,csearch,26,sat,96,0.006,2400.0,26,1790539345.2,1790539345.2
ens_f_n100_m100_d3_i022,descent,csearch,27,sat,54,0.006,2400.0,27,1790539345.2,1790539345.2
ens_f_n100_m100_d3_i024,descent,csearch,25,sat,249,0.004,2400.0,25,1790539346.4,1790539346.4
ens_f_n100_m100_d3_i023,descent,csearch,24,sat,760982,0.492,2400.0,24,1790539346.4,1790539346.9
ens_f_n100_m100_d3_i000,descent,csearch,24,sat,288,0.003,2400.0,24,1790539346.4,1790539346.4
ens_f_n100_m100_d3_i011,descent,csearch,24,sat,282,0.006,2400.0,24,1790539346.4,1790539346.4
ens_f_n100_m100_d3_i016,descent,csearch,24,sat,617194,0.395,2400.0,24,1790539346.4,1790539346.8
ens_f_n100_m100_d3_i001,descent,csearch,25,sat,174974,0.148,2400.0,25,1790539346.4,1790539346.5
ens_f_n100_m100_d3_i008,descent,csearch,26,sat,305,0.006,2400.0,26,1790539346.4,1790539346.4
ens_f_n100_m100_d3_i020,descent,csearch,26,sat,1320,0.01,2400.0,26,1790539346.4,1790539346.4
ens_f_n100_m100_d3_i013,descent,csearch,25,sat,362,0.004,2400.0,25,1790539346.4,1790539346.4
ens_f_n100_m100_d3_i015,descent,csearch,25,sat,94,0.003,2400.0,25,1790539346.4,1790539346.4
ens_f_n100_m100_d3_i022,descent,csearch,26,sat,56,0.007,2400.0,26,1790539346.4,1790539346.4
ens_f_n100_m100_d3_i021,descent,csearch,23,sat,2957042,1.891,2400.0,23,1790539346.4,1790539348.3
ens_f_n100_m100_d3_i019,descent,csearch,23,sat,1838712,1.248,2400.0,23,1790539346.4,1790539347.6
ens_f_n100_m100_d3_i000,descent,csearch,23,sat,1220,0.004,2400.0,23,1790539347.5,1790539347.5
ens_f_n100_m100_d3_i008,descent,csearch,25,sat,776975,0.51,2400.0,25,1790539347.5,1790539348.0
ens_f_n100_m100_d3_i013,descent,csearch,24,sat,562,0.005,2400.0,24,1790539347.5,1790539347.5
ens_f_n100_m100_d3_i015,descent,csearch,24,sat,623,0.007,2400.0,24,1790539347.5,1790539347.5
ens_f_n100_m100_d3_i022,descent,csearch,25,sat,67,0.007,2400.0,25,1790539347.5,1790539347.5
ens_f_n100_m100_d3_i001,descent,csearch,24,sat,1646865,1.065,2400.0,24,1790539347.5,1790539348.6
ens_f_n100_m100_d3_i024,descent,csearch,24,sat,1797890,1.21,2400.0,24,1790539347.5,1790539348.7
ens_f_n100_m100_d3_i023,descent,csearch,23,sat,2536120,1.745,2400.0,23,1790539347.5,1790539349.3
ens_f_n100_m100_d3_i020,descent,csearch,25,sat,2361665,1.61,2400.0,25,1790539347.5,1790539349.1
ens_f_n100_m100_d3_i013,descent,csearch,23,sat,11643,0.027,2400.0,23,1790539348.6,1790539348.6
ens_f_n100_m100_d3_i015,descent,csearch,23,sat,18061,0.03,2400.0,23,1790539348.6,1790539348.6
ens_f_n100_m100_d3_i022,descent,csearch,24,sat,389836,0.309,2400.0,24,1790539348.6,1790539348.9
ens_f_n100_m100_d3_i003,descent,csearch,25,sat,22334625,12.611,2400.0,25,1790539346.4,1790539359.0
ens_f_n100_m100_d3_i016,descent,csearch,23,sat,39298420,19.555,2400.0,23,1790539347.5,1790539367.1
ens_f_n100_m100_d3_i011,descent,csearch,23,sat,104311080,51.832,2400.0,23,1790539347.5,1790539399.4
ens_f_n100_m100_d3_i003,descent,csearch,24,sat,188473954,126.579,2400.0,24,1790539359.7,1790539486.3
ens_f_n100_m100_d3_i018,descent,csearch,24,sat,273787612,149.613,2400.0,24,1790539345.2,1790539494.8
ens_f_n100_m100_d3_i016,descent,csearch,22,sat,217180220,127.343,2400.0,22,1790539367.7,1790539495.1
ens_f_n100_m100_d3_i001,descent,csearch,23,sat,1370914089,713.578,2400.0,23,1790539348.6,1790540062.2
ens_f_n100_m100_d3_i006,descent,csearch,22,unknown,4751712256,2400.011,2400.0,,1790539346.4,1790541746.4
ens_f_n100_m100_d3_i010,descent,csearch,27,sat,55,0.008,2400.0,27,1790541747.2,1790541747.2
ens_f_n100_m100_d3_i021,descent,csearch,22,unknown,4056891392,2400.02,2400.0,,1790539348.6,1790541748.6
ens_f_n100_m100_d3_i000,descent,csearch,22,unknown,4721143808,2400.017,2400.0,,1790539348.6,1790541748.6
ens_f_n100_m100_d3_i019,descent,csearch,22,unknown,3970822144,2400.019,2400.0,,1790539348.6,1790541748.6
ens_f_n100_m100_d3_i008,descent,csearch,24,unknown,3690110976,2400.019,2400.0,,1790539348.6,1790541748.6
ens_f_n100_m100_d3_i010,descent,csearch,26,sat,57,0.007,2400.0,26,1790541748.2,1790541748.2
ens_f_n100_m100_d3_i024,descent,csearch,23,unknown,3436871680,2400.019,2400.0,,1790539349.7,1790541749.7
ens_f_n100_m100_d3_i023,descent,csearch,22,unknown,3750060032,2400.019,2400.0,,1790539349.7,1790541749.7
ens_f_n100_m100_d3_i020,descent,csearch,24,unknown,4449411072,2400.019,2400.0,,1790539349.7,1790541749.7
ens_f_n100_m100_d3_i013,descent,csearch,22,unknown,4400816128,2400.018,2400.0,,1790539349.7,1790541749.7
ens_f_n100_m100_d3_i015,descent,csearch,22,unknown,4397105152,2400.017,2400.0,,1790539349.7,1790541749.7
ens_f_n100_m100_d3_i022,descent,csearch,23,unknown,4415762432,2400.018,2400.0,,1790539349.7,1790541749.7
ens_f_n100_m100_d3_i010,descent,csearch,25,sat,66,0.006,2400.0,25,1790541749.2,1790541749.2
ens_f_n100_m100_d3_i017,descent,csearch,26,sat,83,0.003,2400.0,26,1790541749.2,1790541749.2
ens_f_n100_m100_d3_i002,descent,csearch,29,sat,501,0.008,2400.0,29,1790541749.2,1790541749.3
ens_f_n100_m100_d3_i012,descent,csearch,25,sat,189,0.006,2400.0,25,1790541749.2,1790541749.2
ens_f_n100_m100_d3_i004,descent,csearch,28,sat,54,0.004,2400.0,28,1790541749.2,1790541749.2
ens_f_n100_m100_d3_i002,descent,csearch,28,sat,80034,0.083,2400.0,28,1790541750.4,1790541750.5
ens_f_n100_m100_d3_i012,descent,csearch,24,sat,557,0.004,2400.0,24,1790541750.4,1790541750.4
ens_f_n100_m100_d3_i004,descent,csearch,27,sat,93,0.006,2400.0,27,1790541750.4,1790541750.4
ens_f_n100_m100_d3_i005,descent,csearch,27,sat,10943,0.021,2400.0,27,1790541750.4,1790541750.4
ens_f_n100_m100_d3_i009,descent,csearch,27,sat,73,0.006,2400.0,27,1790541750.4,1790541750.4
ens_f_n100_m100_d3_i007,descent,csearch,26,sat,1157,0.009,2400.0,26,1790541750.4,1790541750.4
ens_f_n100_m100_d3_i014,descent,csearch,25,sat,14532,0.025,2400.0,25,1790541750.4,1790541750.4
ens_f_n100_m100_d3_i002,descent,csearch,27,sat,61026,0.065,2400.0,27,1790541751.5,1790541751.5
ens_f_n100_m100_d3_i012,descent,csearch,23,sat,19601,0.038,2400.0,23,1790541751.5,1790541751.5
ens_f_n100_m100_d3_i004,descent,csearch,26,sat,69,0.005,2400.0,26,1790541751.5,1790541751.5
ens_f_n100_m100_d3_i009,descent,csearch,26,sat,900,0.007,2400.0,26,1790541751.5,1790541751.5
ens_f_n100_m100_d3_i007,descent,csearch,25,sat,99239,0.1,2400.0,25,1790541751.5,1790541751.6
ens_f_n100_m100_d3_i002,descent,csearch,26,sat,370608,0.278,2400.0,26,1790541752.5,1790541752.8
ens_f_n100_m100_d3_i004,descent,csearch,25,sat,53,0.003,2400.0,25,1790541752.5,1790541752.5
ens_f_n100_m100_d3_i009,descent,csearch,25,sat,12090,0.024,2400.0,25,1790541752.5,1790541752.6
ens_f_n100_m100_d3_i004,descent,csearch,24,sat,55,0.005,2400.0,24,1790541753.6,1790541753.6
ens_f_n100_m100_d3_i009,descent,csearch,24,sat,93686,0.086,2400.0,24,1790541753.6,1790541753.7
ens_f_n100_m100_d3_i004,descent,csearch,23,sat,146,0.003,2400.0,23,1790541754.6,1790541754.6
ens_f_n100_m100_d3_i017,descent,csearch,25,sat,10542032,5.959,2400.0,25,1790541750.4,1790541756.3
ens_f_n100_m100_d3_i002,descent,csearch,25,sat,3980991,2.697,2400.0,25,1790541753.6,1790541756.3
ens_f_n100_m100_d3_i012,descent,csearch,22,sat,86927457,44.498,2400.0,22,1790541752.5,1790541797.0
ens_f_n100_m100_d3_i011,descent,csearch,22,unknown,3652952064,2400.012,2400.0,,1790539399.8,1790541799.8
ens_f_n100_m100_d3_i012,descent,csearch,21,sat,64899077,49.953,2400.0,21,1790541797.7,1790541847.6
ens_f_n100_m100_d3_i005,descent,csearch,26,sat,215470748,104.065,2400.0,26,1790541751.5,1790541855.5
ens_f_n100_m100_d3_i007,descent,csearch,24,sat,215334956,123.219,2400.0,24,1790541752.5,1790541875.7
ens_f_n100_m100_d3_i003,descent,csearch,23,unknown,4358074368,2400.011,2400.0,,1790539486.8,1790541886.8
ens_f_n100_m100_d3_i018,descent,csearch,23,unknown,4301586432,2400.013,2400.0,,1790539495.8,1790541895.8
ens_f_n100_m100_d3_i016,descent,csearch,21,unknown,4417622016,2400.012,2400.0,,1790539495.8,1790541895.8
ens_f_n100_m100_d3_i014,descent,csearch,24,sat,300726927,194.215,2400.0,24,1790541751.5,1790541945.7
ens_f_n100_m100_d3_i001,descent,csearch,22,unknown,4366536704,2400.01,2400.0,,1790540062.9,1790542462.9
ens_f_n100_m100_d3_i002,descent,csearch,24,sat,2044760926,1066.028,2400.0,24,1790541756.7,1790542822.7
ens_f_n100_m100_d3_i012,descent,csearch,20,unsat,2134980163,1233.219,2400.0,,1790541847.7,1790543080.9
ens_f_n100_m100_d3_i023,refute,default,22,unknown,4080066560,1800.016,1800.0,,1790541808.4,1790543608.4
ens_f_n100_m100_d3_i024,refute,default,23,unknown,3422957568,1800.017,1800.0,,1790541808.4,1790543608.4
ens_f_n100_m100_d3_i006,refute,default,22,unknown,5235073024,1800.018,1800.0,,1790541808.4,1790543608.5
ens_f_n100_m100_d3_i021,refute,default,22,unknown,4439683072,1800.018,1800.0,,1790541808.4,1790543608.5
ens_f_n100_m100_d3_i019,refute,default,22,unknown,3376713728,1800.019,1800.0,,1790541808.4,1790543608.5
ens_f_n100_m100_d3_i000,refute,default,22,unknown,4558114816,1800.015,1800.0,,1790541808.4,1790543608.5
ens_f_n100_m100_d3_i011,refute,default,22,unknown,4369178624,1800.013,1800.0,,1790541808.4,1790543608.5
ens_f_n100_m100_d3_i010,descent,csearch,24,unknown,4701290496,2400.009,2400.0,,1790541750.4,1790544150.4
ens_f_n100_m100_d3_i009,descent,csearch,23,unknown,4422238208,2400.007,2400.0,,1790541754.6,1790544154.6
ens_f_n100_m100_d3_i004,descent,csearch,22,unknown,3867799552,2400.009,2400.0,,1790541755.6,1790544155.6
ens_f_n100_m100_d3_i017,descent,csearch,24,unknown,4363427840,2400.009,2400.0,,1790541756.6,1790544156.7
ens_f_n100_m100_d3_i005,descent,csearch,25,unknown,3798593536,2400.009,2400.0,,1790541855.7,1790544255.8
ens_f_n100_m100_d3_i007,descent,csearch,23,unknown,4136599552,2400.01,2400.0,,1790541876.8,1790544276.8
ens_f_n100_m100_d3_i014,descent,csearch,23,unknown,3697704960,2400.01,2400.0,,1790541945.9,1790544345.9
ens_f_n100_m100_d3_i012,refute,default,20,unsat,2944189239,1424.282,2400.0,,1790543081.0,1790544505.3
ens_f_n100_m100_d3_i002,descent,csearch,23,unknown,4423303168,2400.011,2400.0,,1790542823.0,1790545223.0
ens_f_n100_m100_d3_i018,refute,default,23,unknown,2048565248,960.024,960.0,,1790544399.2,1790545359.3
ens_f_n100_m100_d3_i016,refute,default,21,unknown,2168872960,960.026,960.0,,1790544399.2,1790545359.3
ens_f_n100_m100_d3_i001,refute,default,22,unknown,1886588928,960.026,960.0,,1790544399.2,1790545359.3
ens_f_n100_m100_d3_i005,refute,default,25,unknown,1987239936,960.026,960.0,,1790544399.2,1790545359.3
ens_f_n100_m100_d3_i017,refute,default,24,unknown,1842262016,960.027,960.0,,1790544399.2,1790545359.3
ens_f_n100_m100_d3_i014,refute,default,23,unknown,1821581312,960.027,960.0,,1790544399.2,1790545359.3
ens_f_n100_m100_d3_i010,refute,default,24,unknown,1753772032,960.028,960.0,,1790544399.2,1790545359.3
ens_f_n100_m100_d3_i003,refute,default,23,unknown,1673588736,960.028,960.0,,1790544399.2,1790545359.3
ens_f_n100_m100_d3_i007,refute,default,23,unknown,1514397696,960.028,960.0,,1790544399.2,1790545359.3
ens_f_n100_m100_d3_i015,refute,default,22,unknown,4355571712,1800.017,1800.0,,1790543608.5,1790545408.5
ens_f_n100_m100_d3_i020,refute,default,24,unknown,3439366144,1800.016,1800.0,,1790543608.5,1790545408.5
ens_f_n100_m100_d3_i008,refute,default,24,unknown,4126248960,1800.017,1800.0,,1790543608.5,1790545408.5
ens_f_n100_m100_d3_i013,refute,default,22,unknown,4116283392,1800.016,1800.0,,1790543608.5,1790545408.5
ens_f_n100_m100_d3_i022,refute,default,23,unknown,3719966720,1800.016,1800.0,,1790543608.5,1790545408.5
ens_f_n100_m100_d3_i009,refute,default,23,unknown,1994088448,960.013,960.0,,1790545359.3,1790546319.3
ens_f_n100_m100_d3_i004,refute,default,22,unknown,1850789888,960.025,960.0,,1790545359.3,1790546319.3
