instance_name,config,k,status,nodes,seconds,deadline_seconds,achieved,started,finished
ens_f_n100_m100_d3_i012,csearch-prefix,20,unsat,994192553,1093.049,2400.0,,1790546911.3,1790548004.3
ens_f_n100_m100_d3_i015,csearch-prefix,22,unsat,1395232177,1516.079,2400.0,,1790546911.3,1790548427.4
ens_f_n100_m100_d3_i005,csearch-prefix,25,sat,1468527208,1671.456,2400.0,25,1790546910.8,1790548582.3
ens_f_n100_m100_d3_i013,csearch-prefix,22,unsat,1960666847,2285.345,2400.0,,1790546911.3,1790549196.6
ens_f_n100_m100_d3_i000,csearch-prefix,22,unknown,2218573824,2400.014,2400.0,,1790546910.3,1790549310.3
ens_f_n100_m100_d3_i001,csearch-prefix,22,unknown,1864646656,2400.014,2400.0,,1790546910.3,1790549310.3
ens_f_n100_m100_d3_i002,csearch-prefix,23,unknown,2025484288,2400.021,2400.0,,1790546910.5,1790549310.5
ens_f_n100_m100_d3_i003,csearch-prefix,23,unknown,1944379392,2400.011,2400.0,,1790546910.6,1790549310.6
ens_f_n100_m100_d3_i004,csearch-prefix,22,unknown,1826897920,2400.016,2400.0,,1790546910.6,1790549310.6
ens_f_n100_m100_d3_i006,csearch-prefix,22,unknown,1792499712,2400.011,2400.0,,1790546911.0,1790549311.0
ens_f_n100_m100_d3_i007,csearch-prefix,23,unknown,1855049728,2400.012,2400.0,,1790546911.0,1790549311.0
ens_f_n100_m100_d3_i008,csearch-prefix,24,unknown,1974636544,2400.013,2400.0,,1790546911.1,1790549311.1
ens_f_n100_m100_d3_i009,csearch-prefix,23,unknown,2109419520,2400.01,2400.0,,1790546911.1,1790549311.1
ens_f_n100_m100_d3_i010,csearch-prefix,24,unknown,1904848896,2400.009,2400.0,,1790546911.2,1790549311.2
ens_f_n100_m100_d3_i011,csearch-prefix,22,unknown,1909956608,2400.009,2400.0,,1790546911.2,1790549311.2
ens_f_n100_m100_d3_i014,csearch-prefix,23,unknown,1978540032,2400.012,2400.0,,1790546911.3,1790549311.3
ens_f_n100_m100_d3_i016,csearch-prefix,21,unsat,1888237895,2274.576,2400.0,,1790548007.1,1790550281.7
ens_f_n100_m100_d3_i017,csearch-prefix,24,unknown,1829081088,2400.013,2400.0,,1790548431.2,1790550831.2
ens_f_n100_m100_d3_i018,csearch-prefix,23,unknown,1965711360,2400.012,2400.0,,1790548585.2,1790550985.2
ens_f_n100_m100_d3_i023,csearch-prefix,22,unsat,1339736297,1679.519,2085.7586413510144,,1790549313.3,1790550992.8
ens_f_n100_m100_d3_i019,csearch-prefix,22,unknown,1880834048,2199.793,2199.7740643299185,,1790549199.3,1790551399.1
ens_f_n100_m100_d3_i020,csearch-prefix,24,unknown,1802948608,2085.775,2085.7586413510144,,1790549313.3,1790551399.1
ens_f_n100_m100_d3_i021,csearch-prefix,22,unknown,2003537920,2085.778,2085.7586413510144,,1790549313.3,1790551399.1
ens_f_n100_m100_d3_i022,csearch-prefix,23,unknown,1880731648,2085.791,2085.7586413510144,,1790549313.3,1790551399.1
ens_f_n100_m100_d3_i024,csearch-prefix,23,unknown,1884647424,2085.776,2085.7586413510144,,1790549313.3,1790551399.1
