instance_name,cell,generator,n,m,param,index,seed,n_customers,n_patterns,n_ones,density,shape_ratio,distinct_col_frac,distinct_row_frac,dominated_col_frac,row_min,row_max,row_mean,row_std,col_min,col_max,col_mean,col_std,col_max_frac,g_nodes,g_edges,g_density,g_components,g_largest_comp_frac,g_clustering,g_degeneracy,g_deg_min,g_deg_max,g_deg_mean,g_deg_std,lb_trivial,lb_contraction,lb_best,ub_mcn,ub_cs_dfs,ub_best,bound_gap,bound_gap_frac,tw_min_fill,tw_min_degree,bw_rcm,spectral_radius,fiedler,fiedler_lcc,cc_products,cc_greedy,sep_size,sep_frac,rig_edge_prob,rig_deg_expected,rig_density_ratio,feature_seconds,ub_cs-dfs,ub_seconds_cs-dfs,ub_rule+cs-dfs,ub_seconds_rule+cs-dfs,ub_mcnh,ub_seconds_mcnh,ub_mcn+tabu,ub_seconds_mcn+tabu,ub_best_strategy,matrix_digest,graph_cert,wl_hash,aut_order,pred_log_nodes_default,pred_log_nodes_csearch,pred_seconds_default,pred_seconds_csearch
ens_f_n100_m100_d3_i000,f_n100_m100_d3,fixed,100,100,3.0,0,1451744506,100.0,100.0,308.0,0.0308,1.0,1.0,0.98,0.0,1.0,8.0,3.08,1.7758378304338494,3.0,4.0,3.08,0.2712931993250107,0.04,100.0,313.0,0.06323232323232324,1.0,1.0,0.44532589632589636,4.0,2.0,16.0,6.26,3.4047613719613308,4.0,12.0,12.0,40.0,26.0,26,14.0,0.5384615384615384,23.0,24.0,58.0,8.231732435398879,0.7723082413662504,0.7723082413662513,100.0,100.0,25.0,0.25,0.09054433099219239,8.963888768227047,0.6983576170856653,2.251,26,0.124,26,0.124,29,0.008,34,10.831,cs-dfs,981f07a452ba4e569668665d,896ae5d8f205803bacaf332e,d9cd159432601c25cfa81d4648e50436,4.0,9.788893592691839,9.462274837807591,3416.812030722629,1610.6542863820546
ens_f_n100_m100_d3_i001,f_n100_m100_d3,fixed,100,100,3.0,1,562097260,100.0,100.0,304.0,0.0304,1.0,1.0,0.99,0.0,1.0,7.0,3.04,1.611955334368791,3.0,5.0,3.04,0.24166091947189142,0.05,100.0,307.0,0.06202020202020202,1.0,1.0,0.39337046287046284,5.0,2.0,14.0,6.14,3.1843994724280433,5.0,13.0,13.0,42.0,27.0,27,14.0,0.5185185185185185,24.0,26.0,55.0,7.984578235906961,0.9072533509621898,0.9072533509621894,100.0,100.0,23.0,0.23,0.08831316441735304,8.743003277317952,0.7022758433511119,5.495,27,0.123,27,0.122,31,0.008,35,14.39,cs-dfs,a597e6a7affa1ccf5020f540,93b1d5eceafc9b64c6c38df7,278ee6ba55d18c406271bec8cd9a7ac2,2.0,10.06485365247546,9.742661642157586,6450.318319872527,3071.7731294518785
ens_f_n100_m100_d3_i002,f_n100_m100_d3,fixed,100,100,3.0,2,948551126,100.0,100.0,305.0,0.0305,1.0,1.0,1.0,0.0,1.0,8.0,3.05,1.608570794214541,3.0,4.0,3.05,0.21794494717703367,0.04,100.0,311.0,0.06282828282828283,1.0,1.0,0.38523964923964926,4.0,2.0,16.0,6.22,3.214280634916621,4.0,13.0,13.0,40.0,30.0,30,17.0,0.5666666666666667,26.0,28.0,55.0,8.000376614893948,0.9733432366136295,0.9733432366136309,100.0,100.0,22.0,0.22,0.08886872763503784,8.798004035868745,0.7069785345223265,4.816,30,0.133,30,0.133,30,0.008,34,19.076,cs-dfs,974c3885f14e21f0561dc17f,993021c4593eab9eb85d23f7,5079e6bd3010cf52ec00089edcd5e2f9,1.0,10.65819988091564,10.3175905183301,25288.75074068854,11542.98186183222
ens_f_n100_m100_d3_i003,f_n100_m100_d3,fixed,100,100,3.0,3,1334742336,100.0,100.0,305.0,0.0305,1.0,1.0,0.98,0.0,1.0,8.0,3.05,1.69336942218761,3.0,4.0,3.05,0.21794494717703367,0.04,100.0,302.0,0.06101010101010101,2.0,0.97,0.4335314685314685,4.0,2.0,15.0,6.04,3.1966232183352483,4.0,13.0,13.0,42.0,27.0,27,14.0,0.5185185185185185,26.0,27.0,48.0,7.841125667840714,2.2204460492503128e-16,1.0524445378611365,100.0,100.0,20.0,0.2,0.08886872763503784,8.798004035868745,0.6865193486358283,3.592,27,0.096,27,0.076,30,0.005,34,7.168,cs-dfs,e3fc11ad2c7d928e8e06f5d4,a6b3382e3c37009c036df0e3,0a5b92f165b50f61ab2e4806410c2503,6.0,9.55771477898235,9.246218657174959,2006.51436779589,979.3685465254867
ens_f_n100_m100_d3_i004,f_n100_m100_d3,fixed,100,100,3.0,4,1374296291,100.0,100.0,306.0,0.0306,1.0,1.0,0.99,0.0,1.0,8.0,3.06,1.748256274120016,3.0,4.0,3.06,0.23748684174075835,0.04,100.0,308.0,0.06222222222222222,1.0,1.0,0.4255941835941836,4.0,2.0,17.0,6.16,3.3666600660001302,4.0,13.0,13.0,45.0,29.0,29,16.0,0.5517241379310345,23.0,26.0,60.0,8.261223233826652,0.8736862461156422,0.8736862461156453,100.0,100.0,21.0,0.21,0.08942577854444989,8.853152075900539,0.6957973778365721,4.721,29,0.143,29,0.082,31,0.005,34,16.715,cs-dfs,66ccd194c3d7a05413b78d96,8326c82a4790708b23f05332,577884283be6ebb9963d3e89d5aa1b46,2.0,10.681571475552259,10.313732612729556,26686.95175150018,11440.897839537025
ens_f_n100_m100_d3_i005,f_n100_m100_d3,fixed,100,100,3.0,5,653076597,100.0,100.0,304.0,0.0304,1.0,1.0,0.98,0.0,1.0,7.0,3.04,1.561537703675451,3.0,4.0,3.04,0.19595917942265428,0.04,100.0,303.0,0.06121212121212121,1.0,1.0,0.414994227994228,4.0,2.0,14.0,6.06,2.996064084761873,4.0,13.0,13.0,52.0,30.0,28,17.0,0.5666666666666667,26.0,30.0,54.0,7.691625927787653,0.5473429718783468,0.5473429718783458,100.0,100.0,21.0,0.21,0.08831316441735304,8.743003277317952,0.6931256694963743,7.17,30,0.134,28,0.167,29,0.008,36,32.703,rule+cs-dfs,6dfe686239a1d26dfa9aa805,df261ceff659f5157105ec39,b3e176e86bb615de422a0c39e6ba69fa,4.0,10.196520179433065,9.869375017522954,8734.693582806185,4112.467818070462
ens_f_n100_m100_d3_i006,f_n100_m100_d3,fixed,100,100,3.0,6,1071937999,100.0,100.0,306.0,0.0306,1.0,1.0,1.0,0.0,1.0,10.0,3.06,1.7653328298085889,3.0,4.0,3.06,0.23748684174075835,0.04,100.0,309.0,0.062424242424242424,1.0,1.0,0.4230863711451947,4.0,2.0,18.0,6.18,3.2935694922075047,4.0,13.0,13.0,41.0,27.0,24,14.0,0.5185185185185185,24.0,23.0,50.0,8.229134322145786,0.9574960704563834,0.9574960704563832,100.0,100.0,20.0,0.2,0.08942577854444989,8.853152075900539,0.6980564602321454,5.181,27,0.122,24,1.243,25,0.007,32,12.468,rule+cs-dfs,e074b5f0b83d384bbe21d4f7,94f084406ad39088cf984f53,0d54e3690e8b567c22a6fc1098cf1a78,1.0,9.175262281276954,8.890479877195359,831.7441905907788,431.72517288709156
ens_f_n100_m100_d3_i007,f_n100_m100_d3,fixed,100,100,3.0,7,1222855001,100.0,100.0,305.0,0.0305,1.0,1.0,0.99,0.0,1.0,8.0,3.05,1.6635804759614126,3.0,4.0,3.05,0.21794494717703367,0.04,100.0,311.0,0.06282828282828283,1.0,1.0,0.4187427572427573,4.0,2.0,15.0,6.22,3.318373095358628,4.0,13.0,13.0,41.0,30.0,27,17.0,0.5666666666666667,25.0,26.0,55.0,8.128516368640076,0.9158006485273082,0.9158006485273044,100.0,100.0,19.0,0.19,0.08886872763503784,8.798004035868745,0.7069785345223265,4.233,30,0.125,27,1.464,30,0.008,33,14.577,rule+cs-dfs,189c49cbbcba3ea5fd507cf5,cfbec8b9cb46aaf0ceba6dfd,c12764198e59d097295e996054be26c0,2.0,9.952563270727602,9.632677207010513,4980.704378043689,2384.540493639678
ens_f_n100_m100_d3_i008,f_n100_m100_d3,fixed,100,100,3.0,8,1482446024,100.0,100.0,306.0,0.0306,1.0,1.0,0.98,0.0,1.0,8.0,3.06,1.5926079241294762,3.0,4.0,3.06,0.23748684174075835,0.04,100.0,305.0,0.06161616161616162,1.0,1.0,0.4076011211011211,4.0,2.0,15.0,6.1,3.0215889859476257,4.0,12.0,12.0,39.0,28.0,28,16.0,0.5714285714285714,27.0,27.0,53.0,7.6840442060644865,0.8910540919451373,0.8910540919451385,100.0,100.0,17.0,0.17,0.08942577854444989,8.853152075900539,0.6890201306498522,2.901,28,0.132,28,0.134,29,0.008,34,12.734,cs-dfs,0cdfbf06baf0e7c2ac6177cd,53daf8d933b29ca2fa22ffa1,9c2096bb7f2a5c1af9f9adc42d947646,4.0,10.089433648346022,9.775029953404193,6825.919201805852,3309.462377332694
ens_f_n100_m100_d3_i009,f_n100_m100_d3,fixed,100,100,3.0,9,794518622,100.0,100.0,303.0,0.0303,1.0,1.0,0.97,0.0,1.0,8.0,3.03,1.4930170796075979,3.0,4.0,3.03,0.17058722109231983,0.04,100.0,300.0,0.06060606060606061,1.0,1.0,0.38364152514152516,4.0,2.0,15.0,6.0,2.9086079144497976,4.0,12.0,12.0,43.0,30.0,28,18.0,0.6,26.0,26.0,55.0,7.668329356114171,0.2704138910928801,0.27041389109287567,100.0,100.0,23.0,0.23,0.08775909199424237,8.688150107429994,0.6905958029971049,0.982,30,0.129,28,1.544,30,0.007,35,13.973,rule+cs-dfs,1d043ad8e9256247b51b5058,03682afcf1704e313ad86e4c,efc890e537fd2f461cd5d3318850d509,8.0,10.207009246381315,9.890625711383446,8948.221817348382,4318.701686555555
ens_f_n100_m100_d3_i010,f_n100_m100_d3,fixed,100,100,3.0,10,813593278,100.0,100.0,303.0,0.0303,1.0,1.0,0.98,0.0,1.0,7.0,3.03,1.4032462364104172,3.0,4.0,3.03,0.17058722109231983,0.04,100.0,304.0,0.061414141414141414,1.0,1.0,0.3742930402930403,4.0,2.0,14.0,6.08,2.640757467091592,4.0,12.0,12.0,36.0,29.0,28,17.0,0.5862068965517241,26.0,27.0,50.0,7.424073859266315,0.8257861873449245,0.8257861873449227,100.0,100.0,20.0,0.2,0.08775909199424237,8.688150107429994,0.6998037470370663,2.323,29,0.127,28,1.587,31,0.008,32,18.073,rule+cs-dfs,457f46e9ed9cc7d02d81f39a,6f56e5d3b0db4797839b6e38,7f0891cb2de4482c5f4f49b46bbe3c7f,4.0,10.082926753719551,9.780334212923483,6724.41097987952,3350.1303694340745
ens_f_n100_m100_d3_i011,f_n100_m100_d3,fixed,100,100,3.0,11,1199129128,100.0,100.0,303.0,0.0303,1.0,1.0,0.99,0.0,1.0,8.0,3.03,1.6090680532531867,3.0,4.0,3.03,0.17058722109231983,0.04,100.0,301.0,0.06080808080808081,1.0,1.0,0.39394721944721944,4.0,2.0,15.0,6.02,3.1079897039726503,4.0,12.0,12.0,45.0,26.0,26,14.0,0.5384615384615384,24.0,24.0,51.0,7.696279901779393,0.9168561330509528,0.9168561330509527,100.0,100.0,24.0,0.24,0.08775909199424237,8.688150107429994,0.6928977890070953,6.448,26,0.134,26,0.134,31,0.008,36,24.586,cs-dfs,52c60abd2a061c0e10868d4b,5a73da649ee7d43b22b75417,72e46f9b8304384642e11f68d0b0aace,2.0,9.823937525290908,9.515335430044656,3703.949187421597,1819.9645342270142
ens_f_n100_m100_d3_i012,f_n100_m100_d3,fixed,100,100,3.0,12,1584403346,100.0,100.0,306.0,0.0306,1.0,0.99,0.98,0.01,1.0,11.0,3.06,1.8537529500987988,3.0,4.0,3.06,0.23748684174075835,0.04,100.0,307.0,0.06202020202020202,1.0,1.0,0.4270560258454995,4.0,2.0,20.0,6.14,3.544065462149366,4.0,13.0,13.0,45.0,29.0,26,16.0,0.5517241379310345,24.0,24.0,58.0,8.39776624960944,0.550687440734043,0.5506874407340432,99.0,99.0,21.0,0.21,0.08942577854444989,8.853152075900539,0.6935382954409988,3.826,29,0.136,26,0.157,28,0.008,36,15.403,rule+cs-dfs,fc6ecf1191124d8b301bb81f,807664658e5ccf0c935cfb68,b6c29f1ab5ed73c46f8c34ff7497e49a,4.0,9.842600390913663,9.51914224165094,3866.5878846093124,1835.987569713534
ens_f_n100_m100_d3_i013,f_n100_m100_d3,fixed,100,100,3.0,13,695673604,100.0,100.0,305.0,0.0305,1.0,1.0,0.96,0.0,1.0,8.0,3.05,1.627114009527298,3.0,5.0,3.05,0.2598076211353316,0.05,100.0,307.0,0.06202020202020202,1.0,1.0,0.42126545676545674,4.0,2.0,14.0,6.14,2.98,5.0,12.0,12.0,38.0,27.0,27,15.0,0.5555555555555556,22.0,23.0,50.0,7.838512195380846,0.5614066907102486,0.5614066907102484,100.0,100.0,18.0,0.18,0.08886872763503784,8.798004035868745,0.6978855630172162,1.367,27,0.105,27,0.084,30,0.005,32,11.113,cs-dfs,c817cc85a6b6a1fb5001a94b,86d7f1ca2fa23c65d6809961,4dfe7eafa2a6b92b816bfccd395245aa,16.0,10.125327079411573,9.788505003592118,7414.034016733011,3413.7561731393066
ens_f_n100_m100_d3_i014,f_n100_m100_d3,fixed,100,100,3.0,14,924038823,100.0,100.0,308.0,0.0308,1.0,1.0,0.99,0.0,1.0,9.0,3.08,1.7474552927042222,3.0,4.0,3.08,0.2712931993250107,0.04,100.0,312.0,0.06303030303030303,1.0,1.0,0.42777352059705004,4.0,2.0,18.0,6.24,3.3915188337970346,4.0,12.0,12.0,46.0,30.0,26,18.0,0.6,23.0,25.0,53.0,8.149764211057633,0.7567866692645191,0.7567866692645192,100.0,100.0,23.0,0.23,0.09054433099219239,8.963888768227047,0.696126442590184,5.591,30,0.134,26,1.533,31,0.008,34,10.664,rule+cs-dfs,9f2faa677dbcc59fbb2e895e,329df2d7a541fb54338ba4cf,1d0d7d41ae676e3ab0cd8baf73e199ec,2.0,9.789888220203165,9.469607973040578,3424.646230687944,1638.0813581084205
ens_f_n100_m100_d3_i015,f_n100_m100_d3,fixed,100,100,3.0,15,1075086897,100.0,100.0,304.0,0.0304,1.0,1.0,0.99,0.0,1.0,8.0,3.04,1.5742934923323542,3.0,4.0,3.04,0.19595917942265428,0.04,100.0,301.0,0.06080808080808081,1.0,1.0,0.41407947607947604,4.0,2.0,14.0,6.02,2.898206341860427,4.0,13.0,13.0,41.0,28.0,27,15.0,0.5357142857142857,25.0,25.0,49.0,7.755140845177763,0.7595640816235013,0.7595640816235019,100.0,100.0,19.0,0.19,0.08831316441735304,8.743003277317952,0.6885505825690056,1.32,28,0.097,27,0.077,29,0.005,31,25.832,rule+cs-dfs,9527fa85030cb10a2095aac7,abd40480130db920264daf79,f50b71148209cb8f4beb88eda84fe8ec,2.0,9.988979732599365,9.670401966079243,5416.356325185715,2600.934773042185
ens_f_n100_m100_d3_i016,f_n100_m100_d3,fixed,100,100,3.0,16,1495127947,100.0,100.0,303.0,0.0303,1.0,1.0,0.99,0.0,1.0,7.0,3.03,1.6276056033326993,3.0,4.0,3.03,0.17058722109231983,0.04,100.0,298.0,0.0602020202020202,1.0,1.0,0.436023421023421,4.0,2.0,14.0,5.96,3.0981284673170024,4.0,13.0,13.0,41.0,26.0,26,13.0,0.5,22.0,25.0,47.0,7.862129947362874,0.5408309828618092,0.5408309828618086,100.0,100.0,21.0,0.21,0.08775909199424237,8.688150107429994,0.6859918309771241,2.212,26,0.101,26,0.082,31,0.005,35,9.566,cs-dfs,4344df5621beac4efe7cd322,9a114f9c0cdfaf5882c2ef06,63cc014342c66c87c04109dd692a1d43,2.0,10.017740842075371,9.676399736250989,5787.19794193397,2637.103840046166
ens_f_n100_m100_d3_i017,f_n100_m100_d3,fixed,100,100,3.0,17,773515037,100.0,100.0,308.0,0.0308,1.0,1.0,0.98,0.0,1.0,7.0,3.08,1.6042443704124383,3.0,4.0,3.08,0.2712931993250107,0.04,100.0,314.0,0.06343434343434344,1.0,1.0,0.42744483294483293,5.0,2.0,14.0,6.28,3.2220490374915154,4.0,13.0,13.0,47.0,30.0,27,17.0,0.5666666666666667,26.0,27.0,52.0,8.19294572138535,0.7728231677323507,0.7728231677323498,100.0,100.0,19.0,0.19,0.09054433099219239,8.963888768227047,0.7005887915811467,2.916,30,0.105,27,0.087,33,0.005,32,23.915,rule+cs-dfs,0259d5542284de6b79b43e15,7c083b6353573ef6416a3df7,05bdb60a273f70efa95f5d4374ad4b69,4.0,9.833611819567647,9.520573902738244,3787.3837760679876,1842.0499290290004
ens_f_n100_m100_d3_i018,f_n100_m100_d3,fixed,100,100,3.0,18,1051064972,100.0,100.0,303.0,0.0303,1.0,1.0,0.99,0.0,1.0,9.0,3.03,1.596590116466966,3.0,4.0,3.03,0.17058722109231983,0.04,100.0,302.0,0.06101010101010101,1.0,1.0,0.3747860472860473,4.0,2.0,15.0,6.04,3.0030651008594536,4.0,13.0,13.0,38.0,25.0,25,12.0,0.48,25.0,25.0,50.0,7.599145646998734,0.8107282187237356,0.8107282187237359,100.0,100.0,23.0,0.23,0.08775909199424237,8.688150107429994,0.6951997750170855,6.35,25,0.123,25,0.121,27,0.007,35,10.642,cs-dfs,536657f715968a852d629007,fdc9e04a607157d988a49cf4,7d9f6d7173095a1dc405034ca0079032,2.0,9.421450576583123,9.145215637736582,1466.1488750319004,776.1454799712589
ens_f_n100_m100_d3_i019,f_n100_m100_d3,fixed,100,100,3.0,19,1235405338,100.0,100.0,303.0,0.0303,1.0,1.0,1.0,0.0,1.0,9.0,3.03,1.5903144343179434,3.0,4.0,3.03,0.17058722109231983,0.04,100.0,296.0,0.0597979797979798,1.0,1.0,0.37276112449641857,4.0,2.0,17.0,5.92,3.0221846402892067,4.0,12.0,12.0,42.0,26.0,25,14.0,0.5384615384615384,24.0,25.0,59.0,7.560930252274726,0.8666761652212093,0.8666761652212098,100.0,100.0,19.0,0.19,0.08775909199424237,8.688150107429994,0.6813878589571435,10.018,26,0.124,25,0.138,31,0.007,31,18.931,rule+cs-dfs,91f267081e799ed220e9d036,9562e8751c6546408595a9d4,6c2d98f755c30a78e4dcbcb665420c6f,1.0,9.57345557499141,9.285125663073142,2080.573534754836,1071.157068369769
ens_f_n100_m100_d3_i020,f_n100_m100_d3,fixed,100,100,3.0,20,458432893,100.0,100.0,303.0,0.0303,1.0,1.0,1.0,0.0,1.0,7.0,3.03,1.41742724681022,3.0,4.0,3.03,0.17058722109231983,0.04,100.0,298.0,0.0602020202020202,1.0,1.0,0.3686007881007881,4.0,2.0,14.0,5.96,2.6529983038064686,4.0,12.0,12.0,36.0,28.0,28,16.0,0.5714285714285714,27.0,29.0,53.0,7.252580002364958,0.9239369694707941,0.9239369694707942,100.0,100.0,20.0,0.2,0.08775909199424237,8.688150107429994,0.6859918309771241,8.069,28,0.126,28,0.127,29,0.008,35,11.203,cs-dfs,9131b39df18c01f817ebd7d5,7c4f49ec64433beb83240651,dfe489ccb656977b1f9a37e45decd6cb,1.0,10.095605416277854,9.796080316328709,6923.615016284815,3473.8239994019036
ens_f_n100_m100_d3_i021,f_n100_m100_d3,fixed,100,100,3.0,21,1817448939,100.0,100.0,305.0,0.0305,1.0,1.0,1.0,0.0,1.0,8.0,3.05,1.7109938632268675,3.0,4.0,3.05,0.21794494717703367,0.04,100.0,306.0,0.06181818181818182,1.0,1.0,0.4321770223240812,4.0,2.0,18.0,6.12,3.400823429700519,4.0,13.0,13.0,41.0,25.0,25,12.0,0.48,24.0,28.0,53.0,8.162848860477869,0.8403259033391491,0.8403259033391497,100.0,100.0,23.0,0.23,0.08886872763503784,8.798004035868745,0.6956123201409387,4.166,25,0.103,25,0.082,32,0.008,32,14.561,cs-dfs,607ce619698ec7625572aed7,9c05c536b12b0eac9ea19e8c,c84f9383e76bbeffb44d50250daa18da,1.0,9.545560311910382,9.236161264680819,1951.137189370491,956.9489264870203
ens_f_n100_m100_d3_i022,f_n100_m100_d3,fixed,100,100,3.0,22,1969045585,100.0,100.0,302.0,0.0302,1.0,1.0,0.98,0.0,1.0,8.0,3.02,1.574674569553976,3.0,4.0,3.02,0.13999999999999999,0.04,100.0,301.0,0.06080808080808081,1.0,1.0,0.3768957708957709,4.0,2.0,15.0,6.02,2.986569938909853,4.0,13.0,13.0,38.0,28.0,28,15.0,0.5357142857142857,25.0,27.0,58.0,7.6507526492488225,0.5501210888070545,0.5501210888070548,100.0,100.0,21.0,0.21,0.087206513461488,8.633444832687312,0.697288291830802,2.342,28,0.103,28,0.081,30,0.005,34,8.535,cs-dfs,432e449f74ddcd99ebc3842e,142358587d50e5919cf8d1c3,95fd528b22867009b575dd1c9ebca2ca,4.0,10.284277358564001,9.962072122388282,10690.66826518896,5090.959208903073
ens_f_n100_m100_d3_i023,f_n100_m100_d3,fixed,100,100,3.0,23,39481543,100.0,100.0,305.0,0.0305,1.0,1.0,0.97,0.0,1.0,8.0,3.05,1.6515144564913744,3.0,4.0,3.05,0.21794494717703367,0.04,100.0,306.0,0.06181818181818182,1.0,1.0,0.4089784610814023,4.0,2.0,17.0,6.12,3.2658230203120313,4.0,13.0,13.0,37.0,26.0,26,13.0,0.5,24.0,26.0,48.0,8.156159592469205,0.6165857015882908,0.6165857015882895,100.0,100.0,21.0,0.21,0.08886872763503784,8.798004035868745,0.6956123201409387,1.245,26,0.135,26,0.132,30,0.008,36,11.063,cs-dfs,6c600d09bea579b3c4d192f3,2e56413064f01b6a4134878d,6976edcbe63156a92af9d6bddcc53ad5,8.0,9.786928781409259,9.475272279189056,3401.388791870202,1659.586044142609
ens_f_n100_m100_d3_i024,f_n100_m100_d3,fixed,100,100,3.0,24,473884004,100.0,100.0,303.0,0.0303,1.0,1.0,0.97,0.0,1.0,8.0,3.03,1.6337380450978058,3.0,4.0,3.03,0.1705872210923198,0.04,100.0,301.0,0.06080808080808081,2.0,0.97,0.3937960144430733,4.0,2.0,18.0,6.02,3.224841081355793,4.0,12.0,12.0,39.0,27.0,27,15.0,0.5555555555555556,25.0,26.0,50.0,8.034685217723581,2.2204460492503128e-16,0.8051553799079352,100.0,100.0,21.0,0.21,0.08775909199424237,8.688150107429994,0.6928977890070953,0.546,27,0.135,27,0.135,27,0.008,35,11.776,cs-dfs,07a6572a814af634937e5ec1,652818e93baf5795a2d32a02,46865ba228db87b345ebfea52f1d4dc3,12.0,9.640618845832538,9.334762066400415,2428.546037509096,1200.8522089820888
