instance_name,source_file,n_customers,n_patterns,optimum,deadline_seconds,config,status,nodes,seconds
Random-125-125-8-1_0,benchmarks/instances/MOSP_Instances/Chu_Stuckey/Random-125-125-8-1.txt,125,125,95,1500.0,default,unsat,1058405,0.8618
Random-125-125-8-1_0,benchmarks/instances/MOSP_Instances/Chu_Stuckey/Random-125-125-8-1.txt,125,125,95,1500.0,csearch,unsat,1058405,0.8795
Random-125-125-8-4_0,benchmarks/instances/MOSP_Instances/Chu_Stuckey/Random-125-125-8-4.txt,125,125,94,1500.0,default,unsat,1331897,1.0543
Random-125-125-8-4_0,benchmarks/instances/MOSP_Instances/Chu_Stuckey/Random-125-125-8-4.txt,125,125,94,1500.0,csearch,unsat,1331897,1.0667
Random-125-125-8-2_0,benchmarks/instances/MOSP_Instances/Chu_Stuckey/Random-125-125-8-2.txt,125,125,93,1500.0,default,unsat,2817916,2.3357
Random-125-125-8-2_0,benchmarks/instances/MOSP_Instances/Chu_Stuckey/Random-125-125-8-2.txt,125,125,93,1500.0,csearch,unsat,2817916,2.3733
Random-125-125-10-1_0,benchmarks/instances/MOSP_Instances/Chu_Stuckey/Random-125-125-10-1.txt,125,125,105,1500.0,default,unsat,71324,0.0818
Random-125-125-10-1_0,benchmarks/instances/MOSP_Instances/Chu_Stuckey/Random-125-125-10-1.txt,125,125,105,1500.0,csearch,unsat,71324,0.0812
Random-125-125-10-2_0,benchmarks/instances/MOSP_Instances/Chu_Stuckey/Random-125-125-10-2.txt,125,125,104,1500.0,default,unsat,164085,0.1572
Random-125-125-10-2_0,benchmarks/instances/MOSP_Instances/Chu_Stuckey/Random-125-125-10-2.txt,125,125,104,1500.0,csearch,unsat,164085,0.1534
Random-125-125-10-3_0,benchmarks/instances/MOSP_Instances/Chu_Stuckey/Random-125-125-10-3.txt,125,125,103,1500.0,default,unsat,86581,0.0943
Random-125-125-10-3_0,benchmarks/instances/MOSP_Instances/Chu_Stuckey/Random-125-125-10-3.txt,125,125,103,1500.0,csearch,unsat,86581,0.0942
Random-125-125-10-4_0,benchmarks/instances/MOSP_Instances/Chu_Stuckey/Random-125-125-10-4.txt,125,125,105,1500.0,default,unsat,65635,0.0763
Random-125-125-10-4_0,benchmarks/instances/MOSP_Instances/Chu_Stuckey/Random-125-125-10-4.txt,125,125,105,1500.0,csearch,unsat,65635,0.0757
Random-125-125-10-5_0,benchmarks/instances/MOSP_Instances/Chu_Stuckey/Random-125-125-10-5.txt,125,125,99,1500.0,default,unsat,241173,0.2146
Random-125-125-10-5_0,benchmarks/instances/MOSP_Instances/Chu_Stuckey/Random-125-125-10-5.txt,125,125,99,1500.0,csearch,unsat,241173,0.2133
Random-125-125-8-3_0,benchmarks/instances/MOSP_Instances/Chu_Stuckey/Random-125-125-8-3.txt,125,125,95,1500.0,csearch,unsat,6153668,4.6931
Random-125-125-8-3_0,benchmarks/instances/MOSP_Instances/Chu_Stuckey/Random-125-125-8-3.txt,125,125,95,1500.0,default,unsat,6153668,4.9102
Random-125-125-8-5_0,benchmarks/instances/MOSP_Instances/Chu_Stuckey/Random-125-125-8-5.txt,125,125,91,1500.0,csearch,unsat,17120616,13.797
Random-125-125-8-5_0,benchmarks/instances/MOSP_Instances/Chu_Stuckey/Random-125-125-8-5.txt,125,125,91,1500.0,default,unsat,17120616,13.8647
Random-125-125-6-1_0,benchmarks/instances/MOSP_Instances/Chu_Stuckey/Random-125-125-6-1.txt,125,125,81,1500.0,csearch,unsat,61858208,46.9134
Random-125-125-6-1_0,benchmarks/instances/MOSP_Instances/Chu_Stuckey/Random-125-125-6-1.txt,125,125,81,1500.0,default,unsat,61858208,46.9891
Random-100-100-2-4_0,benchmarks/instances/MOSP_Instances/Chu_Stuckey/Random-100-100-2-4.txt,100,100,15,1500.0,csearch,unsat,93127027,36.8799
Random-100-100-2-2_0,benchmarks/instances/MOSP_Instances/Chu_Stuckey/Random-100-100-2-2.txt,100,100,20,1500.0,csearch,unsat,187981495,116.8303
Random-125-125-6-3_0,benchmarks/instances/MOSP_Instances/Chu_Stuckey/Random-125-125-6-3.txt,125,125,80,1500.0,default,unsat,274655344,247.2621
Random-125-125-6-3_0,benchmarks/instances/MOSP_Instances/Chu_Stuckey/Random-125-125-6-3.txt,125,125,80,1500.0,csearch,unsat,274655344,298.4584
Random-125-125-6-4_0,benchmarks/instances/MOSP_Instances/Chu_Stuckey/Random-125-125-6-4.txt,125,125,80,1500.0,default,unsat,400038970,346.4381
Random-125-125-6-4_0,benchmarks/instances/MOSP_Instances/Chu_Stuckey/Random-125-125-6-4.txt,125,125,80,1500.0,csearch,unsat,400038970,361.1909
Random-100-100-4-1_0,benchmarks/instances/MOSP_Instances/Chu_Stuckey/Random-100-100-4-1.txt,100,100,46,1500.0,default,unsat,247628240,144.595
Random-100-100-4-1_0,benchmarks/instances/MOSP_Instances/Chu_Stuckey/Random-100-100-4-1.txt,100,100,46,1500.0,csearch,unsat,138879429,115.0722
Random-125-125-6-2_0,benchmarks/instances/MOSP_Instances/Chu_Stuckey/Random-125-125-6-2.txt,125,125,77,1500.0,default,unsat,626788431,422.6033
Random-100-100-4-2_0,benchmarks/instances/MOSP_Instances/Chu_Stuckey/Random-100-100-4-2.txt,100,100,50,1500.0,default,unsat,202423219,126.1344
Random-100-100-4-2_0,benchmarks/instances/MOSP_Instances/Chu_Stuckey/Random-100-100-4-2.txt,100,100,50,1500.0,csearch,unsat,146958192,146.6895
Random-125-125-6-2_0,benchmarks/instances/MOSP_Instances/Chu_Stuckey/Random-125-125-6-2.txt,125,125,77,1500.0,csearch,unsat,626788431,520.5621
Random-100-100-2-2_0,benchmarks/instances/MOSP_Instances/Chu_Stuckey/Random-100-100-2-2.txt,100,100,20,1500.0,default,unsat,1202917045,566.9186
Random-100-100-6-1_0,benchmarks/instances/MOSP_Instances/Chu_Stuckey/Random-100-100-6-1.txt,100,100,68,1500.0,default,unsat,3116401,2.0843
Random-100-100-6-1_0,benchmarks/instances/MOSP_Instances/Chu_Stuckey/Random-100-100-6-1.txt,100,100,68,1500.0,csearch,unsat,3116401,2.1084
Random-100-100-6-2_0,benchmarks/instances/MOSP_Instances/Chu_Stuckey/Random-100-100-6-2.txt,100,100,66,1500.0,default,unsat,3086250,2.109
Random-100-100-6-2_0,benchmarks/instances/MOSP_Instances/Chu_Stuckey/Random-100-100-6-2.txt,100,100,66,1500.0,csearch,unsat,3086250,2.1131
Random-100-100-6-3_0,benchmarks/instances/MOSP_Instances/Chu_Stuckey/Random-100-100-6-3.txt,100,100,61,1500.0,default,unsat,5301779,3.6065
Random-100-100-6-3_0,benchmarks/instances/MOSP_Instances/Chu_Stuckey/Random-100-100-6-3.txt,100,100,61,1500.0,csearch,unsat,5301779,3.5998
Random-100-100-6-4_0,benchmarks/instances/MOSP_Instances/Chu_Stuckey/Random-100-100-6-4.txt,100,100,65,1500.0,default,unsat,4164624,2.8229
Random-100-100-6-4_0,benchmarks/instances/MOSP_Instances/Chu_Stuckey/Random-100-100-6-4.txt,100,100,65,1500.0,csearch,unsat,4164624,2.8176
Random-100-100-6-5_0,benchmarks/instances/MOSP_Instances/Chu_Stuckey/Random-100-100-6-5.txt,100,100,63,1500.0,default,unsat,3547169,2.3658
Random-100-100-6-5_0,benchmarks/instances/MOSP_Instances/Chu_Stuckey/Random-100-100-6-5.txt,100,100,63,1500.0,csearch,unsat,3547169,2.3789
Random-100-100-8-1_0,benchmarks/instances/MOSP_Instances/Chu_Stuckey/Random-100-100-8-1.txt,100,100,79,1500.0,default,unsat,44237,0.0501
Random-100-100-8-1_0,benchmarks/instances/MOSP_Instances/Chu_Stuckey/Random-100-100-8-1.txt,100,100,79,1500.0,csearch,unsat,44237,0.0501
Random-100-100-8-2_0,benchmarks/instances/MOSP_Instances/Chu_Stuckey/Random-100-100-8-2.txt,100,100,76,1500.0,default,unsat,93656,0.0881
Random-100-100-8-2_0,benchmarks/instances/MOSP_Instances/Chu_Stuckey/Random-100-100-8-2.txt,100,100,76,1500.0,csearch,unsat,93656,0.0876
Random-100-100-8-3_0,benchmarks/instances/MOSP_Instances/Chu_Stuckey/Random-100-100-8-3.txt,100,100,76,1500.0,default,unsat,262474,0.1999
Random-100-100-8-3_0,benchmarks/instances/MOSP_Instances/Chu_Stuckey/Random-100-100-8-3.txt,100,100,76,1500.0,csearch,unsat,262474,0.1995
Random-100-100-8-4_0,benchmarks/instances/MOSP_Instances/Chu_Stuckey/Random-100-100-8-4.txt,100,100,77,1500.0,default,unsat,150242,0.1258
Random-100-100-8-4_0,benchmarks/instances/MOSP_Instances/Chu_Stuckey/Random-100-100-8-4.txt,100,100,77,1500.0,csearch,unsat,150242,0.1257
Random-100-100-8-5_0,benchmarks/instances/MOSP_Instances/Chu_Stuckey/Random-100-100-8-5.txt,100,100,75,1500.0,default,unsat,165587,0.136
Random-100-100-8-5_0,benchmarks/instances/MOSP_Instances/Chu_Stuckey/Random-100-100-8-5.txt,100,100,75,1500.0,csearch,unsat,165587,0.1351
Random-100-100-10-1_0,benchmarks/instances/MOSP_Instances/Chu_Stuckey/Random-100-100-10-1.txt,100,100,87,1500.0,default,unsat,7013,0.0101
Random-100-100-10-1_0,benchmarks/instances/MOSP_Instances/Chu_Stuckey/Random-100-100-10-1.txt,100,100,87,1500.0,csearch,unsat,7013,0.0096
Random-100-100-10-2_0,benchmarks/instances/MOSP_Instances/Chu_Stuckey/Random-100-100-10-2.txt,100,100,85,1500.0,default,unsat,7452,0.0101
Random-100-100-10-2_0,benchmarks/instances/MOSP_Instances/Chu_Stuckey/Random-100-100-10-2.txt,100,100,85,1500.0,csearch,unsat,7452,0.0101
Random-100-100-10-3_0,benchmarks/instances/MOSP_Instances/Chu_Stuckey/Random-100-100-10-3.txt,100,100,83,1500.0,default,unsat,22881,0.0286
Random-100-100-10-3_0,benchmarks/instances/MOSP_Instances/Chu_Stuckey/Random-100-100-10-3.txt,100,100,83,1500.0,csearch,unsat,22881,0.0336
Random-100-100-10-4_0,benchmarks/instances/MOSP_Instances/Chu_Stuckey/Random-100-100-10-4.txt,100,100,84,1500.0,default,unsat,9726,0.0187
Random-100-100-10-4_0,benchmarks/instances/MOSP_Instances/Chu_Stuckey/Random-100-100-10-4.txt,100,100,84,1500.0,csearch,unsat,9726,0.0137
Random-100-100-10-5_0,benchmarks/instances/MOSP_Instances/Chu_Stuckey/Random-100-100-10-5.txt,100,100,84,1500.0,default,unsat,6979,0.0095
Random-100-100-10-5_0,benchmarks/instances/MOSP_Instances/Chu_Stuckey/Random-100-100-10-5.txt,100,100,84,1500.0,csearch,unsat,6979,0.0094
Random-100-50-2-1_0,benchmarks/instances/MOSP_Instances/Chu_Stuckey/Random-100-50-2-1.txt,100,50,12,1500.0,default,unsat,4465669,2.043
Random-100-50-2-1_0,benchmarks/instances/MOSP_Instances/Chu_Stuckey/Random-100-50-2-1.txt,100,50,12,1500.0,csearch,unsat,1591173,0.7744
Random-100-50-2-2_0,benchmarks/instances/MOSP_Instances/Chu_Stuckey/Random-100-50-2-2.txt,100,50,11,1500.0,default,unsat,472467,0.2562
Random-100-50-2-2_0,benchmarks/instances/MOSP_Instances/Chu_Stuckey/Random-100-50-2-2.txt,100,50,11,1500.0,csearch,unsat,127812,0.0989
Random-100-50-2-3_0,benchmarks/instances/MOSP_Instances/Chu_Stuckey/Random-100-50-2-3.txt,100,50,15,1500.0,default,unsat,644524,0.3594
Random-100-50-2-3_0,benchmarks/instances/MOSP_Instances/Chu_Stuckey/Random-100-50-2-3.txt,100,50,15,1500.0,csearch,unsat,338179,0.2326
Random-100-50-2-4_0,benchmarks/instances/MOSP_Instances/Chu_Stuckey/Random-100-50-2-4.txt,100,50,8,1500.0,default,unsat,41369,0.0383
Random-100-50-2-4_0,benchmarks/instances/MOSP_Instances/Chu_Stuckey/Random-100-50-2-4.txt,100,50,8,1500.0,csearch,unsat,26071,0.0286
Random-100-50-2-5_0,benchmarks/instances/MOSP_Instances/Chu_Stuckey/Random-100-50-2-5.txt,100,50,12,1500.0,default,unsat,631721,0.3415
Random-100-50-2-5_0,benchmarks/instances/MOSP_Instances/Chu_Stuckey/Random-100-50-2-5.txt,100,50,12,1500.0,csearch,unsat,263750,0.1718
Random-100-50-4-1_0,benchmarks/instances/MOSP_Instances/Chu_Stuckey/Random-100-50-4-1.txt,100,50,26,1500.0,default,unsat,45265762,19.446
Random-100-50-4-1_0,benchmarks/instances/MOSP_Instances/Chu_Stuckey/Random-100-50-4-1.txt,100,50,26,1500.0,csearch,unsat,7824678,6.1477
Random-100-50-4-2_0,benchmarks/instances/MOSP_Instances/Chu_Stuckey/Random-100-50-4-2.txt,100,50,29,1500.0,default,unsat,66377376,38.716
Random-100-50-4-2_0,benchmarks/instances/MOSP_Instances/Chu_Stuckey/Random-100-50-4-2.txt,100,50,29,1500.0,csearch,unsat,11166356,13.2872
Random-100-100-4-4_0,benchmarks/instances/MOSP_Instances/Chu_Stuckey/Random-100-100-4-4.txt,100,100,44,1500.0,csearch,unsat,355870700,271.6377
Random-100-100-4-4_0,benchmarks/instances/MOSP_Instances/Chu_Stuckey/Random-100-100-4-4.txt,100,100,44,1500.0,default,unsat,513667756,324.4484
Random-100-50-4-3_0,benchmarks/instances/MOSP_Instances/Chu_Stuckey/Random-100-50-4-3.txt,100,50,29,1500.0,csearch,unsat,35366984,22.7437
Random-100-50-4-3_0,benchmarks/instances/MOSP_Instances/Chu_Stuckey/Random-100-50-4-3.txt,100,50,29,1500.0,default,unsat,161241680,86.5444
Random-100-50-4-5_0,benchmarks/instances/MOSP_Instances/Chu_Stuckey/Random-100-50-4-5.txt,100,50,24,1500.0,default,unsat,3703630,2.2276
Random-100-50-4-5_0,benchmarks/instances/MOSP_Instances/Chu_Stuckey/Random-100-50-4-5.txt,100,50,24,1500.0,csearch,unsat,2662660,2.2152
Random-100-50-6-1_0,benchmarks/instances/MOSP_Instances/Chu_Stuckey/Random-100-50-6-1.txt,100,50,44,1500.0,default,unsat,3209241,2.1349
Random-100-50-6-1_0,benchmarks/instances/MOSP_Instances/Chu_Stuckey/Random-100-50-6-1.txt,100,50,44,1500.0,csearch,unsat,2699608,2.6812
Random-100-50-4-4_0,benchmarks/instances/MOSP_Instances/Chu_Stuckey/Random-100-50-4-4.txt,100,50,24,1500.0,csearch,unsat,39805614,22.3436
Random-100-50-6-2_0,benchmarks/instances/MOSP_Instances/Chu_Stuckey/Random-100-50-6-2.txt,100,50,43,1500.0,default,unsat,46776231,24.9721
Random-100-50-6-3_0,benchmarks/instances/MOSP_Instances/Chu_Stuckey/Random-100-50-6-3.txt,100,50,46,1500.0,default,unsat,4544155,3.039
Random-100-50-6-2_0,benchmarks/instances/MOSP_Instances/Chu_Stuckey/Random-100-50-6-2.txt,100,50,43,1500.0,csearch,unsat,23503009,18.5449
Random-100-50-6-3_0,benchmarks/instances/MOSP_Instances/Chu_Stuckey/Random-100-50-6-3.txt,100,50,46,1500.0,csearch,unsat,4125030,4.1193
Random-100-50-6-4_0,benchmarks/instances/MOSP_Instances/Chu_Stuckey/Random-100-50-6-4.txt,100,50,48,1500.0,default,unsat,2541504,1.6982
Random-100-50-6-4_0,benchmarks/instances/MOSP_Instances/Chu_Stuckey/Random-100-50-6-4.txt,100,50,48,1500.0,csearch,unsat,2267173,2.2284
Random-100-50-6-5_0,benchmarks/instances/MOSP_Instances/Chu_Stuckey/Random-100-50-6-5.txt,100,50,39,1500.0,csearch,unsat,10357652,9.1873
Random-100-50-8-1_0,benchmarks/instances/MOSP_Instances/Chu_Stuckey/Random-100-50-8-1.txt,100,50,55,1500.0,default,unsat,1429824,1.0079
Random-100-50-8-1_0,benchmarks/instances/MOSP_Instances/Chu_Stuckey/Random-100-50-8-1.txt,100,50,55,1500.0,csearch,unsat,1276199,1.3228
Random-100-50-8-2_0,benchmarks/instances/MOSP_Instances/Chu_Stuckey/Random-100-50-8-2.txt,100,50,55,1500.0,default,unsat,644258,0.4441
Random-100-50-8-2_0,benchmarks/instances/MOSP_Instances/Chu_Stuckey/Random-100-50-8-2.txt,100,50,55,1500.0,csearch,unsat,594983,0.5242
Random-100-50-6-5_0,benchmarks/instances/MOSP_Instances/Chu_Stuckey/Random-100-50-6-5.txt,100,50,39,1500.0,default,unsat,28690496,15.0877
Random-100-50-8-3_0,benchmarks/instances/MOSP_Instances/Chu_Stuckey/Random-100-50-8-3.txt,100,50,56,1500.0,default,unsat,2051598,1.3605
Random-100-50-8-4_0,benchmarks/instances/MOSP_Instances/Chu_Stuckey/Random-100-50-8-4.txt,100,50,60,1500.0,default,unsat,1596922,1.0997
Random-100-50-8-3_0,benchmarks/instances/MOSP_Instances/Chu_Stuckey/Random-100-50-8-3.txt,100,50,56,1500.0,csearch,unsat,1889511,1.7116
Random-100-50-8-4_0,benchmarks/instances/MOSP_Instances/Chu_Stuckey/Random-100-50-8-4.txt,100,50,60,1500.0,csearch,unsat,1459904,1.405
Random-100-50-8-5_0,benchmarks/instances/MOSP_Instances/Chu_Stuckey/Random-100-50-8-5.txt,100,50,55,1500.0,default,unsat,2545963,1.7583
Random-100-50-10-1_0,benchmarks/instances/MOSP_Instances/Chu_Stuckey/Random-100-50-10-1.txt,100,50,68,1500.0,default,unsat,338958,0.2506
Random-100-50-10-1_0,benchmarks/instances/MOSP_Instances/Chu_Stuckey/Random-100-50-10-1.txt,100,50,68,1500.0,csearch,unsat,338958,0.2498
Random-100-50-10-2_0,benchmarks/instances/MOSP_Instances/Chu_Stuckey/Random-100-50-10-2.txt,100,50,68,1500.0,default,unsat,164586,0.1332
Random-100-50-10-2_0,benchmarks/instances/MOSP_Instances/Chu_Stuckey/Random-100-50-10-2.txt,100,50,68,1500.0,csearch,unsat,164586,0.1318
Random-100-50-10-3_0,benchmarks/instances/MOSP_Instances/Chu_Stuckey/Random-100-50-10-3.txt,100,50,68,1500.0,default,unsat,223115,0.1682
Random-100-50-10-3_0,benchmarks/instances/MOSP_Instances/Chu_Stuckey/Random-100-50-10-3.txt,100,50,68,1500.0,csearch,unsat,223115,0.1676
Random-100-50-10-4_0,benchmarks/instances/MOSP_Instances/Chu_Stuckey/Random-100-50-10-4.txt,100,50,65,1500.0,default,unsat,110681,0.0987
Random-100-50-10-4_0,benchmarks/instances/MOSP_Instances/Chu_Stuckey/Random-100-50-10-4.txt,100,50,65,1500.0,csearch,unsat,110681,0.0983
Random-100-50-8-5_0,benchmarks/instances/MOSP_Instances/Chu_Stuckey/Random-100-50-8-5.txt,100,50,55,1500.0,csearch,unsat,2308542,2.174
Random-100-50-10-5_0,benchmarks/instances/MOSP_Instances/Chu_Stuckey/Random-100-50-10-5.txt,100,50,67,1500.0,default,unsat,372447,0.2823
Random-75-75-2-1_0,benchmarks/instances/MOSP_Instances/Chu_Stuckey/Random-75-75-2-1.txt,75,75,16,1500.0,default,unsat,399127,0.2227
Random-100-50-10-5_0,benchmarks/instances/MOSP_Instances/Chu_Stuckey/Random-100-50-10-5.txt,100,50,67,1500.0,csearch,unsat,354522,0.3346
Random-75-75-2-1_0,benchmarks/instances/MOSP_Instances/Chu_Stuckey/Random-75-75-2-1.txt,75,75,16,1500.0,csearch,unsat,209686,0.1544
Random-75-75-2-2_0,benchmarks/instances/MOSP_Instances/Chu_Stuckey/Random-75-75-2-2.txt,75,75,17,1500.0,csearch,unsat,1928948,1.1273
Random-75-75-2-2_0,benchmarks/instances/MOSP_Instances/Chu_Stuckey/Random-75-75-2-2.txt,75,75,17,1500.0,default,unsat,2632509,1.3071
Random-75-75-2-3_0,benchmarks/instances/MOSP_Instances/Chu_Stuckey/Random-75-75-2-3.txt,75,75,17,1500.0,default,unsat,1035836,0.5417
Random-75-75-2-3_0,benchmarks/instances/MOSP_Instances/Chu_Stuckey/Random-75-75-2-3.txt,75,75,17,1500.0,csearch,unsat,727177,0.4617
Random-75-75-2-4_0,benchmarks/instances/MOSP_Instances/Chu_Stuckey/Random-75-75-2-4.txt,75,75,13,1500.0,default,unsat,3677591,1.7017
Random-75-75-2-4_0,benchmarks/instances/MOSP_Instances/Chu_Stuckey/Random-75-75-2-4.txt,75,75,13,1500.0,csearch,unsat,3159284,1.7112
Random-75-75-2-5_0,benchmarks/instances/MOSP_Instances/Chu_Stuckey/Random-75-75-2-5.txt,75,75,16,1500.0,csearch,unsat,3082027,1.864
Random-75-75-2-5_0,benchmarks/instances/MOSP_Instances/Chu_Stuckey/Random-75-75-2-5.txt,75,75,16,1500.0,default,unsat,4324490,2.1829
Random-75-75-4-1_0,benchmarks/instances/MOSP_Instances/Chu_Stuckey/Random-75-75-4-1.txt,75,75,35,1500.0,default,unsat,542668,0.3157
Random-75-75-4-2_0,benchmarks/instances/MOSP_Instances/Chu_Stuckey/Random-75-75-4-2.txt,75,75,35,1500.0,default,unsat,334065,0.2093
Random-75-75-4-1_0,benchmarks/instances/MOSP_Instances/Chu_Stuckey/Random-75-75-4-1.txt,75,75,35,1500.0,csearch,unsat,457450,0.357
Random-75-75-4-2_0,benchmarks/instances/MOSP_Instances/Chu_Stuckey/Random-75-75-4-2.txt,75,75,35,1500.0,csearch,unsat,292768,0.2357
Random-75-75-4-3_0,benchmarks/instances/MOSP_Instances/Chu_Stuckey/Random-75-75-4-3.txt,75,75,37,1500.0,default,unsat,3065791,1.7725
Random-75-75-4-3_0,benchmarks/instances/MOSP_Instances/Chu_Stuckey/Random-75-75-4-3.txt,75,75,37,1500.0,csearch,unsat,2754831,2.0979
Random-75-75-4-4_0,benchmarks/instances/MOSP_Instances/Chu_Stuckey/Random-75-75-4-4.txt,75,75,32,1500.0,default,unsat,2056611,1.1682
Random-75-75-4-4_0,benchmarks/instances/MOSP_Instances/Chu_Stuckey/Random-75-75-4-4.txt,75,75,32,1500.0,csearch,unsat,1831638,1.3317
Random-75-75-4-5_0,benchmarks/instances/MOSP_Instances/Chu_Stuckey/Random-75-75-4-5.txt,75,75,32,1500.0,default,unsat,1434077,0.7912
Random-75-75-6-1_0,benchmarks/instances/MOSP_Instances/Chu_Stuckey/Random-75-75-6-1.txt,75,75,49,1500.0,default,unsat,126934,0.0983
Random-75-75-6-1_0,benchmarks/instances/MOSP_Instances/Chu_Stuckey/Random-75-75-6-1.txt,75,75,49,1500.0,csearch,unsat,126934,0.0982
Random-75-75-6-2_0,benchmarks/instances/MOSP_Instances/Chu_Stuckey/Random-75-75-6-2.txt,75,75,52,1500.0,default,unsat,37121,0.0393
Random-75-75-6-2_0,benchmarks/instances/MOSP_Instances/Chu_Stuckey/Random-75-75-6-2.txt,75,75,52,1500.0,csearch,unsat,37121,0.039
Random-75-75-6-3_0,benchmarks/instances/MOSP_Instances/Chu_Stuckey/Random-75-75-6-3.txt,75,75,51,1500.0,default,unsat,37039,0.0398
Random-75-75-6-3_0,benchmarks/instances/MOSP_Instances/Chu_Stuckey/Random-75-75-6-3.txt,75,75,51,1500.0,csearch,unsat,37039,0.0398
Random-75-75-6-4_0,benchmarks/instances/MOSP_Instances/Chu_Stuckey/Random-75-75-6-4.txt,75,75,47,1500.0,default,unsat,92991,0.0779
Random-75-75-6-4_0,benchmarks/instances/MOSP_Instances/Chu_Stuckey/Random-75-75-6-4.txt,75,75,47,1500.0,csearch,unsat,92991,0.0781
Random-75-75-6-5_0,benchmarks/instances/MOSP_Instances/Chu_Stuckey/Random-75-75-6-5.txt,75,75,51,1500.0,default,unsat,88532,0.0751
Random-75-75-6-5_0,benchmarks/instances/MOSP_Instances/Chu_Stuckey/Random-75-75-6-5.txt,75,75,51,1500.0,csearch,unsat,88532,0.0752
Random-75-75-8-1_0,benchmarks/instances/MOSP_Instances/Chu_Stuckey/Random-75-75-8-1.txt,75,75,58,1500.0,default,unsat,2670,0.0038
Random-75-75-8-1_0,benchmarks/instances/MOSP_Instances/Chu_Stuckey/Random-75-75-8-1.txt,75,75,58,1500.0,csearch,unsat,2670,0.0038
Random-75-75-8-2_0,benchmarks/instances/MOSP_Instances/Chu_Stuckey/Random-75-75-8-2.txt,75,75,61,1500.0,default,unsat,1851,0.0027
Random-75-75-8-2_0,benchmarks/instances/MOSP_Instances/Chu_Stuckey/Random-75-75-8-2.txt,75,75,61,1500.0,csearch,unsat,1851,0.0026
Random-75-75-8-3_0,benchmarks/instances/MOSP_Instances/Chu_Stuckey/Random-75-75-8-3.txt,75,75,60,1500.0,default,unsat,3050,0.004
Random-75-75-8-3_0,benchmarks/instances/MOSP_Instances/Chu_Stuckey/Random-75-75-8-3.txt,75,75,60,1500.0,csearch,unsat,3050,0.0039
Random-75-75-4-5_0,benchmarks/instances/MOSP_Instances/Chu_Stuckey/Random-75-75-4-5.txt,75,75,32,1500.0,csearch,unsat,1158988,0.8958
Random-75-75-8-4_0,benchmarks/instances/MOSP_Instances/Chu_Stuckey/Random-75-75-8-4.txt,75,75,59,1500.0,default,unsat,4765,0.0063
Random-75-75-8-4_0,benchmarks/instances/MOSP_Instances/Chu_Stuckey/Random-75-75-8-4.txt,75,75,59,1500.0,csearch,unsat,4765,0.0065
Random-75-75-8-5_0,benchmarks/instances/MOSP_Instances/Chu_Stuckey/Random-75-75-8-5.txt,75,75,59,1500.0,default,unsat,5904,0.0077
Random-75-75-10-1_0,benchmarks/instances/MOSP_Instances/Chu_Stuckey/Random-75-75-10-1.txt,75,75,66,1500.0,default,unsat,534,0.0011
Random-75-75-10-1_0,benchmarks/instances/MOSP_Instances/Chu_Stuckey/Random-75-75-10-1.txt,75,75,66,1500.0,csearch,unsat,534,0.001
Random-75-75-10-2_0,benchmarks/instances/MOSP_Instances/Chu_Stuckey/Random-75-75-10-2.txt,75,75,65,1500.0,default,unsat,346,0.0008
Random-75-75-10-2_0,benchmarks/instances/MOSP_Instances/Chu_Stuckey/Random-75-75-10-2.txt,75,75,65,1500.0,csearch,unsat,346,0.0007
Random-75-75-8-5_0,benchmarks/instances/MOSP_Instances/Chu_Stuckey/Random-75-75-8-5.txt,75,75,59,1500.0,csearch,unsat,5904,0.0079
Random-75-75-10-3_0,benchmarks/instances/MOSP_Instances/Chu_Stuckey/Random-75-75-10-3.txt,75,75,65,1500.0,default,unsat,443,0.0009
Random-75-75-10-3_0,benchmarks/instances/MOSP_Instances/Chu_Stuckey/Random-75-75-10-3.txt,75,75,65,1500.0,csearch,unsat,443,0.001
Random-75-75-10-4_0,benchmarks/instances/MOSP_Instances/Chu_Stuckey/Random-75-75-10-4.txt,75,75,65,1500.0,default,unsat,355,0.0008
Random-75-75-10-4_0,benchmarks/instances/MOSP_Instances/Chu_Stuckey/Random-75-75-10-4.txt,75,75,65,1500.0,csearch,unsat,355,0.0008
Random-75-75-10-5_0,benchmarks/instances/MOSP_Instances/Chu_Stuckey/Random-75-75-10-5.txt,75,75,63,1500.0,default,unsat,823,0.0014
Random-75-75-10-5_0,benchmarks/instances/MOSP_Instances/Chu_Stuckey/Random-75-75-10-5.txt,75,75,63,1500.0,csearch,unsat,823,0.0014
Random-50-100-2-1_0,benchmarks/instances/MOSP_Instances/Chu_Stuckey/Random-50-100-2-1.txt,50,100,19,1500.0,default,unsat,55285,0.0496
Random-50-100-2-1_0,benchmarks/instances/MOSP_Instances/Chu_Stuckey/Random-50-100-2-1.txt,50,100,19,1500.0,csearch,unsat,55285,0.0497
Random-50-100-2-2_0,benchmarks/instances/MOSP_Instances/Chu_Stuckey/Random-50-100-2-2.txt,50,100,21,1500.0,csearch,unsat,61509,0.0526
Random-50-100-2-2_0,benchmarks/instances/MOSP_Instances/Chu_Stuckey/Random-50-100-2-2.txt,50,100,21,1500.0,default,unsat,61509,0.0532
Random-50-100-2-3_0,benchmarks/instances/MOSP_Instances/Chu_Stuckey/Random-50-100-2-3.txt,50,100,22,1500.0,default,unsat,71507,0.058
Random-50-100-2-3_0,benchmarks/instances/MOSP_Instances/Chu_Stuckey/Random-50-100-2-3.txt,50,100,22,1500.0,csearch,unsat,71507,0.0582
Random-50-100-2-4_0,benchmarks/instances/MOSP_Instances/Chu_Stuckey/Random-50-100-2-4.txt,50,100,24,1500.0,default,unsat,76080,0.064
Random-50-100-2-4_0,benchmarks/instances/MOSP_Instances/Chu_Stuckey/Random-50-100-2-4.txt,50,100,24,1500.0,csearch,unsat,76080,0.0636
Random-50-100-2-5_0,benchmarks/instances/MOSP_Instances/Chu_Stuckey/Random-50-100-2-5.txt,50,100,20,1500.0,csearch,unsat,179446,0.111
Random-50-100-2-5_0,benchmarks/instances/MOSP_Instances/Chu_Stuckey/Random-50-100-2-5.txt,50,100,20,1500.0,default,unsat,179446,0.1114
Random-50-100-4-1_0,benchmarks/instances/MOSP_Instances/Chu_Stuckey/Random-50-100-4-1.txt,50,100,35,1500.0,default,unsat,781,0.0013
Random-50-100-4-1_0,benchmarks/instances/MOSP_Instances/Chu_Stuckey/Random-50-100-4-1.txt,50,100,35,1500.0,csearch,unsat,781,0.0013
Random-50-100-4-2_0,benchmarks/instances/MOSP_Instances/Chu_Stuckey/Random-50-100-4-2.txt,50,100,34,1500.0,default,unsat,1198,0.0018
Random-50-100-4-2_0,benchmarks/instances/MOSP_Instances/Chu_Stuckey/Random-50-100-4-2.txt,50,100,34,1500.0,csearch,unsat,1198,0.0018
Random-50-100-4-3_0,benchmarks/instances/MOSP_Instances/Chu_Stuckey/Random-50-100-4-3.txt,50,100,34,1500.0,default,unsat,1533,0.0021
Random-50-100-4-3_0,benchmarks/instances/MOSP_Instances/Chu_Stuckey/Random-50-100-4-3.txt,50,100,34,1500.0,csearch,unsat,1533,0.0021
Random-50-100-4-4_0,benchmarks/instances/MOSP_Instances/Chu_Stuckey/Random-50-100-4-4.txt,50,100,35,1500.0,default,unsat,1284,0.0018
Random-50-100-4-4_0,benchmarks/instances/MOSP_Instances/Chu_Stuckey/Random-50-100-4-4.txt,50,100,35,1500.0,csearch,unsat,1284,0.0018
Random-50-100-4-5_0,benchmarks/instances/MOSP_Instances/Chu_Stuckey/Random-50-100-4-5.txt,50,100,35,1500.0,default,unsat,1638,0.0021
Random-50-100-4-5_0,benchmarks/instances/MOSP_Instances/Chu_Stuckey/Random-50-100-4-5.txt,50,100,35,1500.0,csearch,unsat,1638,0.0021
Random-50-100-6-1_0,benchmarks/instances/MOSP_Instances/Chu_Stuckey/Random-50-100-6-1.txt,50,100,44,1500.0,default,unsat,47,0.0004
Random-50-100-6-1_0,benchmarks/instances/MOSP_Instances/Chu_Stuckey/Random-50-100-6-1.txt,50,100,44,1500.0,csearch,unsat,47,0.0004
Random-50-100-6-2_0,benchmarks/instances/MOSP_Instances/Chu_Stuckey/Random-50-100-6-2.txt,50,100,44,1500.0,default,unsat,91,0.0004
Random-50-100-6-2_0,benchmarks/instances/MOSP_Instances/Chu_Stuckey/Random-50-100-6-2.txt,50,100,44,1500.0,csearch,unsat,91,0.0004
Random-50-100-6-3_0,benchmarks/instances/MOSP_Instances/Chu_Stuckey/Random-50-100-6-3.txt,50,100,42,1500.0,default,unsat,77,0.0004
Random-50-100-6-3_0,benchmarks/instances/MOSP_Instances/Chu_Stuckey/Random-50-100-6-3.txt,50,100,42,1500.0,csearch,unsat,77,0.0004
Random-50-100-6-4_0,benchmarks/instances/MOSP_Instances/Chu_Stuckey/Random-50-100-6-4.txt,50,100,42,1500.0,default,unsat,66,0.0004
Random-50-100-6-4_0,benchmarks/instances/MOSP_Instances/Chu_Stuckey/Random-50-100-6-4.txt,50,100,42,1500.0,csearch,unsat,66,0.0004
Random-50-100-6-5_0,benchmarks/instances/MOSP_Instances/Chu_Stuckey/Random-50-100-6-5.txt,50,100,40,1500.0,default,unsat,142,0.0005
Random-50-100-6-5_0,benchmarks/instances/MOSP_Instances/Chu_Stuckey/Random-50-100-6-5.txt,50,100,40,1500.0,csearch,unsat,142,0.0005
Random-50-100-8-1_0,benchmarks/instances/MOSP_Instances/Chu_Stuckey/Random-50-100-8-1.txt,50,100,47,1500.0,default,unsat,17,0.0004
Random-50-100-8-1_0,benchmarks/instances/MOSP_Instances/Chu_Stuckey/Random-50-100-8-1.txt,50,100,47,1500.0,csearch,unsat,17,0.0004
Random-50-100-8-2_0,benchmarks/instances/MOSP_Instances/Chu_Stuckey/Random-50-100-8-2.txt,50,100,47,1500.0,default,unsat,16,0.0003
Random-50-100-8-2_0,benchmarks/instances/MOSP_Instances/Chu_Stuckey/Random-50-100-8-2.txt,50,100,47,1500.0,csearch,unsat,16,0.0003
Random-50-100-8-3_0,benchmarks/instances/MOSP_Instances/Chu_Stuckey/Random-50-100-8-3.txt,50,100,46,1500.0,default,unsat,9,0.0003
Random-50-100-8-3_0,benchmarks/instances/MOSP_Instances/Chu_Stuckey/Random-50-100-8-3.txt,50,100,46,1500.0,csearch,unsat,9,0.0003
Random-50-100-8-4_0,benchmarks/instances/MOSP_Instances/Chu_Stuckey/Random-50-100-8-4.txt,50,100,46,1500.0,default,unsat,12,0.0004
Random-50-100-8-4_0,benchmarks/instances/MOSP_Instances/Chu_Stuckey/Random-50-100-8-4.txt,50,100,46,1500.0,csearch,unsat,12,0.0004
Random-50-100-8-5_0,benchmarks/instances/MOSP_Instances/Chu_Stuckey/Random-50-100-8-5.txt,50,100,45,1500.0,default,unsat,29,0.0004
Random-50-100-8-5_0,benchmarks/instances/MOSP_Instances/Chu_Stuckey/Random-50-100-8-5.txt,50,100,45,1500.0,csearch,unsat,29,0.0004
Random-50-100-10-1_0,benchmarks/instances/MOSP_Instances/Chu_Stuckey/Random-50-100-10-1.txt,50,100,48,1500.0,default,unsat,3,0.0003
Random-50-100-10-1_0,benchmarks/instances/MOSP_Instances/Chu_Stuckey/Random-50-100-10-1.txt,50,100,48,1500.0,csearch,unsat,3,0.0003
Random-50-100-10-2_0,benchmarks/instances/MOSP_Instances/Chu_Stuckey/Random-50-100-10-2.txt,50,100,48,1500.0,default,unsat,1,0.0003
Random-50-100-10-3_0,benchmarks/instances/MOSP_Instances/Chu_Stuckey/Random-50-100-10-3.txt,50,100,48,1500.0,default,unsat,2,0.0003
Random-50-100-10-2_0,benchmarks/instances/MOSP_Instances/Chu_Stuckey/Random-50-100-10-2.txt,50,100,48,1500.0,csearch,unsat,1,0.0004
Random-50-100-10-3_0,benchmarks/instances/MOSP_Instances/Chu_Stuckey/Random-50-100-10-3.txt,50,100,48,1500.0,csearch,unsat,2,0.0003
Random-50-100-10-4_0,benchmarks/instances/MOSP_Instances/Chu_Stuckey/Random-50-100-10-4.txt,50,100,48,1500.0,default,unsat,3,0.0004
Random-50-100-10-4_0,benchmarks/instances/MOSP_Instances/Chu_Stuckey/Random-50-100-10-4.txt,50,100,48,1500.0,csearch,unsat,3,0.0004
Random-50-100-10-5_0,benchmarks/instances/MOSP_Instances/Chu_Stuckey/Random-50-100-10-5.txt,50,100,47,1500.0,default,unsat,4,0.0004
Random-50-100-10-5_0,benchmarks/instances/MOSP_Instances/Chu_Stuckey/Random-50-100-10-5.txt,50,100,47,1500.0,csearch,unsat,4,0.0003
Random-50-50-2-1_0,benchmarks/instances/MOSP_Instances/Chu_Stuckey/Random-50-50-2-1.txt,50,50,15,1500.0,csearch,unsat,13396,0.0172
Random-50-50-2-1_0,benchmarks/instances/MOSP_Instances/Chu_Stuckey/Random-50-50-2-1.txt,50,50,15,1500.0,default,unsat,22366,0.0231
Random-50-50-2-2_0,benchmarks/instances/MOSP_Instances/Chu_Stuckey/Random-50-50-2-2.txt,50,50,13,1500.0,csearch,unsat,42734,0.0426
Random-50-50-2-2_0,benchmarks/instances/MOSP_Instances/Chu_Stuckey/Random-50-50-2-2.txt,50,50,13,1500.0,default,unsat,58452,0.0486
Random-50-50-2-3_0,benchmarks/instances/MOSP_Instances/Chu_Stuckey/Random-50-50-2-3.txt,50,50,11,1500.0,csearch,unsat,6252,0.0077
Random-50-50-2-4_0,benchmarks/instances/MOSP_Instances/Chu_Stuckey/Random-50-50-2-4.txt,50,50,13,1500.0,default,unsat,6731,0.0074
Random-50-50-2-3_0,benchmarks/instances/MOSP_Instances/Chu_Stuckey/Random-50-50-2-3.txt,50,50,11,1500.0,default,unsat,18233,0.0181
Random-50-50-2-4_0,benchmarks/instances/MOSP_Instances/Chu_Stuckey/Random-50-50-2-4.txt,50,50,13,1500.0,csearch,unsat,4795,0.0058
Random-50-50-2-5_0,benchmarks/instances/MOSP_Instances/Chu_Stuckey/Random-50-50-2-5.txt,50,50,14,1500.0,csearch,unsat,25261,0.0274
Random-50-50-4-1_0,benchmarks/instances/MOSP_Instances/Chu_Stuckey/Random-50-50-4-1.txt,50,50,21,1500.0,default,unsat,4762,0.0056
Random-50-50-2-5_0,benchmarks/instances/MOSP_Instances/Chu_Stuckey/Random-50-50-2-5.txt,50,50,14,1500.0,default,unsat,42171,0.0378
Random-50-50-4-1_0,benchmarks/instances/MOSP_Instances/Chu_Stuckey/Random-50-50-4-1.txt,50,50,21,1500.0,csearch,unsat,4098,0.0051
Random-50-50-4-2_0,benchmarks/instances/MOSP_Instances/Chu_Stuckey/Random-50-50-4-2.txt,50,50,25,1500.0,default,unsat,32859,0.032
Random-50-50-4-2_0,benchmarks/instances/MOSP_Instances/Chu_Stuckey/Random-50-50-4-2.txt,50,50,25,1500.0,csearch,unsat,28352,0.0311
Random-50-50-4-3_0,benchmarks/instances/MOSP_Instances/Chu_Stuckey/Random-50-50-4-3.txt,50,50,24,1500.0,default,unsat,8035,0.0094
Random-50-50-4-3_0,benchmarks/instances/MOSP_Instances/Chu_Stuckey/Random-50-50-4-3.txt,50,50,24,1500.0,csearch,unsat,7112,0.009
Random-50-50-4-4_0,benchmarks/instances/MOSP_Instances/Chu_Stuckey/Random-50-50-4-4.txt,50,50,27,1500.0,default,unsat,7169,0.0086
Random-50-50-4-4_0,benchmarks/instances/MOSP_Instances/Chu_Stuckey/Random-50-50-4-4.txt,50,50,27,1500.0,csearch,unsat,6739,0.0084
Random-50-50-4-5_0,benchmarks/instances/MOSP_Instances/Chu_Stuckey/Random-50-50-4-5.txt,50,50,22,1500.0,default,unsat,1824,0.0024
Random-50-50-6-1_0,benchmarks/instances/MOSP_Instances/Chu_Stuckey/Random-50-50-6-1.txt,50,50,36,1500.0,default,unsat,1173,0.0017
Random-50-50-4-5_0,benchmarks/instances/MOSP_Instances/Chu_Stuckey/Random-50-50-4-5.txt,50,50,22,1500.0,csearch,unsat,1690,0.0023
Random-50-50-6-1_0,benchmarks/instances/MOSP_Instances/Chu_Stuckey/Random-50-50-6-1.txt,50,50,36,1500.0,csearch,unsat,1173,0.0016
Random-50-50-6-2_0,benchmarks/instances/MOSP_Instances/Chu_Stuckey/Random-50-50-6-2.txt,50,50,35,1500.0,default,unsat,1375,0.0018
Random-50-50-6-3_0,benchmarks/instances/MOSP_Instances/Chu_Stuckey/Random-50-50-6-3.txt,50,50,33,1500.0,default,unsat,953,0.0013
Random-50-50-6-2_0,benchmarks/instances/MOSP_Instances/Chu_Stuckey/Random-50-50-6-2.txt,50,50,35,1500.0,csearch,unsat,1375,0.0018
Random-50-50-6-4_0,benchmarks/instances/MOSP_Instances/Chu_Stuckey/Random-50-50-6-4.txt,50,50,35,1500.0,default,unsat,547,0.0008
Random-50-50-6-3_0,benchmarks/instances/MOSP_Instances/Chu_Stuckey/Random-50-50-6-3.txt,50,50,33,1500.0,csearch,unsat,953,0.0012
Random-50-50-6-4_0,benchmarks/instances/MOSP_Instances/Chu_Stuckey/Random-50-50-6-4.txt,50,50,35,1500.0,csearch,unsat,547,0.0008
Random-50-50-6-5_0,benchmarks/instances/MOSP_Instances/Chu_Stuckey/Random-50-50-6-5.txt,50,50,37,1500.0,default,unsat,677,0.001
Random-50-50-8-1_0,benchmarks/instances/MOSP_Instances/Chu_Stuckey/Random-50-50-8-1.txt,50,50,40,1500.0,default,unsat,126,0.0004
Random-50-50-6-5_0,benchmarks/instances/MOSP_Instances/Chu_Stuckey/Random-50-50-6-5.txt,50,50,37,1500.0,csearch,unsat,677,0.001
Random-50-50-8-1_0,benchmarks/instances/MOSP_Instances/Chu_Stuckey/Random-50-50-8-1.txt,50,50,40,1500.0,csearch,unsat,126,0.0004
Random-50-50-8-2_0,benchmarks/instances/MOSP_Instances/Chu_Stuckey/Random-50-50-8-2.txt,50,50,39,1500.0,default,unsat,126,0.0004
Random-50-50-8-2_0,benchmarks/instances/MOSP_Instances/Chu_Stuckey/Random-50-50-8-2.txt,50,50,39,1500.0,csearch,unsat,126,0.0004
Random-50-50-8-3_0,benchmarks/instances/MOSP_Instances/Chu_Stuckey/Random-50-50-8-3.txt,50,50,39,1500.0,default,unsat,176,0.0004
Random-50-50-8-3_0,benchmarks/instances/MOSP_Instances/Chu_Stuckey/Random-50-50-8-3.txt,50,50,39,1500.0,csearch,unsat,176,0.0004
Random-50-50-8-4_0,benchmarks/instances/MOSP_Instances/Chu_Stuckey/Random-50-50-8-4.txt,50,50,42,1500.0,default,unsat,88,0.0003
Random-50-50-8-4_0,benchmarks/instances/MOSP_Instances/Chu_Stuckey/Random-50-50-8-4.txt,50,50,42,1500.0,csearch,unsat,88,0.0003
Random-50-50-8-5_0,benchmarks/instances/MOSP_Instances/Chu_Stuckey/Random-50-50-8-5.txt,50,50,42,1500.0,default,unsat,62,0.0003
Random-50-50-8-5_0,benchmarks/instances/MOSP_Instances/Chu_Stuckey/Random-50-50-8-5.txt,50,50,42,1500.0,csearch,unsat,62,0.0003
Random-50-50-10-1_0,benchmarks/instances/MOSP_Instances/Chu_Stuckey/Random-50-50-10-1.txt,50,50,44,1500.0,default,unsat,47,0.0003
Random-50-50-10-1_0,benchmarks/instances/MOSP_Instances/Chu_Stuckey/Random-50-50-10-1.txt,50,50,44,1500.0,csearch,unsat,47,0.0003
Random-50-50-10-2_0,benchmarks/instances/MOSP_Instances/Chu_Stuckey/Random-50-50-10-2.txt,50,50,43,1500.0,default,unsat,47,0.0003
Random-50-50-10-2_0,benchmarks/instances/MOSP_Instances/Chu_Stuckey/Random-50-50-10-2.txt,50,50,43,1500.0,csearch,unsat,47,0.0003
Random-50-50-10-3_0,benchmarks/instances/MOSP_Instances/Chu_Stuckey/Random-50-50-10-3.txt,50,50,44,1500.0,default,unsat,32,0.0003
Random-50-50-10-3_0,benchmarks/instances/MOSP_Instances/Chu_Stuckey/Random-50-50-10-3.txt,50,50,44,1500.0,csearch,unsat,32,0.0003
Random-50-50-10-4_0,benchmarks/instances/MOSP_Instances/Chu_Stuckey/Random-50-50-10-4.txt,50,50,45,1500.0,default,unsat,25,0.0002
Random-50-50-10-4_0,benchmarks/instances/MOSP_Instances/Chu_Stuckey/Random-50-50-10-4.txt,50,50,45,1500.0,csearch,unsat,25,0.0003
Random-50-50-10-5_0,benchmarks/instances/MOSP_Instances/Chu_Stuckey/Random-50-50-10-5.txt,50,50,46,1500.0,default,unsat,15,0.0002
Random-50-50-10-5_0,benchmarks/instances/MOSP_Instances/Chu_Stuckey/Random-50-50-10-5.txt,50,50,46,1500.0,csearch,unsat,15,0.0002
Random-100-50-4-4_0,benchmarks/instances/MOSP_Instances/Chu_Stuckey/Random-100-50-4-4.txt,100,50,24,1500.0,default,unsat,343183223,140.392
Random-100-100-4-3_0,benchmarks/instances/MOSP_Instances/Chu_Stuckey/Random-100-100-4-3.txt,100,100,43,1500.0,csearch,unsat,754740143,604.0442
Random-100-100-4-5_0,benchmarks/instances/MOSP_Instances/Chu_Stuckey/Random-100-100-4-5.txt,100,100,42,1500.0,csearch,unsat,770739459,607.6744
Random-100-100-4-5_0,benchmarks/instances/MOSP_Instances/Chu_Stuckey/Random-100-100-4-5.txt,100,100,42,1500.0,default,unsat,1053284011,656.9043
Random-100-100-4-3_0,benchmarks/instances/MOSP_Instances/Chu_Stuckey/Random-100-100-4-3.txt,100,100,43,1500.0,default,unsat,1496945890,828.5945
Random-125-125-6-5_0,benchmarks/instances/MOSP_Instances/Chu_Stuckey/Random-125-125-6-5.txt,125,125,74,1500.0,default,unsat,1523689200,1232.4549
Random-125-125-6-5_0,benchmarks/instances/MOSP_Instances/Chu_Stuckey/Random-125-125-6-5.txt,125,125,74,1500.0,csearch,unsat,1523689200,1232.776
Random-100-100-2-1_0,benchmarks/instances/MOSP_Instances/Chu_Stuckey/Random-100-100-2-1.txt,100,100,24,1500.0,default,unknown,3160068096,1500.0076
Random-100-100-2-1_0,benchmarks/instances/MOSP_Instances/Chu_Stuckey/Random-100-100-2-1.txt,100,100,24,1500.0,csearch,unknown,2056953856,1500.0083
Random-100-100-2-3_0,benchmarks/instances/MOSP_Instances/Chu_Stuckey/Random-100-100-2-3.txt,100,100,23,1500.0,default,unknown,3821092864,1500.0078
Random-100-100-2-3_0,benchmarks/instances/MOSP_Instances/Chu_Stuckey/Random-100-100-2-3.txt,100,100,23,1500.0,csearch,unknown,2635063296,1500.0088
Random-100-100-2-4_0,benchmarks/instances/MOSP_Instances/Chu_Stuckey/Random-100-100-2-4.txt,100,100,15,1500.0,default,unknown,5428432896,1500.0074
Random-100-100-2-5_0,benchmarks/instances/MOSP_Instances/Chu_Stuckey/Random-100-100-2-5.txt,100,100,19,1500.0,default,unknown,3647971328,1500.0081
Random-100-100-2-5_0,benchmarks/instances/MOSP_Instances/Chu_Stuckey/Random-100-100-2-5.txt,100,100,19,1500.0,csearch,unknown,2633396224,1500.0067
