cls,name,collection,n,m,optimum,col_mean,log10_nodes,core_hours
nauty:16d2f8aca5091483f7a1b9208353d707,Random-400-400-14-1,"MOSP: Frinhani et al. 2018, large",400,400,365.0,13.77,28.88726369485802,1.1784845237133672e+19
nauty:240f9154b90e2f76c0b36edd6a5261e6,Random-400-400-10-1,"MOSP: Frinhani et al. 2018, large",400,400,341.0,9.8675,39.071927891766606,1.802968256494585e+29
nauty:fa9c25defb25818d86d486549715c54e,Random-400-400-18-1,"MOSP: Frinhani et al. 2018, large",400,400,377.0,17.6225,23.81778992567618,100426913273924.42
nauty:003d882d6b464960e9f8e1f0cf00fd65,Random-400-400-2-1,"MOSP: Frinhani et al. 2018, large",400,400,83.0,2.7525,68.44046119625884,4.212320280241794e+58
nauty:1fa8015d7aec8d9c4667ed954ced9834,Random-400-400-20-1,"MOSP: Frinhani et al. 2018, large",400,400,382.0,19.6925,22.112356884012428,1978869125890.1138
nauty:d1c56fea11b7b1724c6085c829cd6d65,Random-400-400-24-1,"MOSP: Frinhani et al. 2018, large",400,400,387.0,23.7075,20.729512613310987,81954499435.96773
nauty:f81e78db435f5a4322ea68c31b4b31e0,Random-400-400-28-1,"MOSP: Frinhani et al. 2018, large",400,400,391.0,28.145,20.11720656031072,20010905868.148247
nauty:151e0bcca7b5f0736a6f9b20d1cdc371,Random-400-400-30-1,"MOSP: Frinhani et al. 2018, large",400,400,392.0,30.0525,20.182802985771332,23273579025.473255
nauty:5edf0ceaa492bce65c9c31f903837646,Random-400-400-34-1,"MOSP: Frinhani et al. 2018, large",400,400,394.0,34.055,20.445534032656496,42618113472.41077
nauty:b8134cde6f8ff97e995f08ebcf55e25a,Random-400-400-4-1,"MOSP: Frinhani et al. 2018, large",400,400,175.0,3.865,69.84236456448231,1.062734435682115e+60
nauty:2328b05ca4e184c943cf22583b2234ea,Random-400-400-6-1,"MOSP: Frinhani et al. 2018, large",400,400,257.0,5.715,59.96388158229547,1.4058590178863996e+50
nauty:112fd933ae2810bb1e7928b5e398f27a,Random-400-400-8-1,"MOSP: Frinhani et al. 2018, large",400,400,304.0,7.625,49.49939140318122,4.824492014651092e+39
nauty:7fc3332f736a5080366fe6c142c7936f,Random-150-150-10-1,MOSP: Carvalho & Soma 2015,150,150,127.0,10.326666666666666,6.277906728051697,0.00028971228853613115
nauty:c5f109a4bbd28845ed7c52a205a51e96,Random-150-150-10-10,MOSP: Carvalho & Soma 2015,150,150,123.0,9.826666666666666,7.209672230209563,0.0024758961182550963
nauty:0011f355633181fba7f28c585c3ee090,Random-150-150-10-2,MOSP: Carvalho & Soma 2015,150,150,124.0,10.273333333333333,6.8058342536914225,0.0009769997271195621
nauty:b3ba177877549b783c0fa052919dcf1e,Random-150-150-10-3,MOSP: Carvalho & Soma 2015,150,150,124.0,9.933333333333334,6.7064623722545065,0.000777181691229976
nauty:0445f3cd218e1c60efbf8dddbd43c51e,Random-150-150-10-4,MOSP: Carvalho & Soma 2015,150,150,123.0,9.84,6.856404683919756,0.0010976525044652306
nauty:be3915e5583ec0b6bcad31e0af280cf2,Random-150-150-10-5,MOSP: Carvalho & Soma 2015,150,150,125.0,10.02,6.656526638574682,0.0006927664184782642
nauty:f0a5faea6114233e1e6810eb3fa901ed,Random-150-150-10-6,MOSP: Carvalho & Soma 2015,150,150,124.0,10.0,6.842117294413249,0.0010621295290266111
nauty:2d5fe36d03f221f0df48dcbcb5848891,Random-150-150-10-7,MOSP: Carvalho & Soma 2015,150,150,124.0,9.913333333333334,6.701132195810288,0.0007677014918126348
nauty:6a5aabbda7515d30fd2253d34889a07f,Random-150-150-2-2,MOSP: Carvalho & Soma 2015,150,150,31.0,2.76,15.356992479376595,347578.31067889585
nauty:00426be73324c7f1b828aab996bcc8a7,Random-150-150-2-3,MOSP: Carvalho & Soma 2015,150,150,27.0,2.6466666666666665,14.771948379063316,90366.73011547556
nauty:c3d8104b2fa1dbff34e4d59dd37f51cf,Random-150-150-2-4,MOSP: Carvalho & Soma 2015,150,150,28.0,2.7066666666666666,14.827660173048132,102735.45809411892
nauty:5cfa4163d8ab12d559a6c927740fc4d3,Random-150-150-2-5,MOSP: Carvalho & Soma 2015,150,150,29.0,2.7466666666666666,14.799965469997764,96388.59696714093
nauty:f961321371cbac8dce32405978547733,Random-150-150-10-8,MOSP: Carvalho & Soma 2015,150,150,122.0,9.42,7.451786116756949,0.004323607937629593
nauty:2d0dd7259debfba65b33c06821e25fc7,Random-150-150-10-9,MOSP: Carvalho & Soma 2015,150,150,123.0,10.086666666666666,6.78847627909699,0.000938720858004595
nauty:b2f87ddf7ea8bc4c127c7ff32db5877a,Random-150-150-2-1,MOSP: Carvalho & Soma 2015,150,150,23.0,2.6466666666666665,13.81753423608048,10036.780462657205
nauty:cc8dd5b8c249b4d1f17651d188b6a79a,Random-150-150-2-10,MOSP: Carvalho & Soma 2015,150,150,26.0,2.7466666666666666,14.067832229893828,17860.4508938958
nauty:3a5fa7231f35aa3e8406aa186f9671f7,Random-150-150-2-6,MOSP: Carvalho & Soma 2015,150,150,28.0,2.64,15.274318565429107,287328.532107419
nauty:f5e26ba1622db0e18969003a4a9a5635,Random-150-150-2-7,MOSP: Carvalho & Soma 2015,150,150,27.0,2.64,15.177886609501524,230115.99043574638
nauty:3b506bb8856db674a9ecc28a7bb57cb3,Random-150-150-2-8,MOSP: Carvalho & Soma 2015,150,150,22.0,2.6,14.136335900494483,20912.024990002512
nauty:cdc88a0ae3f973c592e3fefb04d992de,Random-150-150-2-9,MOSP: Carvalho & Soma 2015,150,150,28.0,2.68,15.09083438265599,188319.18734210051
nauty:b51c7092d2fee9c661d65a05c7ecd610,Random-150-150-4-1,MOSP: Carvalho & Soma 2015,150,150,57.0,3.94,14.705194021537041,77491.52545636342
nauty:c5fa4367e20e22f605cc0576274f8cd4,Random-150-150-4-10,MOSP: Carvalho & Soma 2015,150,150,65.0,4.2,14.723746407026738,80873.56649339083
nauty:996fd86e70842359d0a9ecf0856d74f5,Random-150-150-4-2,MOSP: Carvalho & Soma 2015,150,150,61.0,4.053333333333334,14.839520250352276,105579.70375378043
nauty:069d2c1d248d3b45ff909d2f41731163,Random-150-150-4-3,MOSP: Carvalho & Soma 2015,150,150,65.0,4.066666666666666,14.921930367657065,127641.10532966518
nauty:a96ad1bfb8593f59ed262a3631fec324,Random-150-150-4-4,MOSP: Carvalho & Soma 2015,150,150,69.0,4.4,14.059176341391577,17507.999684644674
nauty:e4b527db104a3972c29ba0dc82b23b7b,Random-150-150-4-5,MOSP: Carvalho & Soma 2015,150,150,66.0,4.086666666666667,15.261559576549232,279009.9975401349
nauty:e7df4e11a617d3ae850bf870ddd978a1,Random-150-150-4-6,MOSP: Carvalho & Soma 2015,150,150,68.0,4.306666666666667,14.664603827400033,70577.13360970338
nauty:92204ba789473b2cc70ab07fe3504b92,Random-150-150-4-7,MOSP: Carvalho & Soma 2015,150,150,56.0,3.9066666666666667,14.87070242737996,113439.05921256359
nauty:61a3123c4954eca89328c33192364dca,Random-150-150-4-8,MOSP: Carvalho & Soma 2015,150,150,62.0,3.9466666666666668,15.359522811765911,349609.3190431222
nauty:d9730fea32e8d7a69012bd90ac75f9e9,Random-150-150-4-9,MOSP: Carvalho & Soma 2015,150,150,69.0,4.226666666666667,15.07709556063693,182454.991634016
nauty:d2863dfbf6d89b35666702503a842bf9,Random-150-150-6-1,MOSP: Carvalho & Soma 2015,150,150,91.0,6.126666666666667,12.074284053244213,181.27764140520298
nauty:abc95c17a106bf2fa1b7f6d9278ab5d0,Random-150-150-6-10,MOSP: Carvalho & Soma 2015,150,150,95.0,5.986666666666666,12.358068572585498,348.4406067456461
nauty:268cb924d0de453811e60dfc115cbefa,Random-150-150-6-2,MOSP: Carvalho & Soma 2015,150,150,96.0,6.0,12.232307178477694,260.83590129617755
nauty:1c26e8da2d79084f541c8e7126236953,Random-150-150-6-3,MOSP: Carvalho & Soma 2015,150,150,93.0,6.026666666666666,12.136286698833501,209.09655979742988
nauty:b9d8e13c4311d65d64c3288fcb291c0b,Random-150-150-6-4,MOSP: Carvalho & Soma 2015,150,150,92.0,6.033333333333333,12.116377913610272,199.72760871096517
nauty:d5c11c12fc9671a8b103e438a87425b9,Random-150-150-6-5,MOSP: Carvalho & Soma 2015,150,150,92.0,5.98,12.27359404554635,286.84959052866725
nauty:856b682ee11d29567bad8397b75259ab,Random-150-150-6-6,MOSP: Carvalho & Soma 2015,150,150,96.0,6.113333333333333,11.977995233216177,145.22969388067978
nauty:13278f9aa1ee08f843b11943085ccfd8,Random-150-150-6-7,MOSP: Carvalho & Soma 2015,150,150,93.0,5.9,12.182510941040931,232.57933785701346
nauty:5a37186eb819664d9159a39dc5a9678b,Random-150-150-6-8,MOSP: Carvalho & Soma 2015,150,150,101.0,6.493333333333333,11.301450806842592,30.585176817982703
nauty:0796413971843a0c2c9b7e496fa24363,Random-150-150-6-9,MOSP: Carvalho & Soma 2015,150,150,91.0,5.78,12.408162872875153,391.0416903981018
nauty:5608980ff32e8e488d780aad476c902e,Random-150-150-8-4,MOSP: Carvalho & Soma 2015,150,150,112.0,8.113333333333333,8.97257564786505,0.14342862552369068
nauty:23c2f50f696db010368b9fd7ee23432e,Random-150-150-8-5,MOSP: Carvalho & Soma 2015,150,150,113.0,7.973333333333334,9.120740766715969,0.201744152395547
nauty:1966382a31cd6c095c7459f52f31fcea,Random-150-150-8-6,MOSP: Carvalho & Soma 2015,150,150,114.0,7.953333333333333,9.00144559028206,0.15328716036285003
nauty:121178e01c971311ae6a65e46b143fbe,Random-150-150-8-7,MOSP: Carvalho & Soma 2015,150,150,111.0,8.133333333333333,9.278464655231524,0.2900847137860104
nauty:b0cebc5fce31018f37346bbf423a28e3,Random-150-150-8-1,MOSP: Carvalho & Soma 2015,150,150,110.0,7.626666666666667,9.68519104789177,0.7400332558253903
nauty:cbb53043869bb92910efbe917eebec52,Random-150-150-8-10,MOSP: Carvalho & Soma 2015,150,150,113.0,7.953333333333333,9.212987327563425,0.2494867676236627
nauty:701d59997e37111f8bfdf6b399d359ea,Random-150-150-8-2,MOSP: Carvalho & Soma 2015,150,150,114.0,8.18,8.796994735200265,0.09573151324277986
nauty:903cc30c60728dc46e435e86cfbfb447,Random-150-150-8-3,MOSP: Carvalho & Soma 2015,150,150,110.0,7.886666666666667,9.403889637839885,0.38721290817258563
nauty:c9ce208965113554db81ea9a54c7b622,Random-150-150-8-8,MOSP: Carvalho & Soma 2015,150,150,110.0,7.58,9.729129422377103,0.8188222043607766
nauty:0be048f643657db3067a944cee243448,Random-150-150-8-9,MOSP: Carvalho & Soma 2015,150,150,112.0,7.953333333333333,9.288047390004802,0.29655658964570514
nauty:674cf4505aaee142974cea31caf2d1d3,Random-175-175-10-1,MOSP: Carvalho & Soma 2015,175,175,145.0,10.445714285714285,8.266780181296546,0.028238418482996675
nauty:e7bea05b872cacdc7be19c2ca04d2249,Random-175-175-10-10,MOSP: Carvalho & Soma 2015,175,175,140.0,9.954285714285714,8.967211903962166,0.14166810761436255
nauty:3ff6ce5a7bb3c67c43e10e465b7a13c5,Random-175-175-10-2,MOSP: Carvalho & Soma 2015,175,175,141.0,9.971428571428572,9.11488563728389,0.1990425037444146
nauty:d930bf386ea8b62f9ef6e99f661a9d28,Random-175-175-10-3,MOSP: Carvalho & Soma 2015,175,175,143.0,10.074285714285715,8.47464704193159,0.04557295930616243
nauty:13809a055c404a8aadd36257fe4a2e77,Random-175-175-10-4,MOSP: Carvalho & Soma 2015,175,175,146.0,9.977142857142857,8.432152067370723,0.04132494232264284
nauty:1da429d2d7772bc0dea140b3120fc787,Random-175-175-10-5,MOSP: Carvalho & Soma 2015,175,175,146.0,10.331428571428571,8.364486384962511,0.035362794208619756
nauty:98235ccc3f33d20453a19d6da97796d4,Random-175-175-2-1,MOSP: Carvalho & Soma 2015,175,175,28.0,2.662857142857143,17.793052330428374,94866421.60658698
nauty:9ae8ee8cf8b1255bbc79616f3ff74422,Random-175-175-2-10,MOSP: Carvalho & Soma 2015,175,175,32.0,2.7542857142857144,18.074391820235732,181322629.70435166
nauty:8bf39aa89c3a67042f7548d5dd3d8183,Random-175-175-2-2,MOSP: Carvalho & Soma 2015,175,175,29.0,2.7257142857142855,17.5814883847868,58283895.8569639
nauty:5e522c5e5e8e71fc073065129c82f902,Random-175-175-2-3,MOSP: Carvalho & Soma 2015,175,175,33.0,2.68,18.914700778313332,1255338842.8901844
nauty:37698768dfdccabe81b0b530e9a92974,Random-175-175-2-4,MOSP: Carvalho & Soma 2015,175,175,35.0,2.76,18.822985309974964,1016355165.3690091
nauty:30f8d498d4b8d9484c9e657dcffcbe5c,Random-175-175-2-5,MOSP: Carvalho & Soma 2015,175,175,33.0,2.7142857142857144,18.82287985015775,1016108393.6008891
nauty:18bfdc4642fedc407e8797e271a9cfa0,Random-175-175-2-6,MOSP: Carvalho & Soma 2015,175,175,35.0,2.7885714285714287,18.54169461306491,531807921.1955137
nauty:b91b06a6f742eb6eeb7bc57232502a74,Random-175-175-2-7,MOSP: Carvalho & Soma 2015,175,175,28.0,2.6342857142857143,17.864039866435427,111712058.65491045
nauty:84c2836e4b524abf7706e97bbc1b7fa9,Random-175-175-10-6,MOSP: Carvalho & Soma 2015,175,175,144.0,9.954285714285714,8.711143081142914,0.07856032471662557
nauty:d51fd19d62ab6dafc7c67b00e0f58864,Random-175-175-10-7,MOSP: Carvalho & Soma 2015,175,175,144.0,10.131428571428572,8.448531349150507,0.04291326296018093
nauty:989c050627d657302956f499deaed5a2,Random-175-175-10-8,MOSP: Carvalho & Soma 2015,175,175,144.0,10.422857142857143,8.397727025835508,0.0381757180569498
nauty:4445fda813d0f0829f25cacca3890118,Random-175-175-10-9,MOSP: Carvalho & Soma 2015,175,175,142.0,9.868571428571428,9.082343803993197,0.18467325019877912
nauty:461b3f874ca6bb7044ac340703a60497,Random-175-175-2-8,MOSP: Carvalho & Soma 2015,175,175,35.0,2.8457142857142856,18.147742251572623,214685365.2492016
nauty:5df437e801cab18c3202495b6ee7ed77,Random-175-175-2-9,MOSP: Carvalho & Soma 2015,175,175,32.0,2.7657142857142856,18.123564586075837,203060183.73112193
nauty:b5b1d65e08be5b334a4ac210a90d823c,Random-175-175-4-1,MOSP: Carvalho & Soma 2015,175,175,79.0,4.2057142857142855,18.72235507241782,806148891.5063081
nauty:2decb86f5855cd7a63b65457e5a9ea59,Random-175-175-4-10,MOSP: Carvalho & Soma 2015,175,175,76.0,4.297142857142857,17.912531274896807,124908347.73402798
nauty:ee3d6dc9fd52da57c138863c55863fb7,Random-175-175-4-6,MOSP: Carvalho & Soma 2015,175,175,74.0,4.097142857142857,18.273122144045153,286538070.9459076
nauty:80cd1c01ebf0b883153f4f39e90ec49f,Random-175-175-4-7,MOSP: Carvalho & Soma 2015,175,175,66.0,3.8285714285714287,18.45407785607923,434648359.5062569
nauty:0c8ab5044d0318391b25a0ef5419c06a,Random-175-175-4-8,MOSP: Carvalho & Soma 2015,175,175,77.0,4.274285714285714,18.14113676964273,211444775.28277776
nauty:c84af55968f6b25528bb4ad0f1d514ec,Random-175-175-4-9,MOSP: Carvalho & Soma 2015,175,175,81.0,4.2057142857142855,18.778782977175,918001024.5479069
nauty:7ef168409aec2e0102ba8d67ac3cf2d0,Random-175-175-4-2,MOSP: Carvalho & Soma 2015,175,175,76.0,4.257142857142857,17.848025828772244,107667844.22567342
nauty:d6b3b218b545ad2bfeca8731ab14ee51,Random-175-175-4-3,MOSP: Carvalho & Soma 2015,175,175,83.0,4.457142857142857,17.934033608132573,131248333.23273177
nauty:3d65a6c2435bf1421eb089dfb25b5e20,Random-175-175-4-4,MOSP: Carvalho & Soma 2015,175,175,75.0,4.114285714285714,18.49005241023581,472185448.29885334
nauty:e4156b878ec809b5a56fff0b8b760457,Random-175-175-4-5,MOSP: Carvalho & Soma 2015,175,175,75.0,4.137142857142857,18.73149335818199,823291339.4515854
nauty:97d2e417402d0b51c2f8e9ffc298a136,Random-175-175-6-4,MOSP: Carvalho & Soma 2015,175,175,115.0,6.28,14.6005551262814,60899.72268342329
nauty:c2a02de813a445f4020e9e7538157ffd,Random-175-175-6-5,MOSP: Carvalho & Soma 2015,175,175,108.0,5.92,14.951922484741878,136767.42600317206
nauty:050d7ee6a587554bf534a4619070ed5c,Random-175-175-6-6,MOSP: Carvalho & Soma 2015,175,175,112.0,6.131428571428572,15.52215717602056,508413.8404398639
nauty:a68c2bb3c783d43c97f785653cab99ee,Random-175-175-6-7,MOSP: Carvalho & Soma 2015,175,175,106.0,5.988571428571428,15.213724941770629,249910.8608514231
nauty:e0b42ecdd8bd34089543552260584121,Random-175-175-6-1,MOSP: Carvalho & Soma 2015,175,175,110.0,6.348571428571429,14.48489977527533,46661.636269946364
nauty:b4f78e6f2f58a81a01e31a73cc465474,Random-175-175-6-10,MOSP: Carvalho & Soma 2015,175,175,109.0,6.217142857142857,14.624949033530974,64418.29446164351
nauty:0778db33092e056a432e750906f33e1e,Random-175-175-6-2,MOSP: Carvalho & Soma 2015,175,175,108.0,5.92,15.219032518582676,252983.797439047
nauty:b2367425fbe5e5481d07c04ca6a4d957,Random-175-175-6-3,MOSP: Carvalho & Soma 2015,175,175,109.0,6.034285714285715,15.037603617081075,166595.706967444
nauty:1f916bd988ec787f751b5730fc8c5605,Random-175-175-6-8,MOSP: Carvalho & Soma 2015,175,175,108.0,5.965714285714285,15.279269507488728,290622.80907187506
nauty:daa618220c8e361f155fa252e40bdf1a,Random-175-175-6-9,MOSP: Carvalho & Soma 2015,175,175,112.0,6.1257142857142854,14.902891562890744,122166.39306423301
nauty:28d08cc2a587346d495271fd0adb885d,Random-175-175-8-1,MOSP: Carvalho & Soma 2015,175,175,127.0,7.668571428571428,12.274997337697407,287.77795786979675
nauty:1bb4b068d1a0f4f683b849cfa615cf79,Random-175-175-8-10,MOSP: Carvalho & Soma 2015,175,175,131.0,8.245714285714286,11.300073320594691,30.48832107098346
nauty:df91fd58fb305de8d86243624af39aef,Random-175-175-8-2,MOSP: Carvalho & Soma 2015,175,175,130.0,8.0,11.5178185661367,50.336006249539786
nauty:2c27335d238efac046c3555a71794cb0,Random-175-175-8-3,MOSP: Carvalho & Soma 2015,175,175,131.0,7.92,11.562620678899776,55.80599651362273
nauty:8a84a02ee65d6a1b23d2109c1d83a187,Random-175-175-8-4,MOSP: Carvalho & Soma 2015,175,175,128.0,7.588571428571429,12.335818707383567,331.0387977765129
nauty:ee8669817ffa6a47442c4c38da24fc9f,Random-175-175-8-5,MOSP: Carvalho & Soma 2015,175,175,132.0,7.96,11.713930547746038,79.06617629577559
nauty:984f0f0052e6b50e541c299bbfdeafb3,Random-175-175-8-6,MOSP: Carvalho & Soma 2015,175,175,129.0,7.788571428571428,11.852161487444295,108.6980307495172
nauty:f5617398291ce7f801f0ca8b55d3f6bd,Random-175-175-8-7,MOSP: Carvalho & Soma 2015,175,175,129.0,8.09142857142857,11.520753116705013,50.67728098819324
nauty:7b329db468d0cb614789d878f05521af,Random-175-175-8-8,MOSP: Carvalho & Soma 2015,175,175,130.0,8.017142857142858,11.866698817301689,112.39810935182784
nauty:6df17dfba7362ae27a3e2675ec89c559,Random-175-175-8-9,MOSP: Carvalho & Soma 2015,175,175,130.0,7.977142857142857,11.678275872546585,72.83431855403276
nauty:e2144563a08158c7926a9b06f4991040,Random-200-200-10-1,MOSP: Carvalho & Soma 2015,200,200,164.0,9.96,10.972850627900463,14.3519468255571
nauty:575f0a1e1066b6700fac59cbb15d5fca,Random-200-200-10-10,MOSP: Carvalho & Soma 2015,200,200,162.0,10.09,11.138548581972351,21.01884127977336
nauty:10a6af6cc0e5d9af166152bb209daed1,Random-200-200-10-2,MOSP: Carvalho & Soma 2015,200,200,163.0,9.98,10.813599435157272,9.946255789994927
nauty:4adc93528e06e1b9413ac7e5e46c4286,Random-200-200-10-3,MOSP: Carvalho & Soma 2015,200,200,163.0,10.23,10.874050469302503,11.43169576753824
nauty:0d822b4e4b2dcf1e2dbcca7af7f4fd92,Random-200-200-2-2,MOSP: Carvalho & Soma 2015,200,200,42.0,2.79,22.8546997413685,10933518146663.098
nauty:5947af2e6d75d21c050c5b8fe0516c65,Random-200-200-2-3,MOSP: Carvalho & Soma 2015,200,200,34.0,2.7,21.935738611503172,1317646158559.5203
nauty:3f9883271d2c1a3cb2da9852b08e9f6b,Random-200-200-2-4,MOSP: Carvalho & Soma 2015,200,200,34.0,2.65,21.97305162408642,1435859059914.4585
nauty:d5ab2a514c6c1f2be31b8fa690472ffb,Random-200-200-2-5,MOSP: Carvalho & Soma 2015,200,200,35.0,2.73,22.110872519251757,1972117141556.3875
nauty:4f63685b73bfe50909f262360fd83e97,Random-200-200-10-8,MOSP: Carvalho & Soma 2015,200,200,166.0,10.175,10.478915473203386,4.602307813064258
nauty:eacb7bd13a32c89d224704a9d9d932d7,Random-200-200-10-9,MOSP: Carvalho & Soma 2015,200,200,164.0,10.22,10.74225152490368,8.439402761694652
nauty:83e23d8bea933ad76ebf75e6f92e1141,Random-200-200-2-1,MOSP: Carvalho & Soma 2015,200,200,42.0,2.77,22.880629407816414,11606187878267.115
nauty:c3c8d07c493f5801c868272f15c69e93,Random-200-200-2-10,MOSP: Carvalho & Soma 2015,200,200,32.0,2.615,21.798738260444292,961166109267.1676
nauty:97c184c36df1f3fbd03cfa15dccfaaa3,Random-200-200-10-4,MOSP: Carvalho & Soma 2015,200,200,164.0,9.78,11.068315226314326,17.88032527164386
nauty:060aaab9a23d6daee1e233145aafe7d0,Random-200-200-10-5,MOSP: Carvalho & Soma 2015,200,200,162.0,10.215,11.059549158458644,17.52303575766897
nauty:0dfb53f4e8586d3b083759b2282c8f66,Random-200-200-10-6,MOSP: Carvalho & Soma 2015,200,200,162.0,9.585,11.499990729590593,48.31154409897342
nauty:49b83d84f497589817a5df1c150f5bda,Random-200-200-10-7,MOSP: Carvalho & Soma 2015,200,200,167.0,10.08,10.440694777674288,4.214586448517176
nauty:a42d55c79fc1e1e3fd43df85324d3715,Random-200-200-2-6,MOSP: Carvalho & Soma 2015,200,200,41.0,2.85,22.038117274444268,1667928629075.8792
nauty:3b05095f80803806015394ce0c611e1a,Random-200-200-2-7,MOSP: Carvalho & Soma 2015,200,200,40.0,2.795,22.53322883832697,5215416865220.6455
nauty:f7e6410dcd7a9f591f34e5a4b643c7d8,Random-200-200-2-8,MOSP: Carvalho & Soma 2015,200,200,42.0,2.755,23.13079174025373,20646760924870.668
nauty:ae8b5b93a6b8cfd2f2057f69fed53c08,Random-200-200-2-9,MOSP: Carvalho & Soma 2015,200,200,38.0,2.795,21.53993763736382,529660792609.14825
nauty:0472a7c7ae75854140e51a0eb14f39f1,Random-200-200-4-1,MOSP: Carvalho & Soma 2015,200,200,83.0,4.055,22.478157659816617,4594284111411.234
nauty:7bdef14aa7852511a68c3bfb51f7882b,Random-200-200-4-10,MOSP: Carvalho & Soma 2015,200,200,89.0,4.27,22.08136069281171,1842556786944.1924
nauty:d9f7a1d3df33431f7ae6875fcde58c53,Random-200-200-4-2,MOSP: Carvalho & Soma 2015,200,200,88.0,4.19,22.720604259361103,8029055280872.621
nauty:41f86d4a8d03a4f56fe68a45ab17c257,Random-200-200-4-3,MOSP: Carvalho & Soma 2015,200,200,91.0,4.285,22.402001179085303,3855328313832.524
nauty:48321282d2a12b874433cb9544380e39,Random-200-200-4-8,MOSP: Carvalho & Soma 2015,200,200,83.0,4.005,22.389639442115623,3747137510014.442
nauty:550fe038c57a126457001ff598efb609,Random-200-200-4-9,MOSP: Carvalho & Soma 2015,200,200,86.0,4.13,22.351927633138043,3435483142605.2593
nauty:a173a24856bedda7bf8502d10f06866c,Random-200-200-6-1,MOSP: Carvalho & Soma 2015,200,200,121.0,5.79,18.854630602725805,1093177769.5268471
nauty:dc4137f8c694160a9c4d6e93895f8eca,Random-200-200-6-10,MOSP: Carvalho & Soma 2015,200,200,116.0,5.835,18.71604461303989,794519941.1610609
nauty:f93d8960c743258a5f358d20ee1da083,Random-200-200-4-4,MOSP: Carvalho & Soma 2015,200,200,83.0,4.18,21.82572718344207,1022792117127.7875
nauty:b15e61b0cdf52a680d7d47e8f7b8b3b9,Random-200-200-4-5,MOSP: Carvalho & Soma 2015,200,200,87.0,4.095,22.72564816735857,8122848553160.505
nauty:65cab79d86e42df398e18d354f45b17e,Random-200-200-4-6,MOSP: Carvalho & Soma 2015,200,200,88.0,4.17,21.76659285085194,892592101718.142
nauty:669d110df45de8057e6c1e11ae2389c3,Random-200-200-4-7,MOSP: Carvalho & Soma 2015,200,200,81.0,4.125,21.744506745790204,848334119686.0759
nauty:4e5b679ec4f16aa7378d4651e4c4a290,Random-200-200-6-2,MOSP: Carvalho & Soma 2015,200,200,129.0,6.345,17.4258236904425,40727136.78028687
nauty:75c364902434f45b6d36388a7fd2fa4e,Random-200-200-6-3,MOSP: Carvalho & Soma 2015,200,200,125.0,6.055,18.35784667559527,348262621.1247986
nauty:73160e84ab8ebcc4afe16555db2a1dc7,Random-200-200-6-4,MOSP: Carvalho & Soma 2015,200,200,128.0,6.04,18.208023590401588,246651510.32507867
nauty:e8371c8e33ebf1d7aed83e27e1a3f21c,Random-200-200-6-5,MOSP: Carvalho & Soma 2015,200,200,122.0,5.8,19.312228946419545,3135372429.768137
nauty:bef78a2aece59b36b24a214bb72a99d5,Random-200-200-6-6,MOSP: Carvalho & Soma 2015,200,200,129.0,6.255,18.2567698602319,275949777.9649453
nauty:5ee8ebe73ad2095d89f27c9803fb8cc3,Random-200-200-6-7,MOSP: Carvalho & Soma 2015,200,200,119.0,5.825,18.65298214346211,687135414.2215422
nauty:88db42aa92d192ca8f647f6ee74c0dfa,Random-200-200-6-8,MOSP: Carvalho & Soma 2015,200,200,121.0,5.765,19.400763288307218,3844354929.613647
nauty:0a86b93cf95462d1823c954a121a1ce5,Random-200-200-6-9,MOSP: Carvalho & Soma 2015,200,200,121.0,5.83,19.221899819919848,2546595742.354907
nauty:237c1c7299aa19a911707fcf50ce30fc,Random-200-200-8-1,MOSP: Carvalho & Soma 2015,200,200,146.0,7.84,14.44581191621829,42645.39142160175
nauty:eb78e823ed3b313dbcab2eaacacf23b6,Random-200-200-8-10,MOSP: Carvalho & Soma 2015,200,200,151.0,8.07,14.081620235352766,18436.582625928888
nauty:e1f772bb7db43aca5cb982b1442a5dac,Random-200-200-8-2,MOSP: Carvalho & Soma 2015,200,200,150.0,8.035,14.223609125578037,25566.384393784356
nauty:b14e6454ef7e89ec5ed72777394e68e1,Random-200-200-8-3,MOSP: Carvalho & Soma 2015,200,200,148.0,7.98,14.315827977303222,31614.634556381996
nauty:1bf7bc9cd73960e775e2592d0a6c54fb,Random-200-200-8-8,MOSP: Carvalho & Soma 2015,200,200,149.0,7.79,14.49998081749031,48310.44147523503
nauty:63fff33b342760c32d20476ba3abd2ea,Random-200-200-8-9,MOSP: Carvalho & Soma 2015,200,200,148.0,7.99,14.486593370215509,46843.955413830794
nauty:83c483eadfbd9cc84096069d28f26e6d,Random-200-200-8-4,MOSP: Carvalho & Soma 2015,200,200,145.0,7.705,14.532348617858808,52048.57054274186
nauty:b7998e89af058e9fe0b889843f6d9772,Random-200-200-8-5,MOSP: Carvalho & Soma 2015,200,200,152.0,8.29,13.565753454427323,5621.000748889611
nauty:0105b72f88e3af1847d9a20715135c06,Random-200-200-8-6,MOSP: Carvalho & Soma 2015,200,200,151.0,7.94,14.4748278841913,45591.94005177955
nauty:9f8d34379c6152a31ffe2170df07531e,Random-200-200-8-7,MOSP: Carvalho & Soma 2015,200,200,149.0,7.95,14.474393267298588,45546.33708747524
