instance_name,value,configuration,theorem2,better_move_code,definite_move,n_customers,n_patterns,provenance,lb_best,tw1,exp,secondary_evidence,certified_commit,certified_when,certified_commit_subject,ledger_when,ledger_nodes,recertify_nodes,sat_late_solved,repaired_refuted,graph_cert,source_file,solution_file
Random-40-40-6-2_0,30,"customer-search sweep, 2026-09-18: solve() defaults (definite, subset, memo), then re-refuted the same way",off,none,"published (Chu & Stuckey Theorem 1, false as stated)",40,40,certified:refutation,29,30,29,treewidth,350370f3b,2026-09-18T20:27:34+01:00,Close 111 of the 147 open instances with the customer search,2026-09-18T23:05:30,,,False,item04-mosp40@30;item05-diff40@30,99fb075dcd4bce0509c5e58f,benchmarks/instances/MOSP_Instances/Chu_Stuckey/Random-40-40-6-2.txt,solutions/Random-40-40-6-2_0.json
Random-40-40-6-4_0,29,"customer-search sweep, 2026-09-18: solve() defaults (definite, subset, memo), then re-refuted the same way",off,none,"published (Chu & Stuckey Theorem 1, false as stated)",40,40,certified:refutation,28,29,28,treewidth,350370f3b,2026-09-18T20:27:34+01:00,Close 111 of the 147 open instances with the customer search,2026-09-18T23:05:30,,,False,item04-mosp40@29;item05-diff40@29,1bb5ab65816df938c6094ea3,benchmarks/instances/MOSP_Instances/Chu_Stuckey/Random-40-40-6-4.txt,solutions/Random-40-40-6-4_0.json
Random-50-50-10-2_0,43,"customer-search sweep, 2026-09-18: solve() defaults (definite, subset, memo), then re-refuted the same way",off,none,"published (Chu & Stuckey Theorem 1, false as stated)",50,50,certified:refutation,42,43,42,treewidth,350370f3b,2026-09-18T20:27:34+01:00,Close 111 of the 147 open instances with the customer search,2026-09-18T23:05:30,,,False,item04-cs@43;item05-diff75@43,4bca5857e8c65ec82d43bfdd,benchmarks/instances/MOSP_Instances/Chu_Stuckey/Random-50-50-10-2.txt,solutions/Random-50-50-10-2_0.json
Random-50-50-10-4_0,45,"customer-search sweep, 2026-09-18: solve() defaults (definite, subset, memo), then re-refuted the same way",off,none,"published (Chu & Stuckey Theorem 1, false as stated)",50,50,certified:refutation,44,45,44,treewidth,350370f3b,2026-09-18T20:27:34+01:00,Close 111 of the 147 open instances with the customer search,2026-09-18T23:05:30,,,False,item04-cs@45;item05-diff75@45,35e110f8ff89d719e5c8c1c4,benchmarks/instances/MOSP_Instances/Chu_Stuckey/Random-50-50-10-4.txt,solutions/Random-50-50-10-4_0.json
Random-50-50-2-5_0,14,"customer-search sweep, 2026-09-18: solve() defaults (definite, subset, memo), then re-refuted the same way",off,none,"published (Chu & Stuckey Theorem 1, false as stated)",50,50,certified:refutation,10,10,8,,350370f3b,2026-09-18T20:27:34+01:00,Close 111 of the 147 open instances with the customer search,2026-09-18T23:05:30,,,False,item04-cs@14;item05-diff75@14,a51a18fdcaac195febd934a6,benchmarks/instances/MOSP_Instances/Chu_Stuckey/Random-50-50-2-5.txt,solutions/Random-50-50-2-5_0.json
Random-50-50-4-2_0,25,"customer-search sweep, 2026-09-18: solve() defaults (definite, subset, memo), then re-refuted the same way",off,none,"published (Chu & Stuckey Theorem 1, false as stated)",50,50,certified:refutation,20,16,17,,350370f3b,2026-09-18T20:27:34+01:00,Close 111 of the 147 open instances with the customer search,2026-09-18T23:05:30,,,False,item04-cs@25;item05-diff75@25,0a0f305e4794150f5001b538,benchmarks/instances/MOSP_Instances/Chu_Stuckey/Random-50-50-4-2.txt,solutions/Random-50-50-4-2_0.json
Random-50-50-4-3_0,24,"customer-search sweep, 2026-09-18: solve() defaults (definite, subset, memo), then re-refuted the same way",off,none,"published (Chu & Stuckey Theorem 1, false as stated)",50,50,certified:refutation,19,15,15,,350370f3b,2026-09-18T20:27:34+01:00,Close 111 of the 147 open instances with the customer search,2026-09-18T23:05:30,,,False,item04-cs@24;item05-diff75@24,2c6a8decc2bf540504569275,benchmarks/instances/MOSP_Instances/Chu_Stuckey/Random-50-50-4-3.txt,solutions/Random-50-50-4-3_0.json
Random-50-50-4-4_0,27,"customer-search sweep, 2026-09-18: solve() defaults (definite, subset, memo), then re-refuted the same way",off,none,"published (Chu & Stuckey Theorem 1, false as stated)",50,50,certified:refutation,25,20,22,,350370f3b,2026-09-18T20:27:34+01:00,Close 111 of the 147 open instances with the customer search,2026-09-18T23:05:30,,,False,item04-cs@27;item05-diff75@27,34b1deac8d521d4ec5adb386,benchmarks/instances/MOSP_Instances/Chu_Stuckey/Random-50-50-4-4.txt,solutions/Random-50-50-4-4_0.json
Random-50-50-4-5_0,22,"customer-search sweep, 2026-09-18: solve() defaults (definite, subset, memo), then re-refuted the same way",off,none,"published (Chu & Stuckey Theorem 1, false as stated)",50,50,certified:refutation,20,18,20,,350370f3b,2026-09-18T20:27:34+01:00,Close 111 of the 147 open instances with the customer search,2026-09-18T23:05:30,,,False,item04-cs@22;item05-diff75@22,4a4dbfad08253526a95ac9e8,benchmarks/instances/MOSP_Instances/Chu_Stuckey/Random-50-50-4-5.txt,solutions/Random-50-50-4-5_0.json
Random-50-50-6-1_0,36,"customer-search sweep, 2026-09-18: solve() defaults (definite, subset, memo), then re-refuted the same way",off,none,"published (Chu & Stuckey Theorem 1, false as stated)",50,50,certified:refutation,35,32,35,,350370f3b,2026-09-18T20:27:34+01:00,Close 111 of the 147 open instances with the customer search,2026-09-18T23:05:30,,,False,item04-cs@36;item05-diff75@36,30bf4ac8c63c0d5ba444aeb1,benchmarks/instances/MOSP_Instances/Chu_Stuckey/Random-50-50-6-1.txt,solutions/Random-50-50-6-1_0.json
Random-50-50-6-2_0,35,"customer-search sweep, 2026-09-18: solve() defaults (definite, subset, memo), then re-refuted the same way",off,none,"published (Chu & Stuckey Theorem 1, false as stated)",50,50,certified:refutation,34,29,33,,350370f3b,2026-09-18T20:27:34+01:00,Close 111 of the 147 open instances with the customer search,2026-09-18T23:05:30,,,False,item04-cs@35;item05-diff75@35,6c7525475f7a2188a65bdab9,benchmarks/instances/MOSP_Instances/Chu_Stuckey/Random-50-50-6-2.txt,solutions/Random-50-50-6-2_0.json
Random-50-50-6-3_0,33,"customer-search sweep, 2026-09-18: solve() defaults (definite, subset, memo), then re-refuted the same way",off,none,"published (Chu & Stuckey Theorem 1, false as stated)",50,50,certified:refutation,32,28,31,,350370f3b,2026-09-18T20:27:34+01:00,Close 111 of the 147 open instances with the customer search,2026-09-18T23:05:30,,,False,item04-cs@33;item05-diff75@33,a65afe40eaa05ff393190844,benchmarks/instances/MOSP_Instances/Chu_Stuckey/Random-50-50-6-3.txt,solutions/Random-50-50-6-3_0.json
Random-50-50-6-4_0,35,"customer-search sweep, 2026-09-18: solve() defaults (definite, subset, memo), then re-refuted the same way",off,none,"published (Chu & Stuckey Theorem 1, false as stated)",50,50,certified:refutation,34,32,34,,350370f3b,2026-09-18T20:27:34+01:00,Close 111 of the 147 open instances with the customer search,2026-09-18T23:05:30,,,False,item04-cs@35;item05-diff75@35,451bce86ba116af9f7051dc2,benchmarks/instances/MOSP_Instances/Chu_Stuckey/Random-50-50-6-4.txt,solutions/Random-50-50-6-4_0.json
Random-50-50-8-4_0,42,"customer-search sweep, 2026-09-18: solve() defaults (definite, subset, memo), then re-refuted the same way",off,none,"published (Chu & Stuckey Theorem 1, false as stated)",50,50,certified:refutation,41,42,41,treewidth,350370f3b,2026-09-18T20:27:34+01:00,Close 111 of the 147 open instances with the customer search,2026-09-18T23:05:30,,,False,item04-cs@42;item05-diff75@42,55c4094ad464b9759213e28c,benchmarks/instances/MOSP_Instances/Chu_Stuckey/Random-50-50-8-4.txt,solutions/Random-50-50-8-4_0.json
Random-50-100-10-3_0,48,"customer-search sweep, 2026-09-18: solve() defaults (definite, subset, memo), then re-refuted the same way",off,none,"published (Chu & Stuckey Theorem 1, false as stated)",50,100,certified:refutation,47,48,47,treewidth,350370f3b,2026-09-18T20:27:34+01:00,Close 111 of the 147 open instances with the customer search,2026-09-18T23:05:30,,,False,item04-cs@48;item05-diff75@48,d8e3a3aa5bc7af9375419c46,benchmarks/instances/MOSP_Instances/Chu_Stuckey/Random-50-100-10-3.txt,solutions/Random-50-100-10-3_0.json
Random-50-100-2-1_0,19,"customer-search sweep, 2026-09-18: solve() defaults (definite, subset, memo), then re-refuted the same way",off,none,"published (Chu & Stuckey Theorem 1, false as stated)",50,100,certified:refutation,14,11,13,,350370f3b,2026-09-18T20:27:34+01:00,Close 111 of the 147 open instances with the customer search,2026-09-18T23:05:30,,,False,item04-cs@19;item05-diff75@19,d1b424985582ced7db7dbf47,benchmarks/instances/MOSP_Instances/Chu_Stuckey/Random-50-100-2-1.txt,solutions/Random-50-100-2-1_0.json
Random-50-100-2-2_0,21,"customer-search sweep, 2026-09-18: solve() defaults (definite, subset, memo), then re-refuted the same way",off,none,"published (Chu & Stuckey Theorem 1, false as stated)",50,100,certified:refutation,16,11,15,,350370f3b,2026-09-18T20:27:34+01:00,Close 111 of the 147 open instances with the customer search,2026-09-18T23:05:30,,,False,item04-cs@21;item05-diff75@21,c02a41b380726ff7fdc65b37,benchmarks/instances/MOSP_Instances/Chu_Stuckey/Random-50-100-2-2.txt,solutions/Random-50-100-2-2_0.json
Random-50-100-2-3_0,22,"customer-search sweep, 2026-09-18: solve() defaults (definite, subset, memo), then re-refuted the same way",off,none,"published (Chu & Stuckey Theorem 1, false as stated)",50,100,certified:refutation,18,13,15,,350370f3b,2026-09-18T20:27:34+01:00,Close 111 of the 147 open instances with the customer search,2026-09-18T23:05:30,,,False,item04-cs@22;item05-diff75@22,f3a2aeaf18d22488ac801503,benchmarks/instances/MOSP_Instances/Chu_Stuckey/Random-50-100-2-3.txt,solutions/Random-50-100-2-3_0.json
Random-50-100-2-4_0,24,"customer-search sweep, 2026-09-18: solve() defaults (definite, subset, memo), then re-refuted the same way",off,none,"published (Chu & Stuckey Theorem 1, false as stated)",50,100,certified:refutation,19,13,16,,350370f3b,2026-09-18T20:27:34+01:00,Close 111 of the 147 open instances with the customer search,2026-09-18T23:05:30,,,False,item04-cs@24;item05-diff75@24,9340118831d75dbcd0082d4c,benchmarks/instances/MOSP_Instances/Chu_Stuckey/Random-50-100-2-4.txt,solutions/Random-50-100-2-4_0.json
Random-50-100-2-5_0,20,"customer-search sweep, 2026-09-18: solve() defaults (definite, subset, memo), then re-refuted the same way",off,none,"published (Chu & Stuckey Theorem 1, false as stated)",50,100,certified:refutation,15,11,13,,350370f3b,2026-09-18T20:27:34+01:00,Close 111 of the 147 open instances with the customer search,2026-09-18T23:05:30,,,False,item04-cs@20;item05-diff75@20,52894fb4504e9f5f3635b8a3,benchmarks/instances/MOSP_Instances/Chu_Stuckey/Random-50-100-2-5.txt,solutions/Random-50-100-2-5_0.json
Random-50-100-4-4_0,35,"customer-search sweep, 2026-09-18: solve() defaults (definite, subset, memo), then re-refuted the same way",off,none,"published (Chu & Stuckey Theorem 1, false as stated)",50,100,certified:refutation,34,30,34,,350370f3b,2026-09-18T20:27:34+01:00,Close 111 of the 147 open instances with the customer search,2026-09-18T23:05:30,,,False,item04-cs@35;item05-diff75@35,b633cc22fa7b02c9eb63d9d7,benchmarks/instances/MOSP_Instances/Chu_Stuckey/Random-50-100-4-4.txt,solutions/Random-50-100-4-4_0.json
Random-50-100-4-5_0,35,"customer-search sweep, 2026-09-18: solve() defaults (definite, subset, memo), then re-refuted the same way",off,none,"published (Chu & Stuckey Theorem 1, false as stated)",50,100,certified:refutation,34,29,33,,350370f3b,2026-09-18T20:27:34+01:00,Close 111 of the 147 open instances with the customer search,2026-09-18T23:05:30,,,False,item04-cs@35;item05-diff75@35,aa6b1be27b70ef0f2a93fbf9,benchmarks/instances/MOSP_Instances/Chu_Stuckey/Random-50-100-4-5.txt,solutions/Random-50-100-4-5_0.json
Random-50-100-6-2_0,44,"customer-search sweep, 2026-09-18: solve() defaults (definite, subset, memo), then re-refuted the same way",off,none,"published (Chu & Stuckey Theorem 1, false as stated)",50,100,certified:refutation,43,44,43,treewidth,350370f3b,2026-09-18T20:27:34+01:00,Close 111 of the 147 open instances with the customer search,2026-09-18T23:05:30,,,False,item04-cs@44;item05-diff75@44,370a826e4811fd9afce60e6d,benchmarks/instances/MOSP_Instances/Chu_Stuckey/Random-50-100-6-2.txt,solutions/Random-50-100-6-2_0.json
Random-50-100-8-2_0,47,"customer-search sweep, 2026-09-18: solve() defaults (definite, subset, memo), then re-refuted the same way",off,none,"published (Chu & Stuckey Theorem 1, false as stated)",50,100,certified:refutation,46,47,46,treewidth,350370f3b,2026-09-18T20:27:34+01:00,Close 111 of the 147 open instances with the customer search,2026-09-18T23:05:30,,,False,item04-cs@47;item05-diff75@47,c00084b2f08c108f62f10894,benchmarks/instances/MOSP_Instances/Chu_Stuckey/Random-50-100-8-2.txt,solutions/Random-50-100-8-2_0.json
Random-75-75-10-1_0,66,"customer-search sweep, 2026-09-18: solve() defaults (definite, subset, memo), then re-refuted the same way",off,none,"published (Chu & Stuckey Theorem 1, false as stated)",75,75,certified:refutation,65,47,65,,350370f3b,2026-09-18T20:27:34+01:00,Close 111 of the 147 open instances with the customer search,2026-09-18T23:05:30,,,False,item04-cs@66;item05-diff75@66,dc3c1cf0acbcb221d9f63c66,benchmarks/instances/MOSP_Instances/Chu_Stuckey/Random-75-75-10-1.txt,solutions/Random-75-75-10-1_0.json
Random-75-75-10-3_0,65,"customer-search sweep, 2026-09-18: solve() defaults (definite, subset, memo), then re-refuted the same way",off,none,"published (Chu & Stuckey Theorem 1, false as stated)",75,75,certified:refutation,64,45,64,,350370f3b,2026-09-18T20:27:34+01:00,Close 111 of the 147 open instances with the customer search,2026-09-18T23:05:30,,,False,item04-cs@65;item05-diff75@65,3949ca42131afe637b9404bb,benchmarks/instances/MOSP_Instances/Chu_Stuckey/Random-75-75-10-3.txt,solutions/Random-75-75-10-3_0.json
Random-75-75-2-1_0,16,"customer-search sweep, 2026-09-18: solve() defaults (definite, subset, memo), then re-refuted the same way",off,none,"published (Chu & Stuckey Theorem 1, false as stated)",75,75,certified:refutation,11,7,5,,350370f3b,2026-09-18T20:27:34+01:00,Close 111 of the 147 open instances with the customer search,2026-09-18T23:05:30,,,False,item04-cs@16;item05-diff75@16,e7cbba18afb4686c76a5521d,benchmarks/instances/MOSP_Instances/Chu_Stuckey/Random-75-75-2-1.txt,solutions/Random-75-75-2-1_0.json
Random-75-75-2-2_0,17,"customer-search sweep, 2026-09-18: solve() defaults (definite, subset, memo), then re-refuted the same way",off,none,"published (Chu & Stuckey Theorem 1, false as stated)",75,75,certified:refutation,12,6,6,,350370f3b,2026-09-18T20:27:34+01:00,Close 111 of the 147 open instances with the customer search,2026-09-18T23:05:30,,,False,item04-cs@17;item05-diff75@17,a49bf9d7223c86fa31866d13,benchmarks/instances/MOSP_Instances/Chu_Stuckey/Random-75-75-2-2.txt,solutions/Random-75-75-2-2_0.json
Random-75-75-2-3_0,17,"customer-search sweep, 2026-09-18: solve() defaults (definite, subset, memo), then re-refuted the same way",off,none,"published (Chu & Stuckey Theorem 1, false as stated)",75,75,certified:refutation,12,7,7,,350370f3b,2026-09-18T20:27:34+01:00,Close 111 of the 147 open instances with the customer search,2026-09-18T23:05:30,,,False,item04-cs@17;item05-diff75@17,a177819b75d33ec896dba363,benchmarks/instances/MOSP_Instances/Chu_Stuckey/Random-75-75-2-3.txt,solutions/Random-75-75-2-3_0.json
Random-75-75-2-4_0,13,"customer-search sweep, 2026-09-18: solve() defaults (definite, subset, memo), then re-refuted the same way",off,none,"published (Chu & Stuckey Theorem 1, false as stated)",75,75,certified:refutation,9,6,4,,350370f3b,2026-09-18T20:27:34+01:00,Close 111 of the 147 open instances with the customer search,2026-09-18T23:05:30,,,False,item04-cs@13;item05-diff75@13,88abc028fd03d68be13482eb,benchmarks/instances/MOSP_Instances/Chu_Stuckey/Random-75-75-2-4.txt,solutions/Random-75-75-2-4_0.json
Random-75-75-2-5_0,16,"customer-search sweep, 2026-09-18: solve() defaults (definite, subset, memo), then re-refuted the same way",off,none,"published (Chu & Stuckey Theorem 1, false as stated)",75,75,certified:refutation,11,6,6,,350370f3b,2026-09-18T20:27:34+01:00,Close 111 of the 147 open instances with the customer search,2026-09-18T23:05:30,,,False,item04-cs@16;item05-diff75@16,ffa5699a5ea3799707658ac1,benchmarks/instances/MOSP_Instances/Chu_Stuckey/Random-75-75-2-5.txt,solutions/Random-75-75-2-5_0.json
Random-75-75-4-1_0,35,"customer-search sweep, 2026-09-18: solve() defaults (definite, subset, memo), then re-refuted the same way",off,none,"published (Chu & Stuckey Theorem 1, false as stated)",75,75,certified:refutation,22,13,18,,350370f3b,2026-09-18T20:27:34+01:00,Close 111 of the 147 open instances with the customer search,2026-09-18T23:05:30,,,False,item04-cs@35;item05-diff75@35,164fe10455e8b0e8c1450d39,benchmarks/instances/MOSP_Instances/Chu_Stuckey/Random-75-75-4-1.txt,solutions/Random-75-75-4-1_0.json
Random-75-75-4-2_0,35,"customer-search sweep, 2026-09-18: solve() defaults (definite, subset, memo), then re-refuted the same way",off,none,"published (Chu & Stuckey Theorem 1, false as stated)",75,75,certified:refutation,26,13,22,,350370f3b,2026-09-18T20:27:34+01:00,Close 111 of the 147 open instances with the customer search,2026-09-18T23:05:30,,,False,item04-cs@35;item05-diff75@35,dfd03cd82bd2dab05a63a702,benchmarks/instances/MOSP_Instances/Chu_Stuckey/Random-75-75-4-2.txt,solutions/Random-75-75-4-2_0.json
Random-75-75-4-3_0,37,"customer-search sweep, 2026-09-18: solve() defaults (definite, subset, memo), then re-refuted the same way",off,none,"published (Chu & Stuckey Theorem 1, false as stated)",75,75,certified:refutation,21,13,15,,350370f3b,2026-09-18T20:27:34+01:00,Close 111 of the 147 open instances with the customer search,2026-09-18T23:05:30,,,False,item04-cs@37;item05-diff75@37,c6aba36f0831e5ae276e5656,benchmarks/instances/MOSP_Instances/Chu_Stuckey/Random-75-75-4-3.txt,solutions/Random-75-75-4-3_0.json
Random-75-75-4-4_0,32,"customer-search sweep, 2026-09-18: solve() defaults (definite, subset, memo), then re-refuted the same way",off,none,"published (Chu & Stuckey Theorem 1, false as stated)",75,75,certified:refutation,19,11,14,,350370f3b,2026-09-18T20:27:34+01:00,Close 111 of the 147 open instances with the customer search,2026-09-18T23:05:30,,,False,item04-cs@32;item05-diff75@32,ed09960965f0737c0149cf39,benchmarks/instances/MOSP_Instances/Chu_Stuckey/Random-75-75-4-4.txt,solutions/Random-75-75-4-4_0.json
Random-75-75-4-5_0,32,"customer-search sweep, 2026-09-18: solve() defaults (definite, subset, memo), then re-refuted the same way",off,none,"published (Chu & Stuckey Theorem 1, false as stated)",75,75,certified:refutation,19,11,15,,350370f3b,2026-09-18T20:27:34+01:00,Close 111 of the 147 open instances with the customer search,2026-09-18T23:05:30,,,False,item04-cs@32;item05-diff75@32,618e9c675cf8e81c7380e59f,benchmarks/instances/MOSP_Instances/Chu_Stuckey/Random-75-75-4-5.txt,solutions/Random-75-75-4-5_0.json
Random-75-75-6-1_0,49,"customer-search sweep, 2026-09-18: solve() defaults (definite, subset, memo), then re-refuted the same way",off,none,"published (Chu & Stuckey Theorem 1, false as stated)",75,75,certified:refutation,43,22,39,,350370f3b,2026-09-18T20:27:34+01:00,Close 111 of the 147 open instances with the customer search,2026-09-18T23:05:30,,,False,item04-cs@49;item05-diff75@49,6393405a6243831176fe502f,benchmarks/instances/MOSP_Instances/Chu_Stuckey/Random-75-75-6-1.txt,solutions/Random-75-75-6-1_0.json
Random-75-75-6-2_0,52,"customer-search sweep, 2026-09-18: solve() defaults (definite, subset, memo), then re-refuted the same way",off,none,"published (Chu & Stuckey Theorem 1, false as stated)",75,75,certified:refutation,49,22,45,,350370f3b,2026-09-18T20:27:34+01:00,Close 111 of the 147 open instances with the customer search,2026-09-18T23:05:30,,,False,item04-cs@52;item05-diff75@52,063e0b3071173efb08ae151c,benchmarks/instances/MOSP_Instances/Chu_Stuckey/Random-75-75-6-2.txt,solutions/Random-75-75-6-2_0.json
Random-75-75-6-3_0,51,"customer-search sweep, 2026-09-18: solve() defaults (definite, subset, memo), then re-refuted the same way",off,none,"published (Chu & Stuckey Theorem 1, false as stated)",75,75,certified:refutation,49,23,46,,350370f3b,2026-09-18T20:27:34+01:00,Close 111 of the 147 open instances with the customer search,2026-09-18T23:05:30,,,False,item04-cs@51;item05-diff75@51,5b0d338756d1754a09b7e18e,benchmarks/instances/MOSP_Instances/Chu_Stuckey/Random-75-75-6-3.txt,solutions/Random-75-75-6-3_0.json
Random-75-75-6-4_0,47,"customer-search sweep, 2026-09-18: solve() defaults (definite, subset, memo), then re-refuted the same way",off,none,"published (Chu & Stuckey Theorem 1, false as stated)",75,75,certified:refutation,42,21,38,,350370f3b,2026-09-18T20:27:34+01:00,Close 111 of the 147 open instances with the customer search,2026-09-18T23:05:30,,,False,item04-cs@47;item05-diff75@47,15514ef9be13bc5a6cc851cb,benchmarks/instances/MOSP_Instances/Chu_Stuckey/Random-75-75-6-4.txt,solutions/Random-75-75-6-4_0.json
Random-75-75-6-5_0,51,"customer-search sweep, 2026-09-18: solve() defaults (definite, subset, memo), then re-refuted the same way",off,none,"published (Chu & Stuckey Theorem 1, false as stated)",75,75,certified:refutation,47,23,41,,350370f3b,2026-09-18T20:27:34+01:00,Close 111 of the 147 open instances with the customer search,2026-09-18T23:05:30,,,False,item04-cs@51;item05-diff75@51,80972342ac5ed141821ba9e1,benchmarks/instances/MOSP_Instances/Chu_Stuckey/Random-75-75-6-5.txt,solutions/Random-75-75-6-5_0.json
Random-75-75-8-1_0,58,"customer-search sweep, 2026-09-18: solve() defaults (definite, subset, memo), then re-refuted the same way",off,none,"published (Chu & Stuckey Theorem 1, false as stated)",75,75,certified:refutation,57,33,56,,350370f3b,2026-09-18T20:27:34+01:00,Close 111 of the 147 open instances with the customer search,2026-09-18T23:05:30,,,False,item04-cs@58;item05-diff75@58,92646cb8f0917f33e8cbbba5,benchmarks/instances/MOSP_Instances/Chu_Stuckey/Random-75-75-8-1.txt,solutions/Random-75-75-8-1_0.json
Random-75-75-8-3_0,60,"customer-search sweep, 2026-09-18: solve() defaults (definite, subset, memo), then re-refuted the same way",off,none,"published (Chu & Stuckey Theorem 1, false as stated)",75,75,certified:refutation,59,34,59,,350370f3b,2026-09-18T20:27:34+01:00,Close 111 of the 147 open instances with the customer search,2026-09-18T23:05:30,,,False,item04-cs@60;item05-diff75@60,6a21e1155528fbcedd98c5ab,benchmarks/instances/MOSP_Instances/Chu_Stuckey/Random-75-75-8-3.txt,solutions/Random-75-75-8-3_0.json
Random-75-75-8-5_0,59,"customer-search sweep, 2026-09-18: solve() defaults (definite, subset, memo), then re-refuted the same way",off,none,"published (Chu & Stuckey Theorem 1, false as stated)",75,75,certified:refutation,58,32,56,,350370f3b,2026-09-18T20:27:34+01:00,Close 111 of the 147 open instances with the customer search,2026-09-18T23:05:30,,,False,item04-cs@59;item05-diff75@59,2b8145574a0d7a4a65045a12,benchmarks/instances/MOSP_Instances/Chu_Stuckey/Random-75-75-8-5.txt,solutions/Random-75-75-8-5_0.json
SP3,34,"customer-search sweep, 2026-09-18: solve() defaults (definite, subset, memo), then re-refuted the same way",off,none,"published (Chu & Stuckey Theorem 1, false as stated)",75,75,certified:refutation,25,11,22,,350370f3b,2026-09-18T20:27:34+01:00,Close 111 of the 147 open instances with the customer search,2026-09-18T23:05:30,,,False,item05-diff75@34,91f92192b48fd93646671dd2,benchmarks/instances/ChallengeInstances2005/Wilson/sp4.txt,solutions/SP3.json
SP3_0,34,"customer-search sweep, 2026-09-18: solve() defaults (definite, subset, memo), then re-refuted the same way",off,none,"published (Chu & Stuckey Theorem 1, false as stated)",75,75,certified:refutation,25,11,22,,350370f3b,2026-09-18T20:27:34+01:00,Close 111 of the 147 open instances with the customer search,2026-09-18T23:05:30,,,False,item05-diff75@34,91f92192b48fd93646671dd2,benchmarks/instances/MOSP_Instances/Challenge/SP3.txt,solutions/SP3_0.json
Random-100-50-10-1_0,68,"customer-search sweep, 2026-09-18: solve() defaults (definite, subset, memo), then re-refuted the same way",off,none,"published (Chu & Stuckey Theorem 1, false as stated)",100,50,certified:refutation,56,29,50,,350370f3b,2026-09-18T20:27:34+01:00,Close 111 of the 147 open instances with the customer search,2026-09-18T23:05:30,,,False,item04-cs@68,c173307dfbe5353c88f64b8d,benchmarks/instances/MOSP_Instances/Chu_Stuckey/Random-100-50-10-1.txt,solutions/Random-100-50-10-1_0.json
Random-100-50-10-2_0,68,"customer-search sweep, 2026-09-18: solve() defaults (definite, subset, memo), then re-refuted the same way",off,none,"published (Chu & Stuckey Theorem 1, false as stated)",100,50,certified:refutation,58,31,53,,350370f3b,2026-09-18T20:27:34+01:00,Close 111 of the 147 open instances with the customer search,2026-09-18T23:05:30,,,False,item04-cs@68,300b02c2ece7390c843a902c,benchmarks/instances/MOSP_Instances/Chu_Stuckey/Random-100-50-10-2.txt,solutions/Random-100-50-10-2_0.json
Random-100-50-10-3_0,68,"customer-search sweep, 2026-09-18: solve() defaults (definite, subset, memo), then re-refuted the same way",off,none,"published (Chu & Stuckey Theorem 1, false as stated)",100,50,certified:refutation,59,30,55,,350370f3b,2026-09-18T20:27:34+01:00,Close 111 of the 147 open instances with the customer search,2026-09-18T23:05:30,,,False,item04-cs@68,73f9a001f7ed4fa2b843b9fc,benchmarks/instances/MOSP_Instances/Chu_Stuckey/Random-100-50-10-3.txt,solutions/Random-100-50-10-3_0.json
Random-100-50-10-4_0,65,"customer-search sweep, 2026-09-18: solve() defaults (definite, subset, memo), then re-refuted the same way",off,none,"published (Chu & Stuckey Theorem 1, false as stated)",100,50,certified:refutation,55,30,48,,350370f3b,2026-09-18T20:27:34+01:00,Close 111 of the 147 open instances with the customer search,2026-09-18T23:05:30,,,False,item04-cs@65,e3ea86df4381327dce68f319,benchmarks/instances/MOSP_Instances/Chu_Stuckey/Random-100-50-10-4.txt,solutions/Random-100-50-10-4_0.json
Random-100-50-10-5_0,67,"customer-search sweep, 2026-09-18: solve() defaults (definite, subset, memo), then re-refuted the same way",off,none,"published (Chu & Stuckey Theorem 1, false as stated)",100,50,certified:refutation,51,25,48,,350370f3b,2026-09-18T20:27:34+01:00,Close 111 of the 147 open instances with the customer search,2026-09-18T23:05:30,,,False,item04-cs@67,49ba093896d82d7fed684072,benchmarks/instances/MOSP_Instances/Chu_Stuckey/Random-100-50-10-5.txt,solutions/Random-100-50-10-5_0.json
Random-100-50-4-1_0,26,"benchmarks.csearch, 2026-09-18: solve() defaults",off,none,"published (Chu & Stuckey Theorem 1, false as stated)",100,50,certified:refutation,16,8,10,,84b57a900,2026-09-19T01:46:24+01:00,"Regenerate the corpus figures, and make them regenerable",2026-09-18T23:05:30,,,False,item04-cs@26,4069b92cfcc21a0f214737e6,benchmarks/instances/MOSP_Instances/Chu_Stuckey/Random-100-50-4-1.txt,solutions/Random-100-50-4-1_0.json
Random-100-50-4-2_0,29,"benchmarks.csearch, 2026-09-18: solve() defaults",off,none,"published (Chu & Stuckey Theorem 1, false as stated)",100,50,certified:refutation,17,10,8,,84b57a900,2026-09-19T01:46:24+01:00,"Regenerate the corpus figures, and make them regenerable",2026-09-18T23:05:30,,,False,item04-cs@29,a36c1c7246c99406bdfc0d43,benchmarks/instances/MOSP_Instances/Chu_Stuckey/Random-100-50-4-2.txt,solutions/Random-100-50-4-2_0.json
Random-100-50-4-3_0,29,"benchmarks.csearch, 2026-09-18: solve() defaults",off,none,"published (Chu & Stuckey Theorem 1, false as stated)",100,50,certified:refutation,17,10,11,,84b57a900,2026-09-19T01:46:24+01:00,"Regenerate the corpus figures, and make them regenerable",2026-09-18T23:05:30,,,False,item04-cs@29,e70c9f84d11f404d2cda48a0,benchmarks/instances/MOSP_Instances/Chu_Stuckey/Random-100-50-4-3.txt,solutions/Random-100-50-4-3_0.json
Random-100-50-4-4_0,24,"benchmarks.csearch, 2026-09-18: solve() defaults",off,none,"published (Chu & Stuckey Theorem 1, false as stated)",100,50,certified:refutation,15,10,6,,84b57a900,2026-09-19T01:46:24+01:00,"Regenerate the corpus figures, and make them regenerable",2026-09-18T23:05:30,,,False,item04-cs@24,b99d47a8de63db907803ee6e,benchmarks/instances/MOSP_Instances/Chu_Stuckey/Random-100-50-4-4.txt,solutions/Random-100-50-4-4_0.json
Random-100-50-4-5_0,24,"customer-search sweep, 2026-09-18: solve() defaults (definite, subset, memo), then re-refuted the same way",off,none,"published (Chu & Stuckey Theorem 1, false as stated)",100,50,certified:refutation,15,9,8,,350370f3b,2026-09-18T20:27:34+01:00,Close 111 of the 147 open instances with the customer search,2026-09-18T23:05:30,,,False,item04-cs@24,ff6d7d92f46801aab69f5ea9,benchmarks/instances/MOSP_Instances/Chu_Stuckey/Random-100-50-4-5.txt,solutions/Random-100-50-4-5_0.json
Random-100-50-6-1_0,44,"customer-search sweep, 2026-09-18: solve() defaults (definite, subset, memo), then re-refuted the same way",off,none,"published (Chu & Stuckey Theorem 1, false as stated)",100,50,certified:refutation,26,14,22,,350370f3b,2026-09-18T20:27:34+01:00,Close 111 of the 147 open instances with the customer search,2026-09-18T23:05:30,,,False,item04-cs@44,6bdb1788724f4923feb5c813,benchmarks/instances/MOSP_Instances/Chu_Stuckey/Random-100-50-6-1.txt,solutions/Random-100-50-6-1_0.json
Random-100-50-6-2_0,43,"benchmarks.csearch, 2026-09-18: solve() defaults",off,none,"published (Chu & Stuckey Theorem 1, false as stated)",100,50,certified:refutation,24,13,20,,84b57a900,2026-09-19T01:46:24+01:00,"Regenerate the corpus figures, and make them regenerable",2026-09-18T23:05:30,,,False,item04-cs@43,4f632abeddd7d089c6d4fc7e,benchmarks/instances/MOSP_Instances/Chu_Stuckey/Random-100-50-6-2.txt,solutions/Random-100-50-6-2_0.json
Random-100-50-6-3_0,46,"customer-search sweep, 2026-09-18: solve() defaults (definite, subset, memo), then re-refuted the same way",off,none,"published (Chu & Stuckey Theorem 1, false as stated)",100,50,certified:refutation,27,15,21,,350370f3b,2026-09-18T20:27:34+01:00,Close 111 of the 147 open instances with the customer search,2026-09-18T23:05:30,,,False,item04-cs@46,ac31d6bfaacc24ed993765e2,benchmarks/instances/MOSP_Instances/Chu_Stuckey/Random-100-50-6-3.txt,solutions/Random-100-50-6-3_0.json
Random-100-50-6-4_0,48,"customer-search sweep, 2026-09-18: solve() defaults (definite, subset, memo), then re-refuted the same way",off,none,"published (Chu & Stuckey Theorem 1, false as stated)",100,50,certified:refutation,31,16,25,,350370f3b,2026-09-18T20:27:34+01:00,Close 111 of the 147 open instances with the customer search,2026-09-18T23:05:30,,,False,item04-cs@48,726308c3a2e46f18a809f0fe,benchmarks/instances/MOSP_Instances/Chu_Stuckey/Random-100-50-6-4.txt,solutions/Random-100-50-6-4_0.json
Random-100-50-6-5_0,39,"benchmarks.csearch, 2026-09-18: solve() defaults",off,none,"published (Chu & Stuckey Theorem 1, false as stated)",100,50,certified:refutation,22,11,15,,84b57a900,2026-09-19T01:46:24+01:00,"Regenerate the corpus figures, and make them regenerable",2026-09-18T23:05:30,,,False,item04-cs@39,0e50159504cca25aedd8b89a,benchmarks/instances/MOSP_Instances/Chu_Stuckey/Random-100-50-6-5.txt,solutions/Random-100-50-6-5_0.json
Random-100-50-8-1_0,55,"customer-search sweep, 2026-09-18: solve() defaults (definite, subset, memo), then re-refuted the same way",off,none,"published (Chu & Stuckey Theorem 1, false as stated)",100,50,certified:refutation,32,20,24,,350370f3b,2026-09-18T20:27:34+01:00,Close 111 of the 147 open instances with the customer search,2026-09-18T23:05:30,,,False,item04-cs@55,a5d984d2610f5256c1afab4f,benchmarks/instances/MOSP_Instances/Chu_Stuckey/Random-100-50-8-1.txt,solutions/Random-100-50-8-1_0.json
Random-100-50-8-2_0,55,"customer-search sweep, 2026-09-18: solve() defaults (definite, subset, memo), then re-refuted the same way",off,none,"published (Chu & Stuckey Theorem 1, false as stated)",100,50,certified:refutation,43,23,36,,350370f3b,2026-09-18T20:27:34+01:00,Close 111 of the 147 open instances with the customer search,2026-09-18T23:05:30,,,False,item04-cs@55,9661e685bc35a1702827f68c,benchmarks/instances/MOSP_Instances/Chu_Stuckey/Random-100-50-8-2.txt,solutions/Random-100-50-8-2_0.json
Random-100-50-8-3_0,56,"customer-search sweep, 2026-09-18: solve() defaults (definite, subset, memo), then re-refuted the same way",off,none,"published (Chu & Stuckey Theorem 1, false as stated)",100,50,certified:refutation,41,22,35,,350370f3b,2026-09-18T20:27:34+01:00,Close 111 of the 147 open instances with the customer search,2026-09-18T23:05:30,,,False,item04-cs@56,33d452766931367d77c58809,benchmarks/instances/MOSP_Instances/Chu_Stuckey/Random-100-50-8-3.txt,solutions/Random-100-50-8-3_0.json
Random-100-50-8-4_0,60,"customer-search sweep, 2026-09-18: solve() defaults (definite, subset, memo), then re-refuted the same way",off,none,"published (Chu & Stuckey Theorem 1, false as stated)",100,50,certified:refutation,47,22,41,,350370f3b,2026-09-18T20:27:34+01:00,Close 111 of the 147 open instances with the customer search,2026-09-18T23:05:30,,,False,item04-cs@60,56a508787a0790629a33d492,benchmarks/instances/MOSP_Instances/Chu_Stuckey/Random-100-50-8-4.txt,solutions/Random-100-50-8-4_0.json
Random-100-50-8-5_0,55,"customer-search sweep, 2026-09-18: solve() defaults (definite, subset, memo), then re-refuted the same way",off,none,"published (Chu & Stuckey Theorem 1, false as stated)",100,50,certified:refutation,40,17,35,,350370f3b,2026-09-18T20:27:34+01:00,Close 111 of the 147 open instances with the customer search,2026-09-18T23:05:30,,,False,item04-cs@55,0df29822e0b882225f4ffa45,benchmarks/instances/MOSP_Instances/Chu_Stuckey/Random-100-50-8-5.txt,solutions/Random-100-50-8-5_0.json
Random-100-100-10-1_0,87,"customer-search sweep, 2026-09-18: solve() defaults (definite, subset, memo), then re-refuted the same way",off,none,"published (Chu & Stuckey Theorem 1, false as stated)",100,100,certified:refutation,86,51,86,,350370f3b,2026-09-18T20:27:34+01:00,Close 111 of the 147 open instances with the customer search,2026-09-18T23:05:30,,,False,item04-cs@87,fb56088de243da355fa8ca4f,benchmarks/instances/MOSP_Instances/Chu_Stuckey/Random-100-100-10-1.txt,solutions/Random-100-100-10-1_0.json
Random-100-100-10-2_0,85,"customer-search sweep, 2026-09-18: solve() defaults (definite, subset, memo), then re-refuted the same way",off,none,"published (Chu & Stuckey Theorem 1, false as stated)",100,100,certified:refutation,84,50,83,,350370f3b,2026-09-18T20:27:34+01:00,Close 111 of the 147 open instances with the customer search,2026-09-18T23:05:30,,,False,item04-cs@85,c76486b9f2930f10f897dbca,benchmarks/instances/MOSP_Instances/Chu_Stuckey/Random-100-100-10-2.txt,solutions/Random-100-100-10-2_0.json
Random-100-100-10-3_0,83,"customer-search sweep, 2026-09-18: solve() defaults (definite, subset, memo), then re-refuted the same way",off,none,"published (Chu & Stuckey Theorem 1, false as stated)",100,100,certified:refutation,82,46,81,,350370f3b,2026-09-18T20:27:34+01:00,Close 111 of the 147 open instances with the customer search,2026-09-18T23:05:30,,,False,item04-cs@83,c24291ea4b4820ff7ddf7db2,benchmarks/instances/MOSP_Instances/Chu_Stuckey/Random-100-100-10-3.txt,solutions/Random-100-100-10-3_0.json
Random-100-100-10-5_0,84,"customer-search sweep, 2026-09-18: solve() defaults (definite, subset, memo), then re-refuted the same way",off,none,"published (Chu & Stuckey Theorem 1, false as stated)",100,100,certified:refutation,83,48,82,,350370f3b,2026-09-18T20:27:34+01:00,Close 111 of the 147 open instances with the customer search,2026-09-18T23:05:30,,,False,item04-cs@84,912df9223232c58f16fb91c3,benchmarks/instances/MOSP_Instances/Chu_Stuckey/Random-100-100-10-5.txt,solutions/Random-100-100-10-5_0.json
Random-100-100-2-1_0,24,"recertify: decide(value - 1, better_move=True, dominators=all, memo)",on,first fix (pre-0eb33915),"published (Chu & Stuckey Theorem 1, false as stated)",100,100,certified:refutation,15,9,6,,faa179773,2026-09-24T00:09:07+01:00,Add benchmarks.recertify: unattended re-proving of withdrawn optimality claims,2026-09-22T10:37:36,,,False,,1a51a08b9645966835503a70,benchmarks/instances/MOSP_Instances/Chu_Stuckey/Random-100-100-2-1.txt,solutions/Random-100-100-2-1_0.json
Random-100-100-2-2_0,20,"re-refutation after the first better_move fix, 2026-09-23",on,first fix (pre-0eb33915),"published (Chu & Stuckey Theorem 1, false as stated)",100,100,certified:refutation,12,10,5,,52575e56a,2026-09-23T00:20:47+01:00,"Correct the corpus: one optimum was wrong, 13 optimality claims withdrawn",2026-09-18T23:05:30,,,False,,bece690d703a885b7d1e0b3f,benchmarks/instances/MOSP_Instances/Chu_Stuckey/Random-100-100-2-2.txt,solutions/Random-100-100-2-2_0.json
Random-100-100-2-3_0,23,"recertify: decide(value - 1, better_move=True, dominators=all, memo)",on,first fix (pre-0eb33915),"published (Chu & Stuckey Theorem 1, false as stated)",100,100,certified:refutation,13,7,5,,faa179773,2026-09-24T00:09:07+01:00,Add benchmarks.recertify: unattended re-proving of withdrawn optimality claims,2026-09-22T10:37:36,,,False,,a04d6043607977bf227cfe58,benchmarks/instances/MOSP_Instances/Chu_Stuckey/Random-100-100-2-3.txt,solutions/Random-100-100-2-3_0.json
Random-100-100-2-4_0,15,"benchmarks.csearch, 2026-09-18: solve() defaults",off,none,"published (Chu & Stuckey Theorem 1, false as stated)",100,100,certified:refutation,10,6,3,,84b57a900,2026-09-19T01:46:24+01:00,"Regenerate the corpus figures, and make them regenerable",2026-09-18T23:05:30,,,False,,ff00dd243d90c32facc88e8d,benchmarks/instances/MOSP_Instances/Chu_Stuckey/Random-100-100-2-4.txt,solutions/Random-100-100-2-4_0.json
Random-100-100-2-5_0,19,"recertify: decide(value - 1, better_move=True, dominators=all, memo)",on,first fix (pre-0eb33915),"published (Chu & Stuckey Theorem 1, false as stated)",100,100,certified:refutation,12,10,4,,faa179773,2026-09-24T00:09:07+01:00,Add benchmarks.recertify: unattended re-proving of withdrawn optimality claims,2026-09-22T10:37:36,,,False,,794b1b07dde4b30ddb4ff826,benchmarks/instances/MOSP_Instances/Chu_Stuckey/Random-100-100-2-5.txt,solutions/Random-100-100-2-5_0.json
Random-100-100-4-1_0,46,"benchmarks.csearch, 2026-09-21: solve() defaults + Theorem 2",on,"original (bugs A, B); one of the 55 re-refuted with the first fix on 2026-09-23","published (Chu & Stuckey Theorem 1, false as stated)",100,100,certified:refutation,28,12,23,,33e314ea5,2026-09-21T15:59:59+01:00,Close SP4 and 17 more with Chu & Stuckey's own configuration,2026-09-22T10:37:36,,,False,item04-cs@46,6e78d1617ffd3b7c5e9bda03,benchmarks/instances/MOSP_Instances/Chu_Stuckey/Random-100-100-4-1.txt,solutions/Random-100-100-4-1_0.json
Random-100-100-4-2_0,50,"benchmarks.csearch, 2026-09-21: solve() defaults + Theorem 2",on,"original (bugs A, B); one of the 55 re-refuted with the first fix on 2026-09-23","published (Chu & Stuckey Theorem 1, false as stated)",100,100,certified:refutation,30,14,23,,33e314ea5,2026-09-21T15:59:59+01:00,Close SP4 and 17 more with Chu & Stuckey's own configuration,2026-09-22T10:37:36,,,False,item04-cs@50,671ada7e20977000bfadb862,benchmarks/instances/MOSP_Instances/Chu_Stuckey/Random-100-100-4-2.txt,solutions/Random-100-100-4-2_0.json
Random-100-100-4-3_0,43,"benchmarks.csearch, 2026-09-21: solve() defaults + Theorem 2",on,"original (bugs A, B); one of the 55 re-refuted with the first fix on 2026-09-23","published (Chu & Stuckey Theorem 1, false as stated)",100,100,certified:refutation,23,12,13,,33e314ea5,2026-09-21T15:59:59+01:00,Close SP4 and 17 more with Chu & Stuckey's own configuration,2026-09-22T10:37:36,,,False,,169ed42f84c8c83bd82746d3,benchmarks/instances/MOSP_Instances/Chu_Stuckey/Random-100-100-4-3.txt,solutions/Random-100-100-4-3_0.json
Random-100-100-4-4_0,44,"benchmarks.csearch, 2026-09-21: solve() defaults + Theorem 2",on,"original (bugs A, B); one of the 55 re-refuted with the first fix on 2026-09-23","published (Chu & Stuckey Theorem 1, false as stated)",100,100,certified:refutation,24,12,17,,33e314ea5,2026-09-21T15:59:59+01:00,Close SP4 and 17 more with Chu & Stuckey's own configuration,2026-09-22T10:37:36,,,False,item04-cs@44,c3386b5c4831d05512865149,benchmarks/instances/MOSP_Instances/Chu_Stuckey/Random-100-100-4-4.txt,solutions/Random-100-100-4-4_0.json
Random-100-100-4-5_0,42,"benchmarks.csearch, 2026-09-21: solve() defaults + Theorem 2",on,"original (bugs A, B); one of the 55 re-refuted with the first fix on 2026-09-23","published (Chu & Stuckey Theorem 1, false as stated)",100,100,certified:refutation,24,12,17,,33e314ea5,2026-09-21T15:59:59+01:00,Close SP4 and 17 more with Chu & Stuckey's own configuration,2026-09-22T10:37:36,,,False,,48128d2ea9395b1c698ffeb5,benchmarks/instances/MOSP_Instances/Chu_Stuckey/Random-100-100-4-5.txt,solutions/Random-100-100-4-5_0.json
Random-100-100-6-1_0,68,"customer-search sweep, 2026-09-18: solve() defaults (definite, subset, memo), then re-refuted the same way",off,none,"published (Chu & Stuckey Theorem 1, false as stated)",100,100,certified:refutation,59,23,53,,350370f3b,2026-09-18T20:27:34+01:00,Close 111 of the 147 open instances with the customer search,2026-09-18T23:05:30,,,False,item04-cs@68,23c75ed8c934befecc6c5d02,benchmarks/instances/MOSP_Instances/Chu_Stuckey/Random-100-100-6-1.txt,solutions/Random-100-100-6-1_0.json
Random-100-100-6-2_0,66,"customer-search sweep, 2026-09-18: solve() defaults (definite, subset, memo), then re-refuted the same way",off,none,"published (Chu & Stuckey Theorem 1, false as stated)",100,100,certified:refutation,54,24,45,,350370f3b,2026-09-18T20:27:34+01:00,Close 111 of the 147 open instances with the customer search,2026-09-18T23:05:30,,,False,item04-cs@66,f392f4d9c11bfccbbfe31148,benchmarks/instances/MOSP_Instances/Chu_Stuckey/Random-100-100-6-2.txt,solutions/Random-100-100-6-2_0.json
Random-100-100-6-3_0,61,"benchmarks.csearch, 2026-09-18: solve() defaults",off,none,"published (Chu & Stuckey Theorem 1, false as stated)",100,100,certified:refutation,46,20,40,,0bc1a12d5,2026-09-19T01:37:51+01:00,"Implement Theorem 2, and switch it on where it pays: sparse instances",2026-09-18T23:05:30,,,False,item04-cs@61,6352928e113e981e5a104f24,benchmarks/instances/MOSP_Instances/Chu_Stuckey/Random-100-100-6-3.txt,solutions/Random-100-100-6-3_0.json
Random-100-100-6-4_0,65,"customer-search sweep, 2026-09-18: solve() defaults (definite, subset, memo), then re-refuted the same way",off,none,"published (Chu & Stuckey Theorem 1, false as stated)",100,100,certified:refutation,45,23,40,,350370f3b,2026-09-18T20:27:34+01:00,Close 111 of the 147 open instances with the customer search,2026-09-18T23:05:30,,,False,item04-cs@65,0d7a63f681557f65b3caa0eb,benchmarks/instances/MOSP_Instances/Chu_Stuckey/Random-100-100-6-4.txt,solutions/Random-100-100-6-4_0.json
Random-100-100-6-5_0,63,"customer-search sweep, 2026-09-18: solve() defaults (definite, subset, memo), then re-refuted the same way",off,none,"published (Chu & Stuckey Theorem 1, false as stated)",100,100,certified:refutation,49,23,41,,350370f3b,2026-09-18T20:27:34+01:00,Close 111 of the 147 open instances with the customer search,2026-09-18T23:05:30,,,False,item04-cs@63,b5c34a53e55686a4e52a51c4,benchmarks/instances/MOSP_Instances/Chu_Stuckey/Random-100-100-6-5.txt,solutions/Random-100-100-6-5_0.json
Random-100-100-8-1_0,79,"customer-search sweep, 2026-09-18: solve() defaults (definite, subset, memo), then re-refuted the same way",off,none,"published (Chu & Stuckey Theorem 1, false as stated)",100,100,certified:refutation,78,37,73,,350370f3b,2026-09-18T20:27:34+01:00,Close 111 of the 147 open instances with the customer search,2026-09-18T23:05:30,,,False,item04-cs@79,a8e5f6faf56588e46768b8bd,benchmarks/instances/MOSP_Instances/Chu_Stuckey/Random-100-100-8-1.txt,solutions/Random-100-100-8-1_0.json
Random-100-100-8-2_0,76,"customer-search sweep, 2026-09-18: solve() defaults (definite, subset, memo), then re-refuted the same way",off,none,"published (Chu & Stuckey Theorem 1, false as stated)",100,100,certified:refutation,73,36,69,,350370f3b,2026-09-18T20:27:34+01:00,Close 111 of the 147 open instances with the customer search,2026-09-18T23:05:30,,,False,item04-cs@76,fe2cfcb0ebed8506f6c55e6a,benchmarks/instances/MOSP_Instances/Chu_Stuckey/Random-100-100-8-2.txt,solutions/Random-100-100-8-2_0.json
Random-100-100-8-3_0,76,"customer-search sweep, 2026-09-18: solve() defaults (definite, subset, memo), then re-refuted the same way",off,none,"published (Chu & Stuckey Theorem 1, false as stated)",100,100,certified:refutation,70,34,64,,350370f3b,2026-09-18T20:27:34+01:00,Close 111 of the 147 open instances with the customer search,2026-09-18T23:05:30,,,False,item04-cs@76,dd56db6ff9fa7f1ba2be7a5e,benchmarks/instances/MOSP_Instances/Chu_Stuckey/Random-100-100-8-3.txt,solutions/Random-100-100-8-3_0.json
Random-100-100-8-4_0,77,"customer-search sweep, 2026-09-18: solve() defaults (definite, subset, memo), then re-refuted the same way",off,none,"published (Chu & Stuckey Theorem 1, false as stated)",100,100,certified:refutation,74,34,68,,350370f3b,2026-09-18T20:27:34+01:00,Close 111 of the 147 open instances with the customer search,2026-09-18T23:05:30,,,False,item04-cs@77,1404042cf68eb73fad321e0e,benchmarks/instances/MOSP_Instances/Chu_Stuckey/Random-100-100-8-4.txt,solutions/Random-100-100-8-4_0.json
Random-100-100-8-5_0,75,"customer-search sweep, 2026-09-18: solve() defaults (definite, subset, memo), then re-refuted the same way",off,none,"published (Chu & Stuckey Theorem 1, false as stated)",100,100,certified:refutation,71,35,67,,350370f3b,2026-09-18T20:27:34+01:00,Close 111 of the 147 open instances with the customer search,2026-09-18T23:05:30,,,False,item04-cs@75,8ad28f4787ad1396639ebe8a,benchmarks/instances/MOSP_Instances/Chu_Stuckey/Random-100-100-8-5.txt,solutions/Random-100-100-8-5_0.json
SP4,53,"benchmarks.csearch, 2026-09-21: solve() defaults + Theorem 2",on,"original (bugs A, B); one of the 55 re-refuted with the first fix on 2026-09-23","published (Chu & Stuckey Theorem 1, false as stated)",100,100,certified:refutation,37,16,30,,33e314ea5,2026-09-21T15:59:59+01:00,Close SP4 and 17 more with Chu & Stuckey's own configuration,2026-09-22T10:37:36,,,False,,1da96a9869e4e8e655dd4133,benchmarks/instances/ChallengeInstances2005/Wilson/sp4.txt,solutions/SP4.json
SP4_0,53,"benchmarks.csearch, 2026-09-21: solve() defaults + Theorem 2",on,"original (bugs A, B); one of the 55 re-refuted with the first fix on 2026-09-23","published (Chu & Stuckey Theorem 1, false as stated)",100,100,certified:refutation,37,16,30,,33e314ea5,2026-09-21T15:59:59+01:00,Close SP4 and 17 more with Chu & Stuckey's own configuration,2026-09-22T10:37:36,,,False,,1da96a9869e4e8e655dd4133,benchmarks/instances/MOSP_Instances/Challenge/SP4.txt,solutions/SP4_0.json
Random-125-125-10-1_0,105,"customer-search sweep, 2026-09-18: solve() defaults (definite, subset, memo), then re-refuted the same way",off,none,"published (Chu & Stuckey Theorem 1, false as stated)",125,125,certified:refutation,104,53,98,,350370f3b,2026-09-18T20:27:34+01:00,Close 111 of the 147 open instances with the customer search,,,,False,item04-cs125@105,dab2b5a22d4c7593e4fb6078,benchmarks/instances/MOSP_Instances/Chu_Stuckey/Random-125-125-10-1.txt,solutions/Random-125-125-10-1_0.json
Random-125-125-10-2_0,104,"customer-search sweep, 2026-09-18: solve() defaults (definite, subset, memo), then re-refuted the same way",off,none,"published (Chu & Stuckey Theorem 1, false as stated)",125,125,certified:refutation,101,51,95,,350370f3b,2026-09-18T20:27:34+01:00,Close 111 of the 147 open instances with the customer search,2026-09-18T23:05:30,,,False,item04-cs125@104,afc0923ad0f709fcb36f13c5,benchmarks/instances/MOSP_Instances/Chu_Stuckey/Random-125-125-10-2.txt,solutions/Random-125-125-10-2_0.json
Random-125-125-10-3_0,103,"customer-search sweep, 2026-09-18: solve() defaults (definite, subset, memo), then re-refuted the same way",off,none,"published (Chu & Stuckey Theorem 1, false as stated)",125,125,certified:refutation,101,52,96,,350370f3b,2026-09-18T20:27:34+01:00,Close 111 of the 147 open instances with the customer search,2026-09-18T23:05:30,,,False,item04-cs125@103,716d4e2b47924114499a0c6f,benchmarks/instances/MOSP_Instances/Chu_Stuckey/Random-125-125-10-3.txt,solutions/Random-125-125-10-3_0.json
Random-125-125-10-4_0,105,"customer-search sweep, 2026-09-18: solve() defaults (definite, subset, memo), then re-refuted the same way",off,none,"published (Chu & Stuckey Theorem 1, false as stated)",125,125,certified:refutation,104,54,98,,350370f3b,2026-09-18T20:27:34+01:00,Close 111 of the 147 open instances with the customer search,2026-09-18T23:05:30,,,False,item04-cs125@105,232ad9ef8aa72a3d780a94cb,benchmarks/instances/MOSP_Instances/Chu_Stuckey/Random-125-125-10-4.txt,solutions/Random-125-125-10-4_0.json
Random-125-125-10-5_0,99,"customer-search sweep, 2026-09-18: solve() defaults (definite, subset, memo), then re-refuted the same way",off,none,"published (Chu & Stuckey Theorem 1, false as stated)",125,125,certified:refutation,97,46,87,,350370f3b,2026-09-18T20:27:34+01:00,Close 111 of the 147 open instances with the customer search,2026-09-18T23:05:30,,,False,item04-cs125@99,4fb551c397b389d3aed8e7a3,benchmarks/instances/MOSP_Instances/Chu_Stuckey/Random-125-125-10-5.txt,solutions/Random-125-125-10-5_0.json
Random-125-125-2-1_0,24,"recertify: decide(value - 1, better_move=True, dominators=all, memo)",on,first fix (pre-0eb33915),"published (Chu & Stuckey Theorem 1, false as stated)",125,125,certified:refutation,13,8,5,,d8a1c31d1,2026-09-25T01:10:21+01:00,"Re-certify Random-125-125-2-1_0: 162 billion nodes, 25 hours",2026-09-22T10:37:36,,162268751357,False,,2145e83b7c4a50663b16f5ba,benchmarks/instances/MOSP_Instances/Chu_Stuckey/Random-125-125-2-1.txt,solutions/Random-125-125-2-1_0.json
Random-125-125-2-4_0,24,"recertify: decide(value - 1, better_move=True, dominators=all, memo)",on,first fix (pre-0eb33915),"published (Chu & Stuckey Theorem 1, false as stated)",125,125,certified:refutation,15,8,5,,276359a69,2026-09-25T04:25:56+01:00,"Re-certify Random-125-125-2-4_0: 167.8 billion nodes, 28.3 hours",2026-09-22T10:37:36,,167770785378,False,,2f7393456ced534bee9e8b9d,benchmarks/instances/MOSP_Instances/Chu_Stuckey/Random-125-125-2-4.txt,solutions/Random-125-125-2-4_0.json
Random-125-125-2-5_0,20,"recertify: decide(value - 1, better_move=True, dominators=all, memo)",on,first fix (pre-0eb33915),"published (Chu & Stuckey Theorem 1, false as stated)",125,125,certified:refutation,12,6,5,,244464c35,2026-09-27T16:29:24+01:00,"Recertify Random-125-125-2-5_0 at 20: 458.4 billion nodes, under the pre-2026-09-26 better_move rule",2026-09-22T10:37:36,,458395747812,False,,58bc67c10bda7bad199a9f08,benchmarks/instances/MOSP_Instances/Chu_Stuckey/Random-125-125-2-5.txt,solutions/Random-125-125-2-5_0.json
Random-125-125-4-1_0,57,"recertify: decide(value - 1, better_move=True, dominators=all, memo)",on,first fix (pre-0eb33915),"published (Chu & Stuckey Theorem 1, false as stated)",125,125,certified:refutation,27,12,20,,faa179773,2026-09-24T00:09:07+01:00,Add benchmarks.recertify: unattended re-proving of withdrawn optimality claims,2026-09-22T10:37:36,,,False,,dd86e33468ca16f30e5d6f25,benchmarks/instances/MOSP_Instances/Chu_Stuckey/Random-125-125-4-1.txt,solutions/Random-125-125-4-1_0.json
Random-125-125-4-2_0,57,"recertify: decide(value - 1, better_move=True, dominators=all, memo)",on,first fix (pre-0eb33915),"published (Chu & Stuckey Theorem 1, false as stated)",125,125,certified:refutation,27,12,20,,25ae694ab,2026-09-24T22:59:16+01:00,Re-certify Random-125-125-4-2_0 and 4-5_0 after the better_move fix,2026-09-22T10:37:36,,60830884980,False,,1a82c9cf29bcb27ffa69882c,benchmarks/instances/MOSP_Instances/Chu_Stuckey/Random-125-125-4-2.txt,solutions/Random-125-125-4-2_0.json
Random-125-125-4-3_0,54,"recertify: decide(value - 1, better_move=True, dominators=all, memo)",on,first fix (pre-0eb33915),"published (Chu & Stuckey Theorem 1, false as stated)",125,125,certified:refutation,27,12,19,,faa179773,2026-09-24T00:09:07+01:00,Add benchmarks.recertify: unattended re-proving of withdrawn optimality claims,2026-09-22T10:37:36,,,False,,88306e3b322995dc6a0b6a12,benchmarks/instances/MOSP_Instances/Chu_Stuckey/Random-125-125-4-3.txt,solutions/Random-125-125-4-3_0.json
Random-125-125-4-4_0,51,"recertify: decide(value - 1, better_move=True, dominators=all, memo)",on,first fix (pre-0eb33915),"published (Chu & Stuckey Theorem 1, false as stated)",125,125,certified:refutation,24,11,11,,ed92baa46,2026-09-26T06:35:07+01:00,Ralph loop0002 iteration 1: 01 · §3 phase 3 Campaign infrastructure and pilot. `learning/ensemble.,2026-09-22T10:37:36,,259718252374,False,,5d93d83cef01913569eec183,benchmarks/instances/MOSP_Instances/Chu_Stuckey/Random-125-125-4-4.txt,solutions/Random-125-125-4-4_0.json
Random-125-125-4-5_0,46,"recertify: decide(value - 1, better_move=True, dominators=all, memo)",on,first fix (pre-0eb33915),"published (Chu & Stuckey Theorem 1, false as stated)",125,125,certified:refutation,23,10,14,,25ae694ab,2026-09-24T22:59:16+01:00,Re-certify Random-125-125-4-2_0 and 4-5_0 after the better_move fix,2026-09-22T10:37:36,,48904669193,False,,6a8e1ddf091abb6dadf734bb,benchmarks/instances/MOSP_Instances/Chu_Stuckey/Random-125-125-4-5.txt,solutions/Random-125-125-4-5_0.json
Random-125-125-6-1_0,81,"benchmarks.csearch, 2026-09-21: solve() defaults",off,none,"published (Chu & Stuckey Theorem 1, false as stated)",125,125,certified:refutation,63,23,50,,33e314ea5,2026-09-21T15:59:59+01:00,Close SP4 and 17 more with Chu & Stuckey's own configuration,2026-09-22T10:37:36,,,False,item04-cs125@81,460a26beefe44cd37cd345bc,benchmarks/instances/MOSP_Instances/Chu_Stuckey/Random-125-125-6-1.txt,solutions/Random-125-125-6-1_0.json
Random-125-125-6-2_0,77,"benchmarks.csearch, 2026-09-21: solve() defaults",off,none,"published (Chu & Stuckey Theorem 1, false as stated)",125,125,certified:refutation,51,23,39,,33e314ea5,2026-09-21T15:59:59+01:00,Close SP4 and 17 more with Chu & Stuckey's own configuration,2026-09-22T10:37:36,,,False,,251c3a5a33d5baf98ad809eb,benchmarks/instances/MOSP_Instances/Chu_Stuckey/Random-125-125-6-2.txt,solutions/Random-125-125-6-2_0.json
Random-125-125-6-3_0,80,"benchmarks.csearch, 2026-09-21: solve() defaults",off,none,"published (Chu & Stuckey Theorem 1, false as stated)",125,125,certified:refutation,58,24,48,,33e314ea5,2026-09-21T15:59:59+01:00,Close SP4 and 17 more with Chu & Stuckey's own configuration,2026-09-22T10:37:36,,,False,,3da0c6263fc54f8f310c2150,benchmarks/instances/MOSP_Instances/Chu_Stuckey/Random-125-125-6-3.txt,solutions/Random-125-125-6-3_0.json
Random-125-125-6-4_0,80,"benchmarks.csearch, 2026-09-21: solve() defaults",off,none,"published (Chu & Stuckey Theorem 1, false as stated)",125,125,certified:refutation,60,22,47,,33e314ea5,2026-09-21T15:59:59+01:00,Close SP4 and 17 more with Chu & Stuckey's own configuration,2026-09-22T10:37:36,,,False,,1352027612916fd3e74724ed,benchmarks/instances/MOSP_Instances/Chu_Stuckey/Random-125-125-6-4.txt,solutions/Random-125-125-6-4_0.json
Random-125-125-6-5_0,74,"benchmarks.csearch, 2026-09-21: solve() defaults",off,none,"published (Chu & Stuckey Theorem 1, false as stated)",125,125,certified:refutation,49,21,36,,33e314ea5,2026-09-21T15:59:59+01:00,Close SP4 and 17 more with Chu & Stuckey's own configuration,2026-09-22T10:37:36,,,False,,cc587f5d88f3efbbe93f6dbe,benchmarks/instances/MOSP_Instances/Chu_Stuckey/Random-125-125-6-5.txt,solutions/Random-125-125-6-5_0.json
Random-125-125-8-1_0,95,"customer-search sweep, 2026-09-18: solve() defaults (definite, subset, memo), then re-refuted the same way",off,none,"published (Chu & Stuckey Theorem 1, false as stated)",125,125,certified:refutation,88,38,78,,350370f3b,2026-09-18T20:27:34+01:00,Close 111 of the 147 open instances with the customer search,2026-09-18T23:05:30,,,False,item04-cs125@95,f0a46f0cdc1230fac530d901,benchmarks/instances/MOSP_Instances/Chu_Stuckey/Random-125-125-8-1.txt,solutions/Random-125-125-8-1_0.json
Random-125-125-8-2_0,93,"customer-search sweep, 2026-09-18: solve() defaults (definite, subset, memo), then re-refuted the same way",off,none,"published (Chu & Stuckey Theorem 1, false as stated)",125,125,certified:refutation,84,37,73,,350370f3b,2026-09-18T20:27:34+01:00,Close 111 of the 147 open instances with the customer search,2026-09-18T23:05:30,,,False,item04-cs125@93,6cf1c092b193f6ce86e3c6eb,benchmarks/instances/MOSP_Instances/Chu_Stuckey/Random-125-125-8-2.txt,solutions/Random-125-125-8-2_0.json
Random-125-125-8-3_0,95,"benchmarks.csearch, 2026-09-21: solve() defaults",off,none,"published (Chu & Stuckey Theorem 1, false as stated)",125,125,certified:refutation,84,38,69,,33e314ea5,2026-09-21T15:59:59+01:00,Close SP4 and 17 more with Chu & Stuckey's own configuration,2026-09-22T10:37:36,,,False,item04-cs125@95,11311f66c010b47a8fb796fa,benchmarks/instances/MOSP_Instances/Chu_Stuckey/Random-125-125-8-3.txt,solutions/Random-125-125-8-3_0.json
Random-125-125-8-4_0,94,"customer-search sweep, 2026-09-18: solve() defaults (definite, subset, memo), then re-refuted the same way",off,none,"published (Chu & Stuckey Theorem 1, false as stated)",125,125,certified:refutation,88,38,75,,350370f3b,2026-09-18T20:27:34+01:00,Close 111 of the 147 open instances with the customer search,2026-09-18T23:05:30,,,False,item04-cs125@94,5afd63b25970ca4359abf9a7,benchmarks/instances/MOSP_Instances/Chu_Stuckey/Random-125-125-8-4.txt,solutions/Random-125-125-8-4_0.json
Random-125-125-8-5_0,91,"benchmarks.csearch, 2026-09-21: solve() defaults",off,none,"published (Chu & Stuckey Theorem 1, false as stated)",125,125,certified:refutation,80,30,66,,33e314ea5,2026-09-21T15:59:59+01:00,Close SP4 and 17 more with Chu & Stuckey's own configuration,2026-09-22T10:37:36,,,False,item04-cs125@91,905c498958c1e85d39025db0,benchmarks/instances/MOSP_Instances/Chu_Stuckey/Random-125-125-8-5.txt,solutions/Random-125-125-8-5_0.json
