instance_name,value,n_customers,n_patterns,theorem2,price_nodes,price_source,repaired_status,repaired_nodes,repaired_seconds,audit_status,audit_nodes_run,audit_seconds,audit_nodes_fail,cert_status,cert_branches,check_ok,repaired_nodes_checked,cert_fail_nodes,verdict
Random-40-40-6-2_0,30,40,40,off,220.0,item04,unsat,220,0.001,unsat,220,0.001,0,unsat,222,True,223.0,0.0,re-checked
Random-40-40-6-4_0,29,40,40,off,415.0,item04,unsat,415,0.001,unsat,415,0.002,0,unsat,421,True,422.0,0.0,re-checked
Random-50-50-10-2_0,43,50,50,off,47.0,item04,unsat,47,0.001,unsat,47,0.001,0,unsat,47,True,48.0,0.0,re-checked
Random-50-50-10-4_0,45,50,50,off,25.0,item04,unsat,25,0.001,unsat,25,0.001,0,unsat,25,True,26.0,0.0,re-checked
Random-50-50-2-5_0,14,50,50,off,32076.0,item04,unsat,32076,0.056,unsat,42171,0.057,15,unsat,111511,True,111512.0,20.0,re-checked
Random-50-50-4-2_0,25,50,50,off,29081.0,item04,unsat,29081,0.058,unsat,32859,0.053,0,unsat,63277,True,63278.0,1.0,re-checked
Random-50-50-4-3_0,24,50,50,off,7388.0,item04,unsat,7388,0.014,unsat,8035,0.017,11,unsat,11213,True,11214.0,15.0,re-checked
Random-50-50-4-4_0,27,50,50,off,6829.0,item04,unsat,6829,0.031,unsat,7169,0.014,0,unsat,8490,True,8491.0,0.0,re-checked
Random-50-50-4-5_0,22,50,50,off,1719.0,item04,unsat,1719,0.005,unsat,1824,0.004,0,unsat,2213,True,2214.0,0.0,re-checked
Random-50-50-6-1_0,36,50,50,off,1173.0,item04,unsat,1173,0.004,unsat,1173,0.003,0,unsat,1278,True,1279.0,0.0,re-checked
Random-50-50-6-2_0,35,50,50,off,1375.0,item04,unsat,1375,0.004,unsat,1375,0.004,0,unsat,1424,True,1425.0,0.0,re-checked
Random-50-50-6-3_0,33,50,50,off,953.0,item04,unsat,953,0.003,unsat,953,0.003,0,unsat,1027,True,1028.0,0.0,re-checked
Random-50-50-6-4_0,35,50,50,off,547.0,item04,unsat,547,0.002,unsat,547,0.002,0,unsat,596,True,597.0,0.0,re-checked
Random-50-50-8-4_0,42,50,50,off,88.0,item04,unsat,88,0.001,unsat,88,0.001,0,unsat,88,True,89.0,0.0,re-checked
Random-50-100-10-3_0,48,50,100,off,2.0,item04,unsat,2,0.001,unsat,2,0.001,0,unsat,2,True,3.0,0.0,re-checked
Random-50-100-2-1_0,19,50,100,off,55325.0,item04,unsat,55325,0.085,unsat,55285,0.072,13,unsat,92394,True,92395.0,15.0,re-checked
Random-50-100-2-2_0,21,50,100,off,61509.0,item04,unsat,61509,0.092,unsat,61509,0.077,8,unsat,118021,True,118022.0,10.0,re-checked
Random-50-100-2-3_0,22,50,100,off,71514.0,item04,unsat,71514,0.106,unsat,71507,0.094,56,unsat,120377,True,120378.0,57.0,re-checked
Random-50-100-2-4_0,24,50,100,off,76080.0,item04,unsat,76080,0.099,unsat,76080,0.089,1,unsat,102750,True,102751.0,2.0,re-checked
Random-50-100-2-5_0,20,50,100,off,179511.0,item04,unsat,179511,0.155,unsat,179446,0.167,76,unsat,241413,True,241414.0,77.0,re-checked
Random-50-100-4-4_0,35,50,100,off,1284.0,item04,unsat,1284,0.004,unsat,1284,0.003,0,unsat,1359,True,1360.0,0.0,re-checked
Random-50-100-4-5_0,35,50,100,off,1638.0,item04,unsat,1638,0.005,unsat,1638,0.004,0,unsat,1649,True,1650.0,0.0,re-checked
Random-50-100-6-2_0,44,50,100,off,91.0,item04,unsat,91,0.001,unsat,91,0.001,0,unsat,91,True,92.0,0.0,re-checked
Random-50-100-8-2_0,47,50,100,off,16.0,item04,unsat,16,0.001,unsat,16,0.001,0,unsat,16,True,17.0,0.0,re-checked
Random-75-75-10-1_0,66,75,75,off,534.0,item04,unsat,534,0.002,unsat,534,0.002,0,unsat,539,True,540.0,0.0,re-checked
Random-75-75-10-3_0,65,75,75,off,443.0,item04,unsat,443,0.002,unsat,443,0.002,0,unsat,444,True,445.0,0.0,re-checked
Random-75-75-2-1_0,16,75,75,off,348979.0,item04,unsat,348979,0.362,unsat,399127,0.352,443,unknown,2000001,,,,re-checked
Random-75-75-2-2_0,17,75,75,off,2413576.0,item04,unsat,2413576,1.888,unsat,2632509,1.865,1118,unknown,2000001,,,,re-checked
Random-75-75-2-3_0,17,75,75,off,870426.0,item04,unsat,870426,0.787,unsat,1035836,0.842,1266,unknown,2000001,,,,re-checked
Random-75-75-2-4_0,13,75,75,off,3151616.0,item04,unsat,3151616,2.453,unsat,3677591,2.449,3117,unknown,2000001,,,,re-checked
Random-75-75-2-5_0,16,75,75,off,3551424.0,item04,unsat,3551424,2.663,unsat,4324490,3.142,6129,unknown,2000001,,,,re-checked
Random-75-75-4-1_0,35,75,75,off,503374.0,item04,unsat,503374,0.51,unsat,542668,0.487,250,unsat,1139376,True,1139377.0,372.0,re-checked
Random-75-75-4-2_0,35,75,75,off,308516.0,item04,unsat,308516,0.355,unsat,334065,0.319,72,unsat,607373,True,607374.0,110.0,re-checked
Random-75-75-4-3_0,37,75,75,off,2905686.0,item04,unsat,2905686,2.752,unsat,3065791,2.594,1122,unknown,2000001,,,,re-checked
Random-75-75-4-4_0,32,75,75,off,1910664.0,item04,unsat,1910664,1.507,unsat,2056611,1.714,1093,unknown,2000001,,,,re-checked
Random-75-75-4-5_0,32,75,75,off,1289347.0,item04,unsat,1289347,1.17,unsat,1434077,1.1,5331,unknown,2000001,,,,re-checked
Random-75-75-6-1_0,49,75,75,off,126935.0,item04,unsat,126935,0.161,unsat,126934,0.143,9,unsat,169534,True,169535.0,11.0,re-checked
Random-75-75-6-2_0,52,75,75,off,37122.0,item04,unsat,37122,0.076,unsat,37121,0.069,6,unsat,42781,True,42782.0,6.0,re-checked
Random-75-75-6-3_0,51,75,75,off,37039.0,item04,unsat,37039,0.11,unsat,37039,0.056,0,unsat,38193,True,38194.0,0.0,re-checked
Random-75-75-6-4_0,47,75,75,off,92992.0,item04,unsat,92992,0.122,unsat,92991,0.112,18,unsat,104759,True,104760.0,20.0,re-checked
Random-75-75-6-5_0,51,75,75,off,88537.0,item04,unsat,88537,0.133,unsat,88532,0.121,31,unsat,97177,True,97178.0,34.0,re-checked
Random-75-75-8-1_0,58,75,75,off,2670.0,item04,unsat,2670,0.007,unsat,2670,0.007,0,unsat,2736,True,2737.0,0.0,re-checked
Random-75-75-8-3_0,60,75,75,off,3050.0,item04,unsat,3050,0.007,unsat,3050,0.007,0,unsat,3067,True,3068.0,0.0,re-checked
Random-75-75-8-5_0,59,75,75,off,5904.0,item04,unsat,5904,0.015,unsat,5904,0.013,0,unsat,6161,True,6162.0,0.0,re-checked
SP3,34,75,75,off,123200000.0,ledger-seconds,unsat,1398869,1.102,unsat,1471695,1.217,1201,unknown,2000001,,,,re-checked
SP3_0,34,75,75,off,162800000.0,ledger-seconds,unsat,1398869,1.12,unsat,1471695,1.221,1201,unknown,2000001,,,,re-checked
Random-100-50-10-1_0,68,100,50,off,338981.0,item04,unsat,338981,0.377,unsat,338958,0.384,94,unsat,508505,True,508506.0,166.0,re-checked
Random-100-50-10-2_0,68,100,50,off,164713.0,item04,unsat,164713,0.205,unsat,164586,0.188,228,unsat,265387,True,265388.0,364.0,re-checked
Random-100-50-10-3_0,68,100,50,off,223169.0,item04,unsat,223169,0.248,unsat,223115,0.242,117,unsat,330451,True,330452.0,192.0,re-checked
Random-100-50-10-4_0,65,100,50,off,110685.0,item04,unsat,110685,0.177,unsat,110681,0.158,12,unsat,156361,True,156362.0,25.0,re-checked
Random-100-50-10-5_0,67,100,50,off,362751.0,item04,unsat,362751,0.525,unsat,372447,0.427,115,unsat,618036,True,618037.0,242.0,re-checked
Random-100-50-4-1_0,26,100,50,off,30636502.0,item04,unsat,30636502,25.145,unsat,45265762,31.698,19521,unknown,2000001,,,,re-checked
Random-100-50-4-2_0,29,100,50,off,39380970.0,item04,unsat,39380970,21.052,unsat,66377376,46.627,10480,unknown,2000001,,,,re-checked
Random-100-50-4-3_0,29,100,50,off,119355702.0,item04,unsat,119355702,94.608,unsat,161241680,88.631,25854,unknown,2000001,,,,re-checked
Random-100-50-4-4_0,24,100,50,off,244306650.0,item04,unsat,244306650,162.609,unsat,343183223,150.469,52400,unknown,2000001,,,,re-checked
Random-100-50-4-5_0,24,100,50,off,3466168.0,item04,unsat,3466168,2.926,unsat,3703630,2.683,3717,unknown,2000001,,,,re-checked
Random-100-50-6-1_0,44,100,50,off,2982321.0,item04,unsat,2982321,3.042,unsat,3209241,3.24,4564,unknown,2000001,,,,re-checked
Random-100-50-6-2_0,43,100,50,off,39000004.0,item04,unsat,39000004,25.9,unsat,46776231,27.649,30641,unknown,2000001,,,,re-checked
Random-100-50-6-3_0,46,100,50,off,4361401.0,item04,unsat,4361401,4.563,unsat,4544155,3.819,1968,unknown,2000001,,,,re-checked
Random-100-50-6-4_0,48,100,50,off,2393070.0,item04,unsat,2393070,2.321,unsat,2541504,2.36,1261,unknown,2000001,,,,re-checked
Random-100-50-6-5_0,39,100,50,off,23061664.0,item04,unsat,23061664,19.698,unsat,28690496,21.159,24520,unknown,2000001,,,,re-checked
Random-100-50-8-1_0,55,100,50,off,1340462.0,item04,unsat,1340462,1.573,unsat,1429824,1.391,2473,unknown,2000001,,,,re-checked
Random-100-50-8-2_0,55,100,50,off,613289.0,item04,unsat,613289,0.747,unsat,644258,0.623,385,unsat,1203665,True,1203666.0,1100.0,re-checked
Random-100-50-8-3_0,56,100,50,off,1967666.0,item04,unsat,1967666,2.047,unsat,2051598,2.102,1640,unknown,2000001,,,,re-checked
Random-100-50-8-4_0,60,100,50,off,1518997.0,item04,unsat,1518997,1.54,unsat,1596922,1.537,1570,unknown,2000001,,,,re-checked
Random-100-50-8-5_0,55,100,50,off,2454987.0,item04,unsat,2454987,3.046,unsat,2545963,2.601,2525,unknown,2000001,,,,re-checked
Random-100-100-10-1_0,87,100,100,off,7013.0,item04,unsat,7013,0.018,unsat,7013,0.016,0,unsat,7030,True,7031.0,0.0,re-checked
Random-100-100-10-2_0,85,100,100,off,7452.0,item04,unsat,7452,0.02,unsat,7452,0.016,0,unsat,7528,True,7529.0,0.0,re-checked
Random-100-100-10-3_0,83,100,100,off,22881.0,item04,unsat,22881,0.046,unsat,22881,0.047,0,unsat,23161,True,23162.0,0.0,re-checked
Random-100-100-10-5_0,84,100,100,off,6979.0,item04,unsat,6979,0.014,unsat,6979,0.017,0,unsat,7041,True,7042.0,0.0,re-checked
Random-100-100-2-1_0,24,100,100,on,1444920114.2132962,cost-model,unsat,15364879955,8647.05,unknown,2114121728,1200.008,296649,unknown,2000001,,,,re-checked
Random-100-100-2-2_0,20,100,100,on,990000000.0,ledger-seconds,unsat,857633617,544.559,unsat,857390223,526.256,17407,unknown,2000001,,,,re-checked
Random-100-100-2-3_0,23,100,100,on,1649880241.0972643,cost-model,unsat,21409927591,10489.158,unknown,2463043584,1200.008,606252,unknown,2000001,,,,re-checked
Random-100-100-2-4_0,15,100,100,off,1436123136.0,item04-censored,unsat,3578415731,1359.668,unknown,4410667008,1200.008,178751,unknown,2000001,,,,re-checked
Random-100-100-2-5_0,19,100,100,on,1150431232.0,item04-censored,unsat,12429560110,6593.701,unknown,2237050880,1200.008,742809,unknown,2000001,,,,re-checked
Random-100-100-4-1_0,46,100,100,on,195426927.0,item04,unsat,195426927,138.948,unsat,195268196,151.532,158892,unknown,2000001,,,,re-checked
Random-100-100-4-2_0,50,100,100,on,177309806.0,item04,unsat,177309806,129.463,unsat,177449828,182.525,45664,unknown,2000001,,,,re-checked
Random-100-100-4-3_0,43,100,100,on,990000000.0,ledger-seconds,unsat,1221375206,849.051,unsat,1221428648,895.103,481971,unknown,2000001,,,,re-checked
Random-100-100-4-4_0,44,100,100,on,427274058.0,item04,unsat,427274058,293.737,unsat,427802188,370.074,151766,unknown,2000001,,,,re-checked
Random-100-100-4-5_0,42,100,100,on,990000000.0,ledger-seconds,unsat,917412915,645.981,unsat,918718597,678.284,614925,unknown,2000001,,,,re-checked
Random-100-100-6-1_0,68,100,100,off,3116649.0,item04,unsat,3116649,2.452,unsat,3116401,3.17,735,unknown,2000001,,,,re-checked
Random-100-100-6-2_0,66,100,100,off,3086336.0,item04,unsat,3086336,2.473,unsat,3086250,3.17,366,unknown,2000001,,,,re-checked
Random-100-100-6-3_0,61,100,100,off,5301972.0,item04,unsat,5301972,4.349,unsat,5301779,4.917,944,unknown,2000001,,,,re-checked
Random-100-100-6-4_0,65,100,100,off,4166995.0,item04,unsat,4166995,3.664,unsat,4164624,3.857,3542,unknown,2000001,,,,re-checked
Random-100-100-6-5_0,63,100,100,off,3547950.0,item04,unsat,3547950,2.76,unsat,3547169,2.988,2483,unknown,2000001,,,,re-checked
Random-100-100-8-1_0,79,100,100,off,44237.0,item04,unsat,44237,0.101,unsat,44237,0.077,0,unsat,44495,True,44496.0,0.0,re-checked
Random-100-100-8-2_0,76,100,100,off,93656.0,item04,unsat,93656,0.149,unsat,93656,0.141,9,unsat,95999,True,96000.0,10.0,re-checked
Random-100-100-8-3_0,76,100,100,off,262475.0,item04,unsat,262475,0.327,unsat,262474,0.307,12,unsat,287534,True,287535.0,20.0,re-checked
Random-100-100-8-4_0,77,100,100,off,150242.0,item04,unsat,150242,0.191,unsat,150242,0.198,0,unsat,156110,True,156111.0,0.0,re-checked
Random-100-100-8-5_0,75,100,100,off,165587.0,item04,unsat,165587,0.202,unsat,165587,0.213,2,unsat,172457,True,172458.0,2.0,re-checked
SP4,53,100,100,on,990000000.0,ledger-seconds,unsat,49601080,37.127,unsat,49658117,38.579,21408,unknown,2000001,,,,re-checked
SP4_0,53,100,100,on,990000000.0,ledger-seconds,unsat,49601080,53.45,unsat,49658117,54.261,21408,unknown,2000001,,,,re-checked
Random-125-125-10-1_0,105,125,125,off,71324.0,item04,unsat,71324,0.149,unsat,71324,0.125,0,unsat,71753,True,71754.0,0.0,re-checked
Random-125-125-10-2_0,104,125,125,off,164086.0,item04,unsat,164086,0.244,unsat,164085,0.216,2,unsat,165973,True,165974.0,2.0,re-checked
Random-125-125-10-3_0,103,125,125,off,86581.0,item04,unsat,86581,0.135,unsat,86581,0.105,0,unsat,87411,True,87412.0,0.0,re-checked
Random-125-125-10-4_0,105,125,125,off,65635.0,item04,unsat,65635,0.135,unsat,65635,0.111,0,unsat,65929,True,65930.0,0.0,re-checked
Random-125-125-10-5_0,99,125,125,off,241173.0,item04,unsat,241173,0.272,unsat,241173,0.322,0,unsat,242953,True,242954.0,0.0,re-checked
Random-125-125-2-1_0,24,125,125,on,301429489532.4782,cost-model,unknown,68768235520,36259.316,unknown,2137681920,1200.009,283163,unknown,2000001,,,,censored
Random-125-125-2-4_0,24,125,125,on,188247601473.78436,cost-model,unknown,62811291648,36315.327,unknown,1961295872,1200.01,105528,unknown,2000001,,,,censored
Random-125-125-2-5_0,20,125,125,on,458395747812.0,recertify,unknown,67785359360,36223.312,unknown,2170408960,1200.009,348325,unknown,2000001,,,,censored
Random-125-125-4-1_0,57,125,125,on,29091810000.0,ledger-seconds,unknown,51239546880,36328.824,unknown,1535123456,1200.009,1040550,unknown,2000001,,,,censored
Random-125-125-4-2_0,57,125,125,on,242196139887.96286,cost-model,unknown,49899880448,36288.823,unknown,1537282048,1200.01,1081457,unknown,2000001,,,,censored
Random-125-125-4-3_0,54,125,125,on,23511510000.0,ledger-seconds,unsat,37191364697,26756.713,unknown,1515855872,1200.008,627854,unknown,2000001,,,,re-checked
Random-125-125-4-4_0,51,125,125,on,607543947274.2559,cost-model,unknown,54793908224,36213.812,unknown,1768087552,1200.009,774319,unknown,2000001,,,,censored
Random-125-125-4-5_0,46,125,125,on,199764145919.2471,cost-model,unknown,55221448704,36298.326,unknown,1745735680,1200.01,741056,unknown,2000001,,,,censored
Random-125-125-6-1_0,81,125,125,off,61850290.0,item04,unsat,61850290,65.004,unsat,61858208,71.434,8133,unknown,2000001,,,,re-checked
Random-125-125-6-2_0,77,125,125,off,1509764461.1383793,cost-model,unsat,626234831,580.889,unsat,626788431,446.398,451779,unknown,2000001,,,,re-checked
Random-125-125-6-3_0,80,125,125,off,990000000.0,ledger-seconds,unsat,274772294,220.497,unsat,274655344,221.284,94385,unknown,2000001,,,,re-checked
Random-125-125-6-4_0,80,125,125,off,1479611317.812976,cost-model,unsat,399764722,413.124,unsat,400038970,302.948,146921,unknown,2000001,,,,re-checked
Random-125-125-6-5_0,74,125,125,off,5145171819.964551,cost-model,unsat,1522347373,1216.294,unsat,1523689200,1152.933,672499,unknown,2000001,,,,re-checked
Random-125-125-8-1_0,95,125,125,off,1058407.0,item04,unsat,1058407,1.098,unsat,1058405,1.254,33,unsat,1090510,True,1090511.0,35.0,re-checked
Random-125-125-8-2_0,93,125,125,off,2817917.0,item04,unsat,2817917,3.019,unsat,2817916,3.194,74,unknown,2000001,,,,re-checked
Random-125-125-8-3_0,95,125,125,off,6153953.0,item04,unsat,6153953,5.608,unsat,6153668,5.058,454,unknown,2000001,,,,re-checked
Random-125-125-8-4_0,94,125,125,off,1331898.0,item04,unsat,1331898,1.392,unsat,1331897,1.414,30,unsat,1384489,True,1384490.0,32.0,re-checked
Random-125-125-8-5_0,91,125,125,off,17120155.0,item04,unsat,17120155,14.935,unsat,17120616,18.413,1025,unknown,2000001,,,,re-checked
