instance_name,n,m,value,k,config,better_move,setting,status,nodes,seconds,deadline,max_nodes,price_nodes,price_source,started,finished,filter_calls,definite_prefilter,definite_match_fail,definite_fires,definite_lost,better_prefilter,better_match_fail,better_pruned,audit_definite_fail,audit_better_fail,audit_nodes_fail
Random-50-100-10-3_0,50,100,48,47,certifying,False,old+audit,unsat,2,0.001,1200,,2,item04,2026-10-01T20:14:25,2026-10-01T20:14:25,2,0,0,0,0,0,0,0,0,0,0
Random-50-100-8-2_0,50,100,47,46,certifying,False,old+audit,unsat,16,0.001,1200,,16,item04,2026-10-01T20:14:25,2026-10-01T20:14:25,2,0,0,0,0,0,0,0,0,0,0
Random-50-50-10-4_0,50,50,45,44,certifying,False,old+audit,unsat,25,0.001,1200,,25,item04,2026-10-01T20:14:25,2026-10-01T20:14:25,5,0,0,0,0,0,0,0,0,0,0
Random-50-50-10-2_0,50,50,43,42,certifying,False,old+audit,unsat,47,0.001,1200,,47,item04,2026-10-01T20:14:25,2026-10-01T20:14:25,11,1,0,1,0,0,0,0,0,0,0
Random-50-50-8-4_0,50,50,42,41,certifying,False,old+audit,unsat,88,0.001,1200,,88,item04,2026-10-01T20:14:25,2026-10-01T20:14:25,24,3,0,3,0,0,0,0,0,0,0
Random-50-100-6-2_0,50,100,44,43,certifying,False,old+audit,unsat,91,0.001,1200,,91,item04,2026-10-01T20:14:25,2026-10-01T20:14:25,17,2,0,2,0,0,0,0,0,0,0
Random-40-40-6-2_0,40,40,30,29,certifying,False,old+audit,unsat,220,0.001,1200,,220,item04,2026-10-01T20:14:26,2026-10-01T20:14:26,60,8,0,8,0,0,0,0,0,0,0
Random-40-40-6-4_0,40,40,29,28,certifying,False,old+audit,unsat,415,0.002,1200,,415,item04,2026-10-01T20:14:26,2026-10-01T20:14:26,115,17,0,17,0,0,0,0,0,0,0
Random-75-75-10-3_0,75,75,65,64,certifying,False,old+audit,unsat,443,0.002,1200,,443,item04,2026-10-01T20:14:26,2026-10-01T20:14:26,92,5,0,5,0,0,0,0,0,0,0
Random-75-75-10-1_0,75,75,66,65,certifying,False,old+audit,unsat,534,0.002,1200,,534,item04,2026-10-01T20:14:26,2026-10-01T20:14:26,98,5,0,5,0,0,0,0,0,0,0
Random-50-50-6-4_0,50,50,35,34,certifying,False,old+audit,unsat,547,0.002,1200,,547,item04,2026-10-01T20:14:26,2026-10-01T20:14:26,148,19,0,19,0,0,0,0,0,0,0
Random-50-50-6-3_0,50,50,33,32,certifying,False,old+audit,unsat,953,0.003,1200,,953,item04,2026-10-01T20:14:26,2026-10-01T20:14:26,267,45,0,45,0,0,0,0,0,0,0
Random-50-50-6-1_0,50,50,36,35,certifying,False,old+audit,unsat,1173,0.003,1200,,1.17e+03,item04,2026-10-01T20:14:27,2026-10-01T20:14:27,309,20,0,20,0,0,0,0,0,0,0
Random-50-100-4-4_0,50,100,35,34,certifying,False,old+audit,unsat,1284,0.003,1200,,1.28e+03,item04,2026-10-01T20:14:27,2026-10-01T20:14:27,323,27,0,27,0,0,0,0,0,0,0
Random-50-50-6-2_0,50,50,35,34,certifying,False,old+audit,unsat,1375,0.004,1200,,1.38e+03,item04,2026-10-01T20:14:27,2026-10-01T20:14:27,393,58,0,58,0,0,0,0,0,0,0
Random-50-100-4-5_0,50,100,35,34,certifying,False,old+audit,unsat,1638,0.004,1200,,1.64e+03,item04,2026-10-01T20:14:27,2026-10-01T20:14:27,309,17,0,17,0,0,0,0,0,0,0
Random-50-50-4-5_0,50,50,22,21,certifying,False,old+audit,unsat,1824,0.004,1200,,1.72e+03,item04,2026-10-01T20:14:27,2026-10-01T20:14:27,621,150,0,150,0,0,0,0,0,0,0
Random-75-75-8-1_0,75,75,58,57,certifying,False,old+audit,unsat,2670,0.007,1200,,2.67e+03,item04,2026-10-01T20:14:27,2026-10-01T20:14:27,578,32,0,32,0,0,0,0,0,0,0
Random-75-75-8-3_0,75,75,60,59,certifying,False,old+audit,unsat,3050,0.007,1200,,3.05e+03,item04,2026-10-01T20:14:28,2026-10-01T20:14:28,496,19,0,19,0,0,0,0,0,0,0
Random-75-75-8-5_0,75,75,59,58,certifying,False,old+audit,unsat,5904,0.013,1200,,5.9e+03,item04,2026-10-01T20:14:28,2026-10-01T20:14:28,1231,75,0,75,0,0,0,0,0,0,0
Random-50-50-4-4_0,50,50,27,26,certifying,False,old+audit,unsat,7169,0.014,1200,,6.83e+03,item04,2026-10-01T20:14:28,2026-10-01T20:14:28,2299,418,0,418,0,0,0,0,0,0,0
Random-100-100-10-5_0,100,100,84,83,certifying,False,old+audit,unsat,6979,0.017,1200,,6.98e+03,item04,2026-10-01T20:14:28,2026-10-01T20:14:28,1115,27,0,27,0,0,0,0,0,0,0
Random-100-100-10-1_0,100,100,87,86,certifying,False,old+audit,unsat,7013,0.016,1200,,7.01e+03,item04,2026-10-01T20:14:28,2026-10-01T20:14:28,1051,29,0,29,0,0,0,0,0,0,0
Random-50-50-4-3_0,50,50,24,23,certifying,False,old+audit,unsat,8035,0.017,1200,,7.39e+03,item04,2026-10-01T20:14:28,2026-10-01T20:14:28,2471,436,0,436,0,0,0,0,11,0,11
Random-100-100-10-2_0,100,100,85,84,certifying,False,old+audit,unsat,7452,0.016,1200,,7.45e+03,item04,2026-10-01T20:14:29,2026-10-01T20:14:29,1242,59,0,59,0,0,0,0,0,0,0
Random-100-100-10-3_0,100,100,83,82,certifying,False,old+audit,unsat,22881,0.047,1200,,2.29e+04,item04,2026-10-01T20:14:29,2026-10-01T20:14:29,3644,101,0,101,0,0,0,0,0,0,0
Random-50-50-4-2_0,50,50,25,24,certifying,False,old+audit,unsat,32859,0.053,1200,,2.91e+04,item04,2026-10-01T20:14:29,2026-10-01T20:14:29,13114,4642,0,4642,0,0,0,0,0,0,0
Random-50-50-2-5_0,50,50,14,13,certifying,False,old+audit,unsat,42171,0.057,1200,,3.21e+04,item04,2026-10-01T20:14:29,2026-10-01T20:14:29,22285,15544,0,15544,0,0,0,0,15,0,15
Random-75-75-6-3_0,75,75,51,50,certifying,False,old+audit,unsat,37039,0.056,1200,,3.7e+04,item04,2026-10-01T20:14:29,2026-10-01T20:14:29,7346,291,0,291,0,0,0,0,0,0,0
Random-75-75-6-2_0,75,75,52,51,certifying,False,old+audit,unsat,37121,0.069,1200,,3.71e+04,item04,2026-10-01T20:14:29,2026-10-01T20:14:29,8829,846,0,846,0,0,0,0,6,0,6
Random-100-100-8-1_0,100,100,79,78,certifying,False,old+audit,unsat,44237,0.077,1200,,4.42e+04,item04,2026-10-01T20:14:30,2026-10-01T20:14:30,6315,137,0,137,0,0,0,0,0,0,0
Random-50-100-2-1_0,50,100,19,18,certifying,False,old+audit,unsat,55285,0.072,1200,,5.53e+04,item04,2026-10-01T20:14:30,2026-10-01T20:14:30,18434,5999,0,5999,0,0,0,0,13,0,13
Random-50-100-2-2_0,50,100,21,20,certifying,False,old+audit,unsat,61509,0.077,1200,,6.15e+04,item04,2026-10-01T20:14:30,2026-10-01T20:14:30,22302,8057,0,8057,0,0,0,0,8,0,8
Random-125-125-10-4_0,125,125,105,104,certifying,False,old+audit,unsat,65635,0.111,1200,,6.56e+04,item04,2026-10-01T20:14:30,2026-10-01T20:14:30,8527,120,0,120,0,0,0,0,0,0,0
Random-125-125-10-1_0,125,125,105,104,certifying,False,old+audit,unsat,71324,0.125,1200,,7.13e+04,item04,2026-10-01T20:14:30,2026-10-01T20:14:30,9726,138,0,138,0,0,0,0,0,0,0
Random-50-100-2-3_0,50,100,22,21,certifying,False,old+audit,unsat,71507,0.094,1200,,7.15e+04,item04,2026-10-01T20:14:30,2026-10-01T20:14:30,24960,6920,0,6920,0,0,0,0,56,0,56
Random-50-100-2-4_0,50,100,24,23,certifying,False,old+audit,unsat,76080,0.089,1200,,7.61e+04,item04,2026-10-01T20:14:31,2026-10-01T20:14:31,20953,4666,0,4666,0,0,0,0,1,0,1
Random-125-125-10-3_0,125,125,103,102,certifying,False,old+audit,unsat,86581,0.105,1200,,8.66e+04,item04,2026-10-01T20:14:31,2026-10-01T20:14:31,11603,174,0,174,0,0,0,0,0,0,0
Random-75-75-6-5_0,75,75,51,50,certifying,False,old+audit,unsat,88532,0.121,1200,,8.85e+04,item04,2026-10-01T20:14:31,2026-10-01T20:14:31,19738,1637,0,1637,0,0,0,0,31,0,31
Random-75-75-6-4_0,75,75,47,46,certifying,False,old+audit,unsat,92991,0.112,1200,,9.3e+04,item04,2026-10-01T20:14:31,2026-10-01T20:14:31,21229,1253,0,1253,0,0,0,0,18,0,18
Random-100-100-8-2_0,100,100,76,75,certifying,False,old+audit,unsat,93656,0.141,1200,,9.37e+04,item04,2026-10-01T20:14:31,2026-10-01T20:14:31,15779,272,0,272,0,0,0,0,9,0,9
Random-100-50-10-4_0,100,50,65,64,certifying,False,old+audit,unsat,110681,0.158,1200,,1.11e+05,item04,2026-10-01T20:14:31,2026-10-01T20:14:32,33625,4067,0,4067,0,0,0,0,12,0,12
Random-75-75-6-1_0,75,75,49,48,certifying,False,old+audit,unsat,126934,0.143,1200,,1.27e+05,item04,2026-10-01T20:14:32,2026-10-01T20:14:32,35130,5360,0,5360,0,0,0,0,9,0,9
Random-100-100-8-4_0,100,100,77,76,certifying,False,old+audit,unsat,150242,0.198,1200,,1.5e+05,item04,2026-10-01T20:14:32,2026-10-01T20:14:32,26298,1257,0,1257,0,0,0,0,0,0,0
Random-125-125-10-2_0,125,125,104,103,certifying,False,old+audit,unsat,164085,0.216,1200,,1.64e+05,item04,2026-10-01T20:14:32,2026-10-01T20:14:32,23016,559,0,559,0,0,0,0,2,0,2
Random-100-50-10-2_0,100,50,68,67,certifying,False,old+audit,unsat,164586,0.188,1200,,1.65e+05,item04,2026-10-01T20:14:32,2026-10-01T20:14:32,51482,9071,0,9071,0,0,0,0,228,0,228
Random-100-100-8-5_0,100,100,75,74,certifying,False,old+audit,unsat,165587,0.213,1200,,1.66e+05,item04,2026-10-01T20:14:32,2026-10-01T20:14:33,28780,925,0,925,0,0,0,0,2,0,2
Random-50-100-2-5_0,50,100,20,19,certifying,False,old+audit,unsat,179446,0.167,1200,,1.8e+05,item04,2026-10-01T20:14:33,2026-10-01T20:14:33,52556,11266,0,11266,0,0,0,0,76,0,76
Random-100-50-10-3_0,100,50,68,67,certifying,False,old+audit,unsat,223115,0.242,1200,,2.23e+05,item04,2026-10-01T20:14:33,2026-10-01T20:14:33,69091,14305,0,14305,0,0,0,0,117,0,117
Random-125-125-10-5_0,125,125,99,98,certifying,False,old+audit,unsat,241173,0.322,1200,,2.41e+05,item04,2026-10-01T20:14:33,2026-10-01T20:14:34,30122,215,0,215,0,0,0,0,0,0,0
Random-100-100-8-3_0,100,100,76,75,certifying,False,old+audit,unsat,262474,0.307,1200,,2.62e+05,item04,2026-10-01T20:14:33,2026-10-01T20:14:34,50919,2360,0,2360,0,0,0,0,12,0,12
Random-75-75-4-2_0,75,75,35,34,certifying,False,old+audit,unsat,334065,0.319,1200,,3.09e+05,item04,2026-10-01T20:14:33,2026-10-01T20:14:34,111967,28529,0,28529,0,0,0,0,72,0,72
Random-100-50-10-1_0,100,50,68,67,certifying,False,old+audit,unsat,338958,0.384,1200,,3.39e+05,item04,2026-10-01T20:14:34,2026-10-01T20:14:34,98004,14353,0,14353,0,0,0,0,94,0,94
Random-75-75-2-1_0,75,75,16,15,certifying,False,old+audit,unsat,399127,0.352,1200,,3.49e+05,item04,2026-10-01T20:14:34,2026-10-01T20:14:34,159800,92626,0,92626,0,0,0,0,443,0,443
Random-100-50-10-5_0,100,50,67,66,certifying,False,old+audit,unsat,372447,0.427,1200,,3.63e+05,item04,2026-10-01T20:14:34,2026-10-01T20:14:35,97875,12768,0,12768,0,0,0,0,115,0,115
Random-75-75-4-1_0,75,75,35,34,certifying,False,old+audit,unsat,542668,0.487,1200,,5.03e+05,item04,2026-10-01T20:14:35,2026-10-01T20:14:35,198460,62398,0,62398,0,0,0,0,250,0,250
Random-100-50-8-2_0,100,50,55,54,certifying,False,old+audit,unsat,644258,0.623,1200,,6.13e+05,item04,2026-10-01T20:14:35,2026-10-01T20:14:35,195929,31964,0,31964,0,0,0,0,385,0,385
Random-75-75-2-3_0,75,75,17,16,certifying,False,old+audit,unsat,1035836,0.842,1200,,8.7e+05,item04,2026-10-01T20:14:35,2026-10-01T20:14:36,419701,268685,0,268685,0,0,0,0,1266,0,1266
Random-125-125-8-1_0,125,125,95,94,certifying,False,old+audit,unsat,1058405,1.254,1200,,1.06e+06,item04,2026-10-01T20:14:36,2026-10-01T20:14:37,151604,3215,0,3215,0,0,0,0,33,0,33
Random-75-75-4-5_0,75,75,32,31,certifying,False,old+audit,unsat,1434077,1.1,1200,,1.29e+06,item04,2026-10-01T20:14:36,2026-10-01T20:14:37,574055,275746,0,275746,0,0,0,0,5331,0,5331
Random-125-125-8-4_0,125,125,94,93,certifying,False,old+audit,unsat,1331897,1.414,1200,,1.33e+06,item04,2026-10-01T20:14:36,2026-10-01T20:14:38,190555,4481,0,4481,0,0,0,0,30,0,30
Random-100-50-8-1_0,100,50,55,54,certifying,False,old+audit,unsat,1429824,1.391,1200,,1.34e+06,item04,2026-10-01T20:14:37,2026-10-01T20:14:39,511462,139502,0,139502,0,0,0,0,2473,0,2473
Random-100-50-8-4_0,100,50,60,59,certifying,False,old+audit,unsat,1596922,1.537,1200,,1.52e+06,item04,2026-10-01T20:14:37,2026-10-01T20:14:39,536895,115189,0,115189,0,0,0,0,1570,0,1570
Random-75-75-4-4_0,75,75,32,31,certifying,False,old+audit,unsat,2056611,1.714,1200,,1.91e+06,item04,2026-10-01T20:14:38,2026-10-01T20:14:40,698621,220883,0,220883,0,0,0,0,1093,0,1093
Random-100-50-8-3_0,100,50,56,55,certifying,False,old+audit,unsat,2051598,2.102,1200,,1.97e+06,item04,2026-10-01T20:14:39,2026-10-01T20:14:41,668659,136330,0,136330,0,0,0,0,1640,0,1640
Random-100-50-6-4_0,100,50,48,47,certifying,False,old+audit,unsat,2541504,2.36,1200,,2.39e+06,item04,2026-10-01T20:14:39,2026-10-01T20:14:42,895766,240971,0,240971,0,0,0,0,1261,0,1261
Random-75-75-2-2_0,75,75,17,16,certifying,False,old+audit,unsat,2632509,1.865,1200,,2.41e+06,item04,2026-10-01T20:14:40,2026-10-01T20:14:42,1046302,631427,0,631427,0,0,0,0,1118,0,1118
Random-100-50-8-5_0,100,50,55,54,certifying,False,old+audit,unsat,2545963,2.601,1200,,2.45e+06,item04,2026-10-01T20:14:42,2026-10-01T20:14:44,818689,181394,0,181394,0,0,0,0,2525,0,2525
Random-125-125-8-2_0,125,125,93,92,certifying,False,old+audit,unsat,2817916,3.194,1200,,2.82e+06,item04,2026-10-01T20:14:42,2026-10-01T20:14:45,397470,6883,0,6883,0,0,0,0,74,0,74
Random-75-75-4-3_0,75,75,37,36,certifying,False,old+audit,unsat,3065791,2.594,1200,,2.91e+06,item04,2026-10-01T20:14:43,2026-10-01T20:14:45,1007560,259420,0,259420,0,0,0,0,1122,0,1122
Random-100-50-6-1_0,100,50,44,43,certifying,False,old+audit,unsat,3209241,3.24,1200,,2.98e+06,item04,2026-10-01T20:14:45,2026-10-01T20:14:48,1238254,436165,0,436165,0,0,0,0,4564,0,4564
Random-100-100-6-2_0,100,100,66,65,certifying,False,old+audit,unsat,3086250,3.17,1200,,3.09e+06,item04,2026-10-01T20:14:46,2026-10-01T20:14:49,639597,39600,0,39600,0,0,0,0,366,0,366
Random-100-100-6-1_0,100,100,68,67,certifying,False,old+audit,unsat,3116401,3.17,1200,,3.12e+06,item04,2026-10-01T20:14:46,2026-10-01T20:14:49,687084,73233,0,73233,0,0,0,0,735,0,735
Random-75-75-2-4_0,75,75,13,12,certifying,False,old+audit,unsat,3677591,2.449,1200,,3.15e+06,item04,2026-10-01T20:14:48,2026-10-01T20:14:51,1355317,915441,0,915441,0,0,0,0,3117,0,3117
Random-100-50-4-5_0,100,50,24,23,certifying,False,old+audit,unsat,3703630,2.683,1200,,3.47e+06,item04,2026-10-01T20:14:49,2026-10-01T20:14:52,1508441,938322,0,938322,0,0,0,0,3717,0,3717
Random-100-100-6-5_0,100,100,63,62,certifying,False,old+audit,unsat,3547169,2.988,1200,,3.55e+06,item04,2026-10-01T20:14:49,2026-10-01T20:14:52,886058,139655,0,139655,0,0,0,0,2483,0,2483
Random-75-75-2-5_0,75,75,16,15,certifying,False,old+audit,unsat,4324490,3.142,1200,,3.55e+06,item04,2026-10-01T20:14:51,2026-10-01T20:14:54,1763939,1132234,0,1132234,0,0,0,0,6129,0,6129
Random-100-100-6-4_0,100,100,65,64,certifying,False,old+audit,unsat,4164624,3.857,1200,,4.17e+06,item04,2026-10-01T20:14:52,2026-10-01T20:14:56,1088595,183920,0,183920,0,0,0,0,3542,0,3542
Random-100-50-6-3_0,100,50,46,45,certifying,False,old+audit,unsat,4544155,3.819,1200,,4.36e+06,item04,2026-10-01T20:14:53,2026-10-01T20:14:57,1539852,421318,0,421318,0,0,0,0,1968,0,1968
Random-100-100-6-3_0,100,100,61,60,certifying,False,old+audit,unsat,5301779,4.917,1200,,5.3e+06,item04,2026-10-01T20:14:55,2026-10-01T20:15:00,1250758,143764,0,143764,0,0,0,0,944,0,944
Random-125-125-8-3_0,125,125,95,94,certifying,False,old+audit,unsat,6153668,5.058,1200,,6.15e+06,item04,2026-10-01T20:14:57,2026-10-01T20:15:02,1090952,57983,0,57983,0,0,0,0,454,0,454
Random-125-125-8-5_0,125,125,91,90,certifying,False,old+audit,unsat,17120616,18.413,1200,,1.71e+07,item04,2026-10-01T20:14:57,2026-10-01T20:15:15,2967799,180705,0,180705,0,0,0,0,1025,0,1025
Random-100-50-6-5_0,100,50,39,38,certifying,False,old+audit,unsat,28690496,21.159,1200,,2.31e+07,item04,2026-10-01T20:15:00,2026-10-01T20:15:21,12246262,6296878,0,6296878,0,0,0,0,24520,0,24520
Random-100-50-4-1_0,100,50,26,25,certifying,False,old+audit,unsat,45265762,31.698,1200,,3.06e+07,item04,2026-10-01T20:15:02,2026-10-01T20:15:34,18268221,9902797,0,9902797,0,0,0,0,19521,0,19521
Random-100-50-6-2_0,100,50,43,42,certifying,False,old+audit,unsat,46776231,27.649,1200,,3.9e+07,item04,2026-10-01T20:15:16,2026-10-01T20:15:43,19511414,8531461,0,8531461,0,0,0,0,30641,0,30641
Random-100-50-4-2_0,100,50,29,28,certifying,False,old+audit,unsat,66377376,46.627,1200,,3.94e+07,item04,2026-10-01T20:15:22,2026-10-01T20:16:08,28704235,15616096,0,15616096,0,0,0,0,10480,0,10480
SP3,75,75,34,33,certifying,False,old+audit,unsat,1471695,1.217,1200,,1.23e+08,ledger-seconds,2026-10-01T20:16:09,2026-10-01T20:16:10,432366,102855,0,102855,0,0,0,0,1201,0,1201
SP3_0,75,75,34,33,certifying,False,old+audit,unsat,1471695,1.221,1200,,1.63e+08,ledger-seconds,2026-10-01T20:16:10,2026-10-01T20:16:12,432366,102855,0,102855,0,0,0,0,1201,0,1201
Random-125-125-6-1_0,125,125,81,80,certifying,False,old+audit,unsat,61858208,71.434,1200,,6.19e+07,item04,2026-10-01T20:15:34,2026-10-01T20:16:46,13183244,1483790,0,1483790,0,0,0,0,8133,0,8133
Random-100-50-4-3_0,100,50,29,28,certifying,False,old+audit,unsat,161241680,88.631,1200,,1.19e+08,item04,2026-10-01T20:15:44,2026-10-01T20:17:12,70379158,41055570,0,41055570,0,0,0,0,25854,0,25854
Random-100-100-4-2_0,100,100,50,49,certifying,True,old+audit,unsat,177449828,182.525,1200,,1.77e+08,item04,2026-10-01T20:16:12,2026-10-01T20:19:15,61177704,19350616,0,19350616,0,9513374,0,9513374,42102,3562,45664
Random-100-100-4-1_0,100,100,46,45,certifying,True,old+audit,unsat,195268196,151.532,1200,,1.95e+08,item04,2026-10-01T20:16:46,2026-10-01T20:19:18,83673399,40506913,0,40506913,0,14664452,0,14664452,151409,7483,158892
Random-100-50-4-4_0,100,50,24,23,certifying,False,old+audit,unsat,343183223,150.469,1200,,2.44e+08,item04,2026-10-01T20:17:13,2026-10-01T20:19:43,142216997,81672183,0,81672183,0,0,0,0,52400,0,52400
Random-100-100-4-4_0,100,100,44,43,certifying,True,old+audit,unsat,427802188,370.074,1200,,4.27e+08,item04,2026-10-01T20:19:15,2026-10-01T20:25:25,158833295,61517827,0,61517827,0,28393468,0,28393468,136850,14916,151766
Random-100-100-2-2_0,100,100,20,19,certifying,True,old+audit,unsat,857390223,526.256,1200,,9.9e+08,ledger-seconds,2026-10-01T20:19:18,2026-10-01T20:28:05,353900369,245771987,0,245771987,0,64049972,0,64049972,15995,1412,17407
SP4,100,100,53,52,certifying,True,old+audit,unsat,49658117,38.579,1200,,9.9e+08,ledger-seconds,2026-10-01T20:28:05,2026-10-01T20:28:43,16997012,5376608,0,5376608,0,2602426,0,2602426,18602,2806,21408
SP4_0,100,100,53,52,certifying,True,old+audit,unsat,49658117,54.261,1200,,9.9e+08,ledger-seconds,2026-10-01T20:28:44,2026-10-01T20:29:38,16997012,5376608,0,5376608,0,2602426,0,2602426,18602,2806,21408
Random-125-125-6-3_0,125,125,80,79,certifying,False,old+audit,unsat,274655344,221.284,1200,,9.9e+08,ledger-seconds,2026-10-01T20:29:39,2026-10-01T20:33:20,73909954,14676411,0,14676411,0,0,0,0,94385,0,94385
Random-100-100-4-3_0,100,100,43,42,certifying,True,old+audit,unsat,1221428648,895.103,1200,,9.9e+08,ledger-seconds,2026-10-01T20:19:44,2026-10-01T20:34:39,515828369,262810630,0,262810630,0,71602117,0,71602117,465991,15980,481971
Random-100-100-4-5_0,100,100,42,41,certifying,True,old+audit,unsat,918718597,678.284,1200,,9.9e+08,ledger-seconds,2026-10-01T20:25:25,2026-10-01T20:36:44,315772387,111755378,0,111755378,0,45890555,0,45890555,581061,33864,614925
Random-100-100-2-5_0,100,100,19,18,certifying,True,old+audit,unknown,2237050880,1200.008,1200,,1.15e+09,item04-censored,2026-10-01T20:33:20,2026-10-01T20:53:20,985156593,754027207,0,754027207,0,258542773,0,258542773,679316,63493,742809
Random-100-100-2-4_0,100,100,15,14,certifying,False,old+audit,unknown,4410667008,1200.008,1200,,1.44e+09,item04-censored,2026-10-01T20:34:39,2026-10-01T20:54:39,2249018843,1873750165,0,1873750165,0,0,0,0,178751,0,178751
Random-100-100-2-1_0,100,100,24,23,certifying,True,old+audit,unknown,2114121728,1200.008,1200,,1.44e+09,cost-model,2026-10-01T20:36:44,2026-10-01T20:56:44,865352901,579796358,0,579796358,0,152196669,0,152196669,288607,8042,296649
Random-125-125-6-4_0,125,125,80,79,certifying,False,old+audit,unsat,400038970,302.948,1200,,1.48e+09,cost-model,2026-10-01T20:53:21,2026-10-01T20:58:24,111656655,29831600,0,29831600,0,0,0,0,146921,0,146921
Random-125-125-6-2_0,125,125,77,76,certifying,False,old+audit,unsat,626788431,446.398,1200,,1.51e+09,cost-model,2026-10-01T20:54:40,2026-10-01T21:02:06,221899768,80029041,0,80029041,0,0,0,0,451779,0,451779
Random-100-100-2-3_0,100,100,23,22,certifying,True,old+audit,unknown,2463043584,1200.008,1200,,1.65e+09,cost-model,2026-10-01T20:56:44,2026-10-01T21:16:44,1118071894,798896427,0,798896427,0,241101614,0,241101614,587927,18325,606252
Random-125-125-6-5_0,125,125,74,73,certifying,False,old+audit,unsat,1523689200,1152.933,1200,,5.15e+09,cost-model,2026-10-01T20:58:24,2026-10-01T21:17:37,461466678,125507903,0,125507903,0,0,0,0,672499,0,672499
Random-125-125-4-3_0,125,125,54,53,certifying,True,old+audit,unknown,1515855872,1200.008,1200,,2.35e+10,ledger-seconds,2026-10-01T21:02:07,2026-10-01T21:22:07,544981838,216097737,0,216097737,0,85113253,0,85113253,591484,36370,627854
Random-125-125-4-1_0,125,125,57,56,certifying,True,old+audit,unknown,1535123456,1200.009,1200,,2.91e+10,ledger-seconds,2026-10-01T21:16:45,2026-10-01T21:36:45,556406859,225305318,0,225305318,0,85615722,0,85615722,968506,72044,1040550
Random-125-125-2-4_0,125,125,24,23,certifying,True,old+audit,unknown,1961295872,1200.01,1200,,1.88e+11,cost-model,2026-10-01T21:17:37,2026-10-01T21:37:37,871985688,632705343,0,632705343,0,191270561,0,191270561,97554,7974,105528
Random-125-125-4-5_0,125,125,46,45,certifying,True,old+audit,unknown,1745735680,1200.01,1200,,2e+11,cost-model,2026-10-01T21:22:07,2026-10-01T21:42:07,647773194,289214567,0,289214567,0,100899997,0,100899997,720931,20125,741056
Random-125-125-4-2_0,125,125,57,56,certifying,True,old+audit,unknown,1537282048,1200.01,1200,,2.42e+11,cost-model,2026-10-01T21:36:45,2026-10-01T21:56:45,583655888,252134725,0,252134725,0,109965524,0,109965524,1055494,25963,1081457
Random-125-125-2-1_0,125,125,24,23,certifying,True,old+audit,unknown,2137681920,1200.009,1200,,3.01e+11,cost-model,2026-10-01T21:37:38,2026-10-01T21:57:38,968251961,746271117,0,746271117,0,245595300,0,245595300,277024,6139,283163
Random-125-125-2-5_0,125,125,20,19,certifying,True,old+audit,unknown,2170408960,1200.009,1200,,4.58e+11,recertify,2026-10-01T21:42:07,2026-10-01T22:02:07,824088131,636741465,0,636741465,0,177342647,0,177342647,339018,9307,348325
Random-125-125-4-4_0,125,125,51,50,certifying,True,old+audit,unknown,1768087552,1200.009,1200,,6.08e+11,cost-model,2026-10-01T21:56:46,2026-10-01T22:16:46,704502688,338239063,0,338239063,0,118547538,0,118547538,743831,30488,774319
