instance_name,n,m,value,k,config,better_move,setting,status,nodes,seconds,deadline,max_nodes,price_nodes,price_source,started,finished,cert_nodes,cert_steps,gz_bytes,emit_seconds,check_ok,check_reason,check_seconds,repaired_nodes_checked,repaired_fail_nodes,repaired_fail_definite,repaired_fail_better,repaired_seconds,first_fail,c_status,c_nodes,c_audit_nodes_fail
Random-50-100-10-3_0,50,100,48,47,emitter-default,False,old,unsat,2,0.001,,2000000,2,item04,2026-10-01T20:18:45,2026-10-01T20:18:45,3,0,337,0.001,True,refutation verified,0.001,3,0,0,0,0.0,,unsat,2,0
Random-50-100-8-2_0,50,100,47,46,emitter-default,False,old,unsat,16,0.001,,2000000,16,item04,2026-10-01T20:18:45,2026-10-01T20:18:45,17,0,431,0.001,True,refutation verified,0.001,17,0,0,0,0.001,,unsat,16,0
Random-50-50-10-4_0,50,50,45,44,emitter-default,False,old,unsat,25,0.001,,2000000,25,item04,2026-10-01T20:18:45,2026-10-01T20:18:45,26,0,498,0.001,True,refutation verified,0.001,26,0,0,0,0.001,,unsat,25,0
Random-50-50-10-2_0,50,50,43,42,emitter-default,False,old,unsat,47,0.002,,2000000,47,item04,2026-10-01T20:18:45,2026-10-01T20:18:45,48,1,680,0.002,True,refutation verified,0.002,48,0,0,0,0.001,,unsat,47,0
Random-50-50-8-4_0,50,50,42,41,emitter-default,False,old,unsat,88,0.004,,2000000,88,item04,2026-10-01T20:18:45,2026-10-01T20:18:45,89,4,1015,0.004,True,refutation verified,0.003,89,0,0,0,0.002,,unsat,88,0
Random-50-100-6-2_0,50,100,44,43,emitter-default,False,old,unsat,91,0.005,,2000000,91,item04,2026-10-01T20:18:45,2026-10-01T20:18:45,92,2,1006,0.005,True,refutation verified,0.004,92,0,0,0,0.003,,unsat,91,0
Random-40-40-6-2_0,40,40,30,29,emitter-default,False,old,unsat,222,0.008,,2000000,220,item04,2026-10-01T20:18:46,2026-10-01T20:18:46,223,24,2239,0.008,True,refutation verified,0.006,223,0,0,0,0.004,,unsat,222,0
Random-40-40-6-4_0,40,40,29,28,emitter-default,False,old,unsat,421,0.016,,2000000,415,item04,2026-10-01T20:18:46,2026-10-01T20:18:46,422,50,4020,0.016,True,refutation verified,0.012,422,0,0,0,0.008,,unsat,421,0
Random-75-75-10-3_0,75,75,65,64,emitter-default,False,old,unsat,444,0.027,,2000000,443,item04,2026-10-01T20:18:46,2026-10-01T20:18:46,445,14,4027,0.027,True,refutation verified,0.021,445,0,0,0,0.013,,unsat,444,0
Random-75-75-10-1_0,75,75,66,65,emitter-default,False,old,unsat,539,0.035,,2000000,534,item04,2026-10-01T20:18:46,2026-10-01T20:18:46,540,20,4822,0.035,True,refutation verified,0.028,540,0,0,0,0.018,,unsat,539,0
Random-50-50-6-4_0,50,50,35,34,emitter-default,False,old,unsat,596,0.023,,2000000,547,item04,2026-10-01T20:18:47,2026-10-01T20:18:47,597,109,5707,0.023,True,refutation verified,0.02,597,0,0,0,0.013,,unsat,596,0
Random-50-50-6-3_0,50,50,33,32,emitter-default,False,old,unsat,1027,0.044,,2000000,953,item04,2026-10-01T20:18:47,2026-10-01T20:18:47,1028,219,9723,0.044,True,refutation verified,0.035,1028,0,0,0,0.023,,unsat,1027,0
Random-50-50-6-1_0,50,50,36,35,emitter-default,False,old,unsat,1278,0.049,,2000000,1.17e+03,item04,2026-10-01T20:18:47,2026-10-01T20:18:47,1279,226,11893,0.049,True,refutation verified,0.04,1279,0,0,0,0.026,,unsat,1278,0
Random-50-100-4-4_0,50,100,35,34,emitter-default,False,old,unsat,1359,0.057,,2000000,1.28e+03,item04,2026-10-01T20:18:47,2026-10-01T20:18:48,1360,150,12298,0.057,True,refutation verified,0.047,1360,0,0,0,0.03,,unsat,1359,0
Random-50-50-6-2_0,50,50,35,34,emitter-default,False,old,unsat,1424,0.054,,2000000,1.38e+03,item04,2026-10-01T20:18:48,2026-10-01T20:18:48,1425,211,13117,0.054,True,refutation verified,0.045,1425,0,0,0,0.029,,unsat,1424,0
Random-50-100-4-5_0,50,100,35,34,emitter-default,False,old,unsat,1649,0.072,,2000000,1.64e+03,item04,2026-10-01T20:18:48,2026-10-01T20:18:48,1650,91,14490,0.072,True,refutation verified,0.059,1650,0,0,0,0.039,,unsat,1649,0
Random-50-50-4-5_0,50,50,22,21,emitter-default,False,old,unsat,2213,0.082,,2000000,1.72e+03,item04,2026-10-01T20:18:48,2026-10-01T20:18:48,2214,631,21350,0.082,True,refutation verified,0.066,2214,0,0,0,0.044,,unsat,2213,0
Random-75-75-8-1_0,75,75,58,57,emitter-default,False,old,unsat,2736,0.173,,2000000,2.67e+03,item04,2026-10-01T20:18:49,2026-10-01T20:18:49,2737,188,24337,0.173,True,refutation verified,0.14,2737,0,0,0,0.089,,unsat,2736,0
Random-75-75-8-3_0,75,75,60,59,emitter-default,False,old,unsat,3067,0.181,,2000000,3.05e+03,item04,2026-10-01T20:18:49,2026-10-01T20:18:49,3068,157,26567,0.181,True,refutation verified,0.144,3068,0,0,0,0.093,,unsat,3067,0
Random-75-75-8-5_0,75,75,59,58,emitter-default,False,old,unsat,6161,0.398,,2000000,5.9e+03,item04,2026-10-01T20:18:49,2026-10-01T20:18:51,6162,607,54512,0.398,True,refutation verified,0.318,6162,0,0,0,0.207,,unsat,6161,0
Random-50-50-4-4_0,50,50,27,26,emitter-default,False,old,unsat,8490,0.322,,2000000,6.83e+03,item04,2026-10-01T20:18:50,2026-10-01T20:18:50,8491,2881,81883,0.322,True,refutation verified,0.259,8491,0,0,0,0.171,,unsat,8490,0
Random-100-100-10-5_0,100,100,84,83,emitter-default,False,old,unsat,7041,0.561,,2000000,6.98e+03,item04,2026-10-01T20:18:51,2026-10-01T20:18:52,7042,258,60101,0.561,True,refutation verified,0.45,7042,0,0,0,0.288,,unsat,7041,0
Random-100-100-10-1_0,100,100,87,86,emitter-default,False,old,unsat,7030,0.622,,2000000,7.01e+03,item04,2026-10-01T20:18:51,2026-10-01T20:18:52,7031,165,59364,0.622,True,refutation verified,0.499,7031,0,0,0,0.319,,unsat,7030,0
Random-50-50-4-3_0,50,50,24,23,emitter-default,False,old,unsat,11213,0.453,,2000000,7.39e+03,item04,2026-10-01T20:18:53,2026-10-01T20:18:54,11214,3165,107339,0.453,True,refutation verified,0.367,11214,15,15,0,0.241,node 632,unsat,11213,15
Random-100-100-10-2_0,100,100,85,84,emitter-default,False,old,unsat,7528,0.658,,2000000,7.45e+03,item04,2026-10-01T20:18:53,2026-10-01T20:18:55,7529,271,64166,0.658,True,refutation verified,0.536,7529,0,0,0,0.346,,unsat,7528,0
Random-100-100-10-3_0,100,100,83,82,emitter-default,False,old,unsat,23161,1.877,,2000000,2.29e+04,item04,2026-10-01T20:18:54,2026-10-01T20:18:59,23162,1503,200165,1.877,True,refutation verified,1.46,23162,0,0,0,0.938,,unsat,23161,0
Random-50-50-4-2_0,50,50,25,24,emitter-default,False,old,unsat,63277,2.529,,2000000,2.91e+04,item04,2026-10-01T20:18:55,2026-10-01T20:19:02,63278,24868,621791,2.529,True,refutation verified,2.02,63278,1,1,0,1.35,node 63097,unsat,63277,1
Random-50-50-2-5_0,50,50,14,13,emitter-default,False,old,unsat,111511,3.847,,2000000,3.21e+04,item04,2026-10-01T20:18:59,2026-10-01T20:19:10,111512,67372,1149650,3.847,True,refutation verified,3.084,111512,20,20,0,2.336,node 12247,unsat,111511,20
Random-75-75-6-3_0,75,75,51,50,emitter-default,False,old,unsat,38193,2.504,,2000000,3.7e+04,item04,2026-10-01T20:19:02,2026-10-01T20:19:09,38194,4795,341291,2.504,True,refutation verified,1.939,38194,0,0,0,1.27,,unsat,38193,0
Random-75-75-6-2_0,75,75,52,51,emitter-default,False,old,unsat,42781,2.765,,2000000,3.71e+04,item04,2026-10-01T20:19:09,2026-10-01T20:19:16,42782,8474,396340,2.765,True,refutation verified,2.15,42782,6,6,0,1.408,node 2614,unsat,42781,6
Random-100-100-8-1_0,100,100,79,78,emitter-default,False,old,unsat,44495,3.691,,2000000,4.42e+04,item04,2026-10-01T20:19:11,2026-10-01T20:19:20,44496,1197,374762,3.691,True,refutation verified,2.926,44496,0,0,0,1.928,,unsat,44495,0
Random-50-100-2-1_0,50,100,19,18,emitter-default,False,old,unsat,92394,2.198,,2000000,5.53e+04,item04,2026-10-01T20:19:16,2026-10-01T20:19:23,92395,32687,901971,2.198,True,refutation verified,1.757,92395,15,15,0,1.16,node 4615,unsat,92394,15
Random-50-100-2-2_0,50,100,21,20,emitter-default,False,old,unsat,118021,4.37,,2000000,6.15e+04,item04,2026-10-01T20:19:20,2026-10-01T20:19:33,118022,50362,1180031,4.37,True,refutation verified,3.429,118022,10,10,0,2.396,node 18602,unsat,118021,10
Random-125-125-10-4_0,125,125,105,104,emitter-default,False,old,unsat,65929,7.324,,2000000,6.56e+04,item04,2026-10-01T20:19:23,2026-10-01T20:19:41,65930,2419,560169,7.324,True,refutation verified,5.787,65930,0,0,0,3.788,,unsat,65929,0
Random-125-125-10-1_0,125,125,105,104,emitter-default,False,old,unsat,71753,7.442,,2000000,7.13e+04,item04,2026-10-01T20:19:33,2026-10-01T20:19:51,71754,2170,607102,7.442,True,refutation verified,5.862,71754,0,0,0,3.828,,unsat,71753,0
Random-50-100-2-3_0,50,100,22,21,emitter-default,False,old,unsat,120377,4.834,,2000000,7.15e+04,item04,2026-10-01T20:19:42,2026-10-01T20:19:53,120378,47839,1181478,4.834,True,refutation verified,3.262,120378,57,57,0,1.469,node 2919,unsat,120377,57
Random-50-100-2-4_0,50,100,24,23,emitter-default,False,old,unsat,102750,2.909,,2000000,7.61e+04,item04,2026-10-01T20:19:51,2026-10-01T20:19:59,102751,22467,952475,2.909,True,refutation verified,1.941,102751,2,2,0,1.28,node 34900,unsat,102750,2
Random-125-125-10-3_0,125,125,103,102,emitter-default,False,old,unsat,87411,9.843,,2000000,8.66e+04,item04,2026-10-01T20:19:54,2026-10-01T20:20:18,87412,3718,745148,9.843,True,refutation verified,7.677,87412,0,0,0,5.073,,unsat,87411,0
Random-75-75-6-5_0,75,75,51,50,emitter-default,False,old,unsat,97177,5.838,,2000000,8.85e+04,item04,2026-10-01T20:19:59,2026-10-01T20:20:14,97178,18359,896129,5.838,True,refutation verified,4.439,97178,34,34,0,2.942,node 6577,unsat,97177,34
Random-75-75-6-4_0,75,75,47,46,emitter-default,False,old,unsat,104759,6.294,,2000000,9.3e+04,item04,2026-10-01T20:20:14,2026-10-01T20:20:30,104760,25360,974640,6.294,True,refutation verified,4.823,104760,20,20,0,3.233,node 17679,unsat,104759,20
Random-100-100-8-2_0,100,100,76,75,emitter-default,False,old,unsat,95999,8.549,,2000000,9.37e+04,item04,2026-10-01T20:20:18,2026-10-01T20:20:39,96000,11020,846653,8.549,True,refutation verified,6.677,96000,10,10,0,4.354,node 11685,unsat,95999,10
Random-100-50-10-4_0,100,50,65,64,emitter-default,False,old,unsat,156361,12.855,,2000000,1.11e+05,item04,2026-10-01T20:20:31,2026-10-01T20:21:02,156362,86394,1628548,12.855,True,refutation verified,9.338,156362,25,25,0,6.275,node 6494,unsat,156361,25
Random-75-75-6-1_0,75,75,49,48,emitter-default,False,old,unsat,169534,10.82,,2000000,1.27e+05,item04,2026-10-01T20:20:40,2026-10-01T20:21:07,169535,55313,1651528,10.82,True,refutation verified,8.235,169535,11,11,0,5.656,node 24294,unsat,169534,11
Random-100-100-8-4_0,100,100,77,76,emitter-default,False,old,unsat,156110,11.802,,2000000,1.5e+05,item04,2026-10-01T20:21:03,2026-10-01T20:21:35,156111,18495,1401142,11.802,True,refutation verified,11.147,156111,0,0,0,7.28,,unsat,156110,0
Random-125-125-10-2_0,125,125,104,103,emitter-default,False,old,unsat,165973,18.516,,2000000,1.64e+05,item04,2026-10-01T20:21:08,2026-10-01T20:21:53,165974,9703,1444668,18.516,True,refutation verified,14.393,165974,2,2,0,9.558,node 122132,unsat,165973,2
Random-100-50-10-2_0,100,50,68,67,emitter-default,False,old,unsat,265387,21.487,,2000000,1.65e+05,item04,2026-10-01T20:21:36,2026-10-01T20:22:30,265388,110902,2733264,21.487,True,refutation verified,16.436,265388,364,364,0,11.172,node 98,unsat,265387,364
Random-100-100-8-5_0,100,100,75,74,emitter-default,False,old,unsat,172457,15.903,,2000000,1.66e+05,item04,2026-10-01T20:21:53,2026-10-01T20:22:32,172458,20699,1545391,15.903,True,refutation verified,12.221,172458,2,2,0,8.083,node 114557,unsat,172457,2
Random-50-100-2-5_0,50,100,20,19,emitter-default,False,old,unsat,241413,9.48,,2000000,1.8e+05,item04,2026-10-01T20:22:31,2026-10-01T20:22:57,241414,60045,2298406,9.48,True,refutation verified,7.53,241414,77,77,0,4.98,node 2238,unsat,241413,77
Random-100-50-10-3_0,100,50,68,67,emitter-default,False,old,unsat,330451,27.048,,2000000,2.23e+05,item04,2026-10-01T20:22:33,2026-10-01T20:23:41,330452,144565,3412457,27.048,True,refutation verified,20.491,330452,192,192,0,13.791,node 14847,unsat,330451,192
Random-125-125-10-5_0,125,125,99,98,emitter-default,False,old,unsat,242953,26.089,,2000000,2.41e+05,item04,2026-10-01T20:22:57,2026-10-01T20:24:00,242954,12515,2093312,26.089,True,refutation verified,20.306,242954,0,0,0,13.449,,unsat,242953,0
Random-100-100-8-3_0,100,100,76,75,emitter-default,False,old,unsat,287534,16.919,,2000000,2.62e+05,item04,2026-10-01T20:23:41,2026-10-01T20:24:21,287535,61559,2695644,16.919,True,refutation verified,11.012,287535,20,20,0,7.621,node 27842,unsat,287534,20
Random-75-75-4-2_0,75,75,35,34,emitter-default,False,old,unsat,607373,38.282,,2000000,3.09e+05,item04,2026-10-01T20:24:01,2026-10-01T20:25:39,607374,265275,6183884,38.282,True,refutation verified,27.79,607374,110,110,0,19.165,node 35504,unsat,607373,110
Random-100-50-10-1_0,100,50,68,67,emitter-default,False,old,unsat,508505,46.102,,2000000,3.39e+05,item04,2026-10-01T20:24:21,2026-10-01T20:26:15,508506,247593,5326411,46.102,True,refutation verified,33.767,508506,166,166,0,22.654,node 21165,unsat,508505,166
Random-75-75-2-1_0,75,75,16,15,emitter-default,False,old,unknown,2000001,107.626,,2000000,3.49e+05,item04,2026-10-01T20:25:40,2026-10-01T20:27:28,,,,107.626,,,,,,,,,,unknown,2000001,646
Random-100-50-10-5_0,100,50,67,66,emitter-default,False,old,unsat,618036,54.99,,2000000,3.63e+05,item04,2026-10-01T20:26:15,2026-10-01T20:28:20,618037,245746,6291737,54.99,True,refutation verified,40.545,618037,242,242,0,16.738,node 1173,unsat,618036,242
Random-75-75-4-1_0,75,75,35,34,emitter-default,False,old,unsat,1139376,66.343,,2000000,5.03e+05,item04,2026-10-01T20:27:31,2026-10-01T20:30:26,1139377,568904,11854438,66.343,True,refutation verified,49.25,1139377,372,372,0,34.907,node 6972,unsat,1139376,372
Random-100-50-8-2_0,100,50,55,54,emitter-default,False,old,unsat,1203665,81.391,,2000000,6.13e+05,item04,2026-10-01T20:28:20,2026-10-01T20:31:54,1203666,545775,12521307,81.391,True,refutation verified,59.445,1203666,1100,1100,0,52.394,node 2680,unsat,1203665,1100
Random-75-75-2-3_0,75,75,17,16,emitter-default,False,old,unknown,2000001,99.885,,2000000,8.7e+05,item04,2026-10-01T20:30:26,2026-10-01T20:32:07,,,,99.885,,,,,,,,,,unknown,2000001,553
Random-125-125-8-1_0,125,125,95,94,emitter-default,False,old,unsat,1090510,91.029,,2000000,1.06e+06,item04,2026-10-01T20:31:55,2026-10-01T20:35:05,1090511,101961,9752173,91.029,True,refutation verified,51.734,1090511,35,35,0,34.576,node 87028,unsat,1090510,35
Random-75-75-4-5_0,75,75,32,31,emitter-default,False,old,unknown,2000001,70.527,,2000000,1.29e+06,item04,2026-10-01T20:32:09,2026-10-01T20:33:21,,,,70.527,,,,,,,,,,unknown,2000001,3646
Random-125-125-8-4_0,125,125,94,93,emitter-default,False,old,unsat,1384489,91.283,,2000000,1.33e+06,item04,2026-10-01T20:33:23,2026-10-01T20:37:11,1384490,174568,12605024,91.283,True,refutation verified,71.399,1384490,32,32,0,47.283,node 151592,unsat,1384489,32
Random-100-50-8-1_0,100,50,55,54,emitter-default,False,old,unknown,2000001,93.816,,2000000,1.34e+06,item04,2026-10-01T20:35:05,2026-10-01T20:36:40,,,,93.816,,,,,,,,,,unknown,2000001,1960
Random-100-50-8-4_0,100,50,60,59,emitter-default,False,old,unknown,2000001,94.385,,2000000,1.52e+06,item04,2026-10-01T20:36:43,2026-10-01T20:38:18,,,,94.385,,,,,,,,,,unknown,2000001,1531
Random-75-75-4-4_0,75,75,32,31,emitter-default,False,old,unknown,2000001,75.549,,2000000,1.91e+06,item04,2026-10-01T20:37:11,2026-10-01T20:38:28,,,,75.549,,,,,,,,,,unknown,2000001,448
Random-100-50-8-3_0,100,50,56,55,emitter-default,False,old,unknown,2000001,99.636,,2000000,1.97e+06,item04,2026-10-01T20:38:20,2026-10-01T20:40:01,,,,99.636,,,,,,,,,,unknown,2000001,1725
Random-100-50-6-4_0,100,50,48,47,emitter-default,False,old,unknown,2000001,97.678,,2000000,2.39e+06,item04,2026-10-01T20:38:30,2026-10-01T20:40:09,,,,97.678,,,,,,,,,,unknown,2000001,565
Random-75-75-2-2_0,75,75,17,16,emitter-default,False,old,unknown,2000001,64.408,,2000000,2.41e+06,item04,2026-10-01T20:40:03,2026-10-01T20:41:09,,,,64.408,,,,,,,,,,unknown,2000001,262
Random-100-50-8-5_0,100,50,55,54,emitter-default,False,old,unknown,2000001,102.021,,2000000,2.45e+06,item04,2026-10-01T20:40:11,2026-10-01T20:41:54,,,,102.021,,,,,,,,,,unknown,2000001,1452
Random-125-125-8-2_0,125,125,93,92,emitter-default,False,old,unknown,2000001,122.167,,2000000,2.82e+06,item04,2026-10-01T20:41:11,2026-10-01T20:43:14,,,,122.167,,,,,,,,,,unknown,2000001,60
Random-75-75-4-3_0,75,75,37,36,emitter-default,False,old,unknown,2000001,72.772,,2000000,2.91e+06,item04,2026-10-01T20:41:57,2026-10-01T20:43:11,,,,72.772,,,,,,,,,,unknown,2000001,554
Random-100-50-6-1_0,100,50,44,43,emitter-default,False,old,unknown,2000001,92.96,,2000000,2.98e+06,item04,2026-10-01T20:43:13,2026-10-01T20:44:47,,,,92.96,,,,,,,,,,unknown,2000001,1128
Random-100-100-6-2_0,100,100,66,65,emitter-default,False,old,unknown,2000001,96.665,,2000000,3.09e+06,item04,2026-10-01T20:43:16,2026-10-01T20:44:54,,,,96.665,,,,,,,,,,unknown,2000001,272
Random-100-100-6-1_0,100,100,68,67,emitter-default,False,old,unknown,2000001,102.851,,2000000,3.12e+06,item04,2026-10-01T20:44:49,2026-10-01T20:46:33,,,,102.851,,,,,,,,,,unknown,2000001,485
Random-75-75-2-4_0,75,75,13,12,emitter-default,False,old,unknown,2000001,63.175,,2000000,3.15e+06,item04,2026-10-01T20:44:56,2026-10-01T20:46:00,,,,63.175,,,,,,,,,,unknown,2000001,1180
Random-100-50-4-5_0,100,50,24,23,emitter-default,False,old,unknown,2000001,81.368,,2000000,3.47e+06,item04,2026-10-01T20:46:03,2026-10-01T20:47:25,,,,81.368,,,,,,,,,,unknown,2000001,145
Random-100-100-6-5_0,100,100,63,62,emitter-default,False,old,unknown,2000001,104.228,,2000000,3.55e+06,item04,2026-10-01T20:46:36,2026-10-01T20:48:21,,,,104.228,,,,,,,,,,unknown,2000001,1274
Random-75-75-2-5_0,75,75,16,15,emitter-default,False,old,unknown,2000001,60.141,,2000000,3.55e+06,item04,2026-10-01T20:47:27,2026-10-01T20:48:28,,,,60.141,,,,,,,,,,unknown,2000001,778
Random-100-100-6-4_0,100,100,65,64,emitter-default,False,old,unknown,2000001,94.219,,2000000,4.17e+06,item04,2026-10-01T20:48:24,2026-10-01T20:49:59,,,,94.219,,,,,,,,,,unknown,2000001,2711
Random-100-50-6-3_0,100,50,46,45,emitter-default,False,old,unknown,2000001,100.981,,2000000,4.36e+06,item04,2026-10-01T20:48:30,2026-10-01T20:50:12,,,,100.981,,,,,,,,,,unknown,2000001,606
Random-100-100-6-3_0,100,100,61,60,emitter-default,False,old,unknown,2000001,102.752,,2000000,5.3e+06,item04,2026-10-01T20:50:01,2026-10-01T20:51:45,,,,102.752,,,,,,,,,,unknown,2000001,427
Random-125-125-8-3_0,125,125,95,94,emitter-default,False,old,unknown,2000001,130.004,,2000000,6.15e+06,item04,2026-10-01T20:50:15,2026-10-01T20:52:26,,,,130.004,,,,,,,,,,unknown,2000001,71
Random-125-125-8-5_0,125,125,91,90,emitter-default,False,old,unknown,2000001,128.914,,2000000,1.71e+07,item04,2026-10-01T20:51:47,2026-10-01T20:53:57,,,,128.914,,,,,,,,,,unknown,2000001,32
Random-100-50-6-5_0,100,50,39,38,emitter-default,False,old,unknown,2000001,86.427,,2000000,2.31e+07,item04,2026-10-01T20:52:28,2026-10-01T20:53:55,,,,86.427,,,,,,,,,,unknown,2000001,830
Random-100-50-4-1_0,100,50,26,25,emitter-default,False,old,unknown,2000001,91.399,,2000000,3.06e+07,item04,2026-10-01T20:53:58,2026-10-01T20:55:30,,,,91.399,,,,,,,,,,unknown,2000001,1306
Random-100-50-6-2_0,100,50,43,42,emitter-default,False,old,unknown,2000001,92.232,,2000000,3.9e+07,item04,2026-10-01T20:53:59,2026-10-01T20:55:33,,,,92.232,,,,,,,,,,unknown,2000001,324
Random-100-50-4-2_0,100,50,29,28,emitter-default,False,old,unknown,2000001,83.99,,2000000,3.94e+07,item04,2026-10-01T20:55:33,2026-10-01T20:56:58,,,,83.99,,,,,,,,,,unknown,2000001,386
Random-125-125-6-1_0,125,125,81,80,emitter-default,False,old,unknown,2000001,129.202,,2000000,6.19e+07,item04,2026-10-01T20:55:35,2026-10-01T20:57:45,,,,129.202,,,,,,,,,,unknown,2000001,442
Random-100-50-4-3_0,100,50,29,28,emitter-default,False,old,unknown,2000001,93.195,,2000000,1.19e+08,item04,2026-10-01T20:57:00,2026-10-01T20:58:34,,,,93.195,,,,,,,,,,unknown,2000001,243
SP3,75,75,34,33,emitter-default,False,old,unknown,2000001,74.138,,2000000,1.23e+08,ledger-seconds,2026-10-01T20:57:48,2026-10-01T20:59:03,,,,74.138,,,,,,,,,,unknown,2000001,1479
SP3_0,75,75,34,33,emitter-default,False,old,unknown,2000001,72.755,,2000000,1.63e+08,ledger-seconds,2026-10-01T20:58:37,2026-10-01T20:59:50,,,,72.755,,,,,,,,,,unknown,2000001,1479
Random-100-100-4-2_0,100,100,50,49,emitter-csearch,True,old,unknown,2000001,121.557,,2000000,1.77e+08,item04,2026-10-01T20:59:05,2026-10-01T21:01:08,,,,121.557,,,,,,,,,,unknown,2000001,271
Random-100-100-4-1_0,100,100,46,45,emitter-csearch,True,old,unknown,2000001,114.38,,2000000,1.95e+08,item04,2026-10-01T20:59:53,2026-10-01T21:01:48,,,,114.38,,,,,,,,,,unknown,2000001,981
Random-100-50-4-4_0,100,50,24,23,emitter-default,False,old,unknown,2000001,88.604,,2000000,2.44e+08,item04,2026-10-01T21:01:10,2026-10-01T21:02:40,,,,88.604,,,,,,,,,,unknown,2000001,205
Random-100-100-4-4_0,100,100,44,43,emitter-csearch,True,old,unknown,2000001,126.114,,2000000,4.27e+08,item04,2026-10-01T21:01:51,2026-10-01T21:03:59,,,,126.114,,,,,,,,,,unknown,2000001,754
Random-100-100-2-2_0,100,100,20,19,emitter-csearch,True,old,unknown,2000001,108.334,,2000000,9.9e+08,ledger-seconds,2026-10-01T21:02:42,2026-10-01T21:04:32,,,,108.334,,,,,,,,,,unknown,2000001,16
Random-100-100-4-3_0,100,100,43,42,emitter-csearch,True,old,unknown,2000001,109.974,,2000000,9.9e+08,ledger-seconds,2026-10-01T21:04:01,2026-10-01T21:05:52,,,,109.974,,,,,,,,,,unknown,2000001,716
Random-100-100-4-5_0,100,100,42,41,emitter-csearch,True,old,unknown,2000001,123.463,,2000000,9.9e+08,ledger-seconds,2026-10-01T21:04:34,2026-10-01T21:06:39,,,,123.463,,,,,,,,,,unknown,2000001,498
SP4,100,100,53,52,emitter-csearch,True,old,unknown,2000001,123.258,,2000000,9.9e+08,ledger-seconds,2026-10-01T21:05:55,2026-10-01T21:07:59,,,,123.258,,,,,,,,,,unknown,2000001,570
SP4_0,100,100,53,52,emitter-csearch,True,old,unknown,2000001,123.376,,2000000,9.9e+08,ledger-seconds,2026-10-01T21:06:41,2026-10-01T21:08:46,,,,123.376,,,,,,,,,,unknown,2000001,570
Random-125-125-6-3_0,125,125,80,79,emitter-default,False,old,unknown,2000001,128.824,,2000000,9.9e+08,ledger-seconds,2026-10-01T21:08:02,2026-10-01T21:10:12,,,,128.824,,,,,,,,,,unknown,2000001,204
Random-100-100-2-5_0,100,100,19,18,emitter-csearch,True,old,unknown,2000001,100.884,,2000000,1.15e+09,item04-censored,2026-10-01T21:08:48,2026-10-01T21:10:30,,,,100.884,,,,,,,,,,unknown,2000001,294
Random-100-100-2-4_0,100,100,15,14,emitter-default,False,old,unknown,2000001,69.232,,2000000,1.44e+09,item04-censored,2026-10-01T21:10:14,2026-10-01T21:11:24,,,,69.232,,,,,,,,,,unknown,2000001,70
Random-100-100-2-1_0,100,100,24,23,emitter-csearch,True,old,unknown,2000001,102.417,,2000000,1.44e+09,cost-model,2026-10-01T21:10:33,2026-10-01T21:12:16,,,,102.417,,,,,,,,,,unknown,2000001,138
Random-125-125-6-4_0,125,125,80,79,emitter-default,False,old,unknown,2000001,123.494,,2000000,1.48e+09,cost-model,2026-10-01T21:11:26,2026-10-01T21:13:31,,,,123.494,,,,,,,,,,unknown,2000001,277
Random-125-125-6-2_0,125,125,77,76,emitter-default,False,old,unknown,2000001,123.243,,2000000,1.51e+09,cost-model,2026-10-01T21:12:18,2026-10-01T21:14:23,,,,123.243,,,,,,,,,,unknown,2000001,1718
Random-100-100-2-3_0,100,100,23,22,emitter-csearch,True,old,unknown,2000001,96.191,,2000000,1.65e+09,cost-model,2026-10-01T21:13:33,2026-10-01T21:15:10,,,,96.191,,,,,,,,,,unknown,2000001,72
Random-125-125-6-5_0,125,125,74,73,emitter-default,False,old,unknown,2000001,148.405,,2000000,5.15e+09,cost-model,2026-10-01T21:14:25,2026-10-01T21:16:55,,,,148.405,,,,,,,,,,unknown,2000001,260
Random-125-125-4-3_0,125,125,54,53,emitter-csearch,True,old,unknown,2000001,152.178,,2000000,2.35e+10,ledger-seconds,2026-10-01T21:15:13,2026-10-01T21:17:47,,,,152.178,,,,,,,,,,unknown,2000001,1185
Random-125-125-4-1_0,125,125,57,56,emitter-csearch,True,old,unknown,2000001,152.983,,2000000,2.91e+10,ledger-seconds,2026-10-01T21:16:57,2026-10-01T21:19:31,,,,152.983,,,,,,,,,,unknown,2000001,459
Random-125-125-2-4_0,125,125,24,23,emitter-csearch,True,old,unknown,2000001,129.844,,2000000,1.88e+11,cost-model,2026-10-01T21:17:49,2026-10-01T21:20:00,,,,129.844,,,,,,,,,,unknown,2000001,173
Random-125-125-4-5_0,125,125,46,45,emitter-csearch,True,old,unknown,2000001,134.194,,2000000,2e+11,cost-model,2026-10-01T21:19:34,2026-10-01T21:21:49,,,,134.194,,,,,,,,,,unknown,2000001,380
Random-125-125-4-2_0,125,125,57,56,emitter-csearch,True,old,unknown,2000001,146.251,,2000000,2.42e+11,cost-model,2026-10-01T21:20:03,2026-10-01T21:22:30,,,,146.251,,,,,,,,,,unknown,2000001,411
Random-125-125-2-1_0,125,125,24,23,emitter-csearch,True,old,unknown,2000001,116.222,,2000000,3.01e+11,cost-model,2026-10-01T21:21:52,2026-10-01T21:23:49,,,,116.222,,,,,,,,,,unknown,2000001,103
Random-125-125-2-5_0,125,125,20,19,emitter-csearch,True,old,unknown,2000001,133.595,,2000000,4.58e+11,recertify,2026-10-01T21:22:33,2026-10-01T21:24:47,,,,133.595,,,,,,,,,,unknown,2000001,446
Random-125-125-4-4_0,125,125,51,50,emitter-csearch,True,old,unknown,2000001,129.61,,2000000,6.08e+11,cost-model,2026-10-01T21:23:51,2026-10-01T21:26:02,,,,129.61,,,,,,,,,,unknown,2000001,153
