instance_name,n,m,value,k,config,better_move,setting,status,nodes,seconds,deadline,max_nodes,price_nodes,price_source,started,finished,filter_calls,definite_prefilter,definite_match_fail,definite_fires,definite_lost,better_prefilter,better_match_fail,better_pruned,audit_definite_fail,audit_better_fail,audit_nodes_fail,audit_nodes
Random-50-100-10-3_0,50,100,48,47,csearch,False,repaired,unsat,2,0.001,36359,,2,item04,2026-10-01T20:09:01,2026-10-01T20:09:01,2,0,0,0,0,0,0,0,,,,
Random-50-100-8-2_0,50,100,47,46,csearch,False,repaired,unsat,16,0.001,36359,,16,item04,2026-10-01T20:09:01,2026-10-01T20:09:01,2,0,0,0,0,0,0,0,,,,
Random-50-50-10-4_0,50,50,45,44,csearch,False,repaired,unsat,25,0.001,36359,,25,item04,2026-10-01T20:09:01,2026-10-01T20:09:01,5,0,0,0,0,0,0,0,,,,
Random-50-50-10-2_0,50,50,43,42,csearch,False,repaired,unsat,47,0.001,36359,,47,item04,2026-10-01T20:09:01,2026-10-01T20:09:01,11,1,0,1,0,0,0,0,,,,
Random-50-50-8-4_0,50,50,42,41,csearch,False,repaired,unsat,88,0.001,36359,,88,item04,2026-10-01T20:09:01,2026-10-01T20:09:01,24,3,0,3,0,0,0,0,,,,
Random-50-100-6-2_0,50,100,44,43,csearch,False,repaired,unsat,91,0.001,36359,,91,item04,2026-10-01T20:09:01,2026-10-01T20:09:01,17,2,0,2,0,0,0,0,,,,
Random-40-40-6-2_0,40,40,30,29,csearch,False,repaired,unsat,220,0.001,36359,,220,item04,2026-10-01T20:09:01,2026-10-01T20:09:01,60,8,0,8,0,0,0,0,,,,
Random-40-40-6-4_0,40,40,29,28,csearch,False,repaired,unsat,415,0.001,36359,,415,item04,2026-10-01T20:09:01,2026-10-01T20:09:01,115,17,0,17,0,0,0,0,,,,
Random-75-75-10-3_0,75,75,65,64,csearch,False,repaired,unsat,443,0.002,36359,,443,item04,2026-10-01T20:09:01,2026-10-01T20:09:01,92,5,0,5,0,0,0,0,,,,
Random-75-75-10-1_0,75,75,66,65,csearch,False,repaired,unsat,534,0.002,36359,,534,item04,2026-10-01T20:09:01,2026-10-01T20:09:01,98,5,0,5,0,0,0,0,,,,
Random-50-50-6-4_0,50,50,35,34,csearch,False,repaired,unsat,547,0.002,36359,,547,item04,2026-10-01T20:09:01,2026-10-01T20:09:01,148,19,0,19,0,0,0,0,,,,
Random-50-50-6-3_0,50,50,33,32,csearch,False,repaired,unsat,953,0.003,36359,,953,item04,2026-10-01T20:09:01,2026-10-01T20:09:01,267,45,0,45,0,0,0,0,,,,
Random-50-50-6-1_0,50,50,36,35,csearch,False,repaired,unsat,1173,0.004,36359,,1.17e+03,item04,2026-10-01T20:09:01,2026-10-01T20:09:01,309,20,0,20,0,0,0,0,,,,
Random-50-100-4-4_0,50,100,35,34,csearch,False,repaired,unsat,1284,0.004,36359,,1.28e+03,item04,2026-10-01T20:09:01,2026-10-01T20:09:01,323,27,0,27,0,0,0,0,,,,
Random-50-50-6-2_0,50,50,35,34,csearch,False,repaired,unsat,1375,0.004,36359,,1.38e+03,item04,2026-10-01T20:09:01,2026-10-01T20:09:01,393,58,0,58,0,0,0,0,,,,
Random-50-100-4-5_0,50,100,35,34,csearch,False,repaired,unsat,1638,0.005,36359,,1.64e+03,item04,2026-10-01T20:09:01,2026-10-01T20:09:01,309,17,0,17,0,0,0,0,,,,
Random-50-50-4-5_0,50,50,22,21,csearch,True,repaired,unsat,1719,0.005,36359,,1.72e+03,item04,2026-10-01T20:09:01,2026-10-01T20:09:01,619,160,0,160,0,100,0,100,,,,
Random-75-75-8-1_0,75,75,58,57,csearch,False,repaired,unsat,2670,0.007,36359,,2.67e+03,item04,2026-10-01T20:09:01,2026-10-01T20:09:01,578,32,0,32,0,0,0,0,,,,
Random-75-75-8-3_0,75,75,60,59,csearch,False,repaired,unsat,3050,0.007,36359,,3.05e+03,item04,2026-10-01T20:09:01,2026-10-01T20:09:01,496,19,0,19,0,0,0,0,,,,
Random-75-75-8-5_0,75,75,59,58,csearch,False,repaired,unsat,5904,0.015,36359,,5.9e+03,item04,2026-10-01T20:09:01,2026-10-01T20:09:01,1231,75,0,75,0,0,0,0,,,,
Random-50-50-4-4_0,50,50,27,26,csearch,True,repaired,unsat,6829,0.031,36359,,6.83e+03,item04,2026-10-01T20:09:01,2026-10-01T20:09:01,2317,440,0,440,0,363,0,363,,,,
Random-100-100-10-5_0,100,100,84,83,csearch,False,repaired,unsat,6979,0.014,36358,,6.98e+03,item04,2026-10-01T20:09:01,2026-10-01T20:09:01,1115,27,0,27,0,0,0,0,,,,
Random-100-100-10-1_0,100,100,87,86,csearch,False,repaired,unsat,7013,0.018,36358,,7.01e+03,item04,2026-10-01T20:09:01,2026-10-01T20:09:01,1051,29,0,29,0,0,0,0,,,,
Random-50-50-4-3_0,50,50,24,23,csearch,True,repaired,unsat,7388,0.014,36358,,7.39e+03,item04,2026-10-01T20:09:01,2026-10-01T20:09:01,2515,542,14,528,10,520,8,512,,,,
Random-100-100-10-2_0,100,100,85,84,csearch,False,repaired,unsat,7452,0.02,36358,,7.45e+03,item04,2026-10-01T20:09:01,2026-10-01T20:09:02,1242,59,0,59,0,0,0,0,,,,
Random-100-100-10-3_0,100,100,83,82,csearch,False,repaired,unsat,22881,0.046,36358,,2.29e+04,item04,2026-10-01T20:09:02,2026-10-01T20:09:02,3644,101,0,101,0,0,0,0,,,,
Random-50-50-4-2_0,50,50,25,24,csearch,True,repaired,unsat,29081,0.058,36358,,2.91e+04,item04,2026-10-01T20:09:02,2026-10-01T20:09:02,12437,4321,0,4321,0,3122,1,3121,,,,
Random-50-50-2-5_0,50,50,14,13,csearch,True,repaired,unsat,32076,0.056,36358,,3.21e+04,item04,2026-10-01T20:09:02,2026-10-01T20:09:02,18720,13237,16,13221,1,5097,6,5091,,,,
Random-75-75-6-3_0,75,75,51,50,csearch,False,repaired,unsat,37039,0.11,36358,,3.7e+04,item04,2026-10-01T20:09:02,2026-10-01T20:09:02,7346,291,0,291,0,0,0,0,,,,
Random-75-75-6-2_0,75,75,52,51,csearch,False,repaired,unsat,37122,0.076,36358,,3.71e+04,item04,2026-10-01T20:09:02,2026-10-01T20:09:02,8829,846,6,840,6,0,0,0,,,,
Random-100-100-8-1_0,100,100,79,78,csearch,False,repaired,unsat,44237,0.101,36358,,4.42e+04,item04,2026-10-01T20:09:02,2026-10-01T20:09:02,6315,137,0,137,0,0,0,0,,,,
Random-50-100-2-1_0,50,100,19,18,csearch,False,repaired,unsat,55325,0.085,36358,,5.53e+04,item04,2026-10-01T20:09:02,2026-10-01T20:09:02,18450,6016,17,5999,14,0,0,0,,,,
Random-50-100-2-2_0,50,100,21,20,csearch,False,repaired,unsat,61509,0.092,36358,,6.15e+04,item04,2026-10-01T20:09:02,2026-10-01T20:09:02,22302,8059,8,8051,6,0,0,0,,,,
Random-125-125-10-4_0,125,125,105,104,csearch,False,repaired,unsat,65635,0.135,36358,,6.56e+04,item04,2026-10-01T20:09:02,2026-10-01T20:09:02,8527,120,0,120,0,0,0,0,,,,
Random-125-125-10-1_0,125,125,105,104,csearch,False,repaired,unsat,71324,0.149,36358,,7.13e+04,item04,2026-10-01T20:09:02,2026-10-01T20:09:02,9726,138,0,138,0,0,0,0,,,,
Random-50-100-2-3_0,50,100,22,21,csearch,False,repaired,unsat,71514,0.106,36358,,7.15e+04,item04,2026-10-01T20:09:02,2026-10-01T20:09:02,24963,6963,57,6906,17,0,0,0,,,,
Random-50-100-2-4_0,50,100,24,23,csearch,False,repaired,unsat,76080,0.099,36358,,7.61e+04,item04,2026-10-01T20:09:02,2026-10-01T20:09:02,20953,4667,1,4666,0,0,0,0,,,,
Random-125-125-10-3_0,125,125,103,102,csearch,False,repaired,unsat,86581,0.135,36358,,8.66e+04,item04,2026-10-01T20:09:02,2026-10-01T20:09:02,11603,174,0,174,0,0,0,0,,,,
Random-75-75-6-5_0,75,75,51,50,csearch,False,repaired,unsat,88537,0.133,36358,,8.85e+04,item04,2026-10-01T20:09:02,2026-10-01T20:09:02,19738,1639,32,1607,30,0,0,0,,,,
Random-75-75-6-4_0,75,75,47,46,csearch,False,repaired,unsat,92992,0.122,36358,,9.3e+04,item04,2026-10-01T20:09:02,2026-10-01T20:09:02,21229,1255,18,1237,16,0,0,0,,,,
Random-100-100-8-2_0,100,100,76,75,csearch,False,repaired,unsat,93656,0.149,36358,,9.37e+04,item04,2026-10-01T20:09:02,2026-10-01T20:09:02,15779,272,9,263,9,0,0,0,,,,
Random-100-50-10-4_0,100,50,65,64,csearch,False,repaired,unsat,110685,0.177,36358,,1.11e+05,item04,2026-10-01T20:09:02,2026-10-01T20:09:02,33626,4070,12,4058,10,0,0,0,,,,
Random-75-75-6-1_0,75,75,49,48,csearch,False,repaired,unsat,126935,0.161,36358,,1.27e+05,item04,2026-10-01T20:09:02,2026-10-01T20:09:02,35130,5362,9,5353,7,0,0,0,,,,
Random-100-100-8-4_0,100,100,77,76,csearch,False,repaired,unsat,150242,0.191,36358,,1.5e+05,item04,2026-10-01T20:09:02,2026-10-01T20:09:02,26298,1257,0,1257,0,0,0,0,,,,
Random-125-125-10-2_0,125,125,104,103,csearch,False,repaired,unsat,164086,0.244,36358,,1.64e+05,item04,2026-10-01T20:09:02,2026-10-01T20:09:02,23017,561,3,558,2,0,0,0,,,,
Random-100-50-10-2_0,100,50,68,67,csearch,False,repaired,unsat,164713,0.205,36358,,1.65e+05,item04,2026-10-01T20:09:02,2026-10-01T20:09:02,51506,9190,246,8944,145,0,0,0,,,,
Random-100-100-8-5_0,100,100,75,74,csearch,False,repaired,unsat,165587,0.202,36358,,1.66e+05,item04,2026-10-01T20:09:02,2026-10-01T20:09:02,28780,925,2,923,2,0,0,0,,,,
Random-50-100-2-5_0,50,100,20,19,csearch,False,repaired,unsat,179511,0.155,36358,,1.8e+05,item04,2026-10-01T20:09:02,2026-10-01T20:09:02,52568,11307,84,11223,54,0,0,0,,,,
Random-100-50-10-3_0,100,50,68,67,csearch,False,repaired,unsat,223169,0.248,36358,,2.23e+05,item04,2026-10-01T20:09:02,2026-10-01T20:09:02,69099,14362,134,14228,84,0,0,0,,,,
Random-125-125-10-5_0,125,125,99,98,csearch,False,repaired,unsat,241173,0.272,36357,,2.41e+05,item04,2026-10-01T20:09:02,2026-10-01T20:09:03,30122,215,0,215,0,0,0,0,,,,
Random-100-100-8-3_0,100,100,76,75,csearch,False,repaired,unsat,262475,0.327,36357,,2.62e+05,item04,2026-10-01T20:09:02,2026-10-01T20:09:03,50920,2361,12,2349,12,0,0,0,,,,
Random-75-75-4-2_0,75,75,35,34,csearch,True,repaired,unsat,308516,0.355,36357,,3.09e+05,item04,2026-10-01T20:09:02,2026-10-01T20:09:03,107273,27234,62,27172,20,17961,5,17956,,,,
Random-100-50-10-1_0,100,50,68,67,csearch,False,repaired,unsat,338981,0.377,36357,,3.39e+05,item04,2026-10-01T20:09:02,2026-10-01T20:09:03,98009,14398,96,14302,56,0,0,0,,,,
Random-75-75-2-1_0,75,75,16,15,csearch,True,repaired,unsat,348979,0.362,36357,,3.49e+05,item04,2026-10-01T20:09:02,2026-10-01T20:09:03,148280,86432,390,86042,318,30295,76,30219,,,,
Random-100-50-10-5_0,100,50,67,66,csearch,True,repaired,unsat,362751,0.525,36357,,3.63e+05,item04,2026-10-01T20:09:02,2026-10-01T20:09:03,97490,12758,92,12666,54,9343,12,9331,,,,
Random-75-75-4-1_0,75,75,35,34,csearch,True,repaired,unsat,503374,0.51,36357,,5.03e+05,item04,2026-10-01T20:09:02,2026-10-01T20:09:03,191204,60756,250,60506,104,27544,32,27512,,,,
Random-100-50-8-2_0,100,50,55,54,csearch,True,repaired,unsat,613289,0.747,36357,,6.13e+05,item04,2026-10-01T20:09:02,2026-10-01T20:09:03,192016,31199,348,30851,228,24355,90,24265,,,,
Random-75-75-2-3_0,75,75,17,16,csearch,True,repaired,unsat,870426,0.787,36357,,8.7e+05,item04,2026-10-01T20:09:02,2026-10-01T20:09:03,370104,238193,992,237201,620,75615,70,75545,,,,
Random-125-125-8-1_0,125,125,95,94,csearch,False,repaired,unsat,1058407,1.098,36357,,1.06e+06,item04,2026-10-01T20:09:02,2026-10-01T20:09:04,151604,3215,33,3182,33,0,0,0,,,,
Random-75-75-4-5_0,75,75,32,31,csearch,True,repaired,unsat,1289347,1.17,36357,,1.29e+06,item04,2026-10-01T20:09:02,2026-10-01T20:09:04,538597,260773,5624,255149,2454,92252,583,91669,,,,
Random-125-125-8-4_0,125,125,94,93,csearch,False,repaired,unsat,1331898,1.392,36357,,1.33e+06,item04,2026-10-01T20:09:02,2026-10-01T20:09:04,190556,4482,31,4451,31,0,0,0,,,,
Random-100-50-8-1_0,100,50,55,54,csearch,True,repaired,unsat,1340462,1.573,36357,,1.34e+06,item04,2026-10-01T20:09:03,2026-10-01T20:09:04,494094,131799,2546,129253,1360,63473,178,63295,,,,
Random-100-50-8-4_0,100,50,60,59,csearch,True,repaired,unsat,1518997,1.54,36357,,1.52e+06,item04,2026-10-01T20:09:03,2026-10-01T20:09:04,527382,112335,1638,110697,676,64694,134,64560,,,,
Random-75-75-4-4_0,75,75,32,31,csearch,True,repaired,unsat,1910664,1.507,36357,,1.91e+06,item04,2026-10-01T20:09:03,2026-10-01T20:09:04,680324,216963,962,216001,341,121835,128,121707,,,,
Random-100-50-8-3_0,100,50,56,55,csearch,True,repaired,unsat,1967666,2.047,36357,,1.97e+06,item04,2026-10-01T20:09:03,2026-10-01T20:09:05,658356,133692,1635,132057,927,69486,175,69311,,,,
Random-100-50-6-4_0,100,50,48,47,csearch,True,repaired,unsat,2393070,2.321,36357,,2.39e+06,item04,2026-10-01T20:09:03,2026-10-01T20:09:05,872951,230772,1116,229656,353,113309,205,113104,,,,
Random-75-75-2-2_0,75,75,17,16,csearch,True,repaired,unsat,2413576,1.888,36357,,2.41e+06,item04,2026-10-01T20:09:03,2026-10-01T20:09:05,993040,599365,952,598413,487,138763,78,138685,,,,
Random-100-100-6-2_0,100,100,66,65,csearch,False,repaired,unsat,3086336,2.473,36357,,3.09e+06,item04,2026-10-01T20:09:03,2026-10-01T20:09:06,639597,39676,378,39298,304,0,0,0,,,,
Random-100-100-6-1_0,100,100,68,67,csearch,False,repaired,unsat,3116649,2.452,36357,,3.12e+06,item04,2026-10-01T20:09:03,2026-10-01T20:09:06,687105,73387,791,72596,663,0,0,0,,,,
Random-100-50-8-5_0,100,50,55,54,csearch,True,repaired,unsat,2454987,3.046,36357,,2.45e+06,item04,2026-10-01T20:09:03,2026-10-01T20:09:06,806021,177818,2583,175235,1510,72041,217,71824,,,,
Random-125-125-8-2_0,125,125,93,92,csearch,False,repaired,unsat,2817917,3.019,36357,,2.82e+06,item04,2026-10-01T20:09:03,2026-10-01T20:09:06,397470,6884,74,6810,73,0,0,0,,,,
Random-75-75-4-3_0,75,75,37,36,csearch,True,repaired,unsat,2905686,2.752,36357,,2.91e+06,item04,2026-10-01T20:09:03,2026-10-01T20:09:06,986807,254264,1127,253137,682,138834,65,138769,,,,
Random-100-50-6-1_0,100,50,44,43,csearch,True,repaired,unsat,2982321,3.042,36357,,2.98e+06,item04,2026-10-01T20:09:03,2026-10-01T20:09:06,1182641,409804,4680,405124,2433,142036,163,141873,,,,
Random-75-75-2-4_0,75,75,13,12,csearch,True,repaired,unsat,3151616,2.453,36356,,3.15e+06,item04,2026-10-01T20:09:03,2026-10-01T20:09:06,1245764,832247,3125,829122,62,302119,1,302118,,,,
Random-100-100-6-5_0,100,100,63,62,csearch,False,repaired,unsat,3547950,2.76,36356,,3.55e+06,item04,2026-10-01T20:09:03,2026-10-01T20:09:06,886148,140950,2643,138307,1447,0,0,0,,,,
Random-75-75-2-5_0,75,75,16,15,csearch,True,repaired,unsat,3551424,2.663,36356,,3.55e+06,item04,2026-10-01T20:09:03,2026-10-01T20:09:06,1533053,968974,4681,964293,112,406382,186,406196,,,,
Random-100-50-4-5_0,100,50,24,23,csearch,True,repaired,unsat,3466168,2.926,36356,,3.47e+06,item04,2026-10-01T20:09:03,2026-10-01T20:09:06,1432779,884080,4345,879735,393,108858,332,108526,,,,
SP3,75,75,34,33,csearch,True,repaired,unsat,1398869,1.102,36354,,1.23e+08,ledger-seconds,2026-10-01T20:09:06,2026-10-01T20:09:07,429325,104000,1254,102746,974,69788,137,69651,,,,
SP3_0,75,75,34,33,csearch,True,repaired,unsat,1398869,1.12,36354,,1.63e+08,ledger-seconds,2026-10-01T20:09:06,2026-10-01T20:09:07,429325,104000,1254,102746,974,69788,137,69651,,,,
Random-100-100-6-4_0,100,100,65,64,csearch,False,repaired,unsat,4166995,3.664,36356,,4.17e+06,item04,2026-10-01T20:09:04,2026-10-01T20:09:07,1088786,185235,3853,181382,2760,0,0,0,,,,
Random-100-50-6-3_0,100,50,46,45,csearch,True,repaired,unsat,4361401,4.563,36356,,4.36e+06,item04,2026-10-01T20:09:04,2026-10-01T20:09:08,1514034,408731,1924,406807,652,143099,213,142886,,,,
Random-100-100-6-3_0,100,100,61,60,csearch,False,repaired,unsat,5301972,4.349,36356,,5.3e+06,item04,2026-10-01T20:09:04,2026-10-01T20:09:08,1250765,144048,1012,143036,741,0,0,0,,,,
Random-125-125-8-3_0,125,125,95,94,csearch,False,repaired,unsat,6153953,5.608,36356,,6.15e+06,item04,2026-10-01T20:09:04,2026-10-01T20:09:10,1091030,58072,459,57613,401,0,0,0,,,,
Random-125-125-8-5_0,125,125,91,90,csearch,False,repaired,unsat,17120155,14.935,36355,,1.71e+07,item04,2026-10-01T20:09:04,2026-10-01T20:09:19,2967536,180691,1064,179627,937,0,0,0,,,,
Random-100-50-6-5_0,100,50,39,38,csearch,True,repaired,unsat,23061664,19.698,36355,,2.31e+07,item04,2026-10-01T20:09:04,2026-10-01T20:09:24,9856817,4823404,22968,4800436,5427,1052753,1058,1051695,,,,
Random-100-50-4-2_0,100,50,29,28,csearch,True,repaired,unsat,39380970,21.052,36354,,3.94e+07,item04,2026-10-01T20:09:05,2026-10-01T20:09:26,17179795,9378650,8172,9370478,997,1524180,1541,1522639,,,,
Random-100-50-4-1_0,100,50,26,25,csearch,True,repaired,unsat,30636502,25.145,36355,,3.06e+07,item04,2026-10-01T20:09:04,2026-10-01T20:09:30,12604010,6708505,18238,6690267,3554,1915016,538,1914478,,,,
Random-100-50-6-2_0,100,50,43,42,csearch,True,repaired,unsat,39000004,25.9,36355,,3.9e+07,item04,2026-10-01T20:09:05,2026-10-01T20:09:30,16515860,7005314,29786,6975528,12644,1698010,3534,1694476,,,,
SP4,100,100,53,52,csearch,True,repaired,unsat,49601080,37.127,36353,,9.9e+08,ledger-seconds,2026-10-01T20:09:07,2026-10-01T20:09:44,16965427,5366323,22319,5344004,15660,2595938,3507,2592431,,,,
SP4_0,100,100,53,52,csearch,True,repaired,unsat,49601080,53.45,36352,,9.9e+08,ledger-seconds,2026-10-01T20:09:07,2026-10-01T20:10:01,16965427,5366323,22319,5344004,15660,2595938,3507,2592431,,,,
Random-125-125-6-1_0,125,125,81,80,csearch,False,repaired,unsat,61850290,65.004,36354,,6.19e+07,item04,2026-10-01T20:09:05,2026-10-01T20:10:10,13180150,1484475,8911,1475564,7719,0,0,0,,,,
Random-100-50-4-3_0,100,50,29,28,csearch,True,repaired,unsat,119355702,94.608,36354,,1.19e+08,item04,2026-10-01T20:09:05,2026-10-01T20:10:40,53007348,30051605,27020,30024585,4574,6488415,324,6488091,,,,
Random-100-100-4-2_0,100,100,50,49,csearch,True,repaired,unsat,177309806,129.463,36353,,1.77e+08,item04,2026-10-01T20:09:06,2026-10-01T20:11:16,61116113,19341227,50389,19290838,37089,9497674,4099,9493575,,,,
Random-100-100-4-1_0,100,100,46,45,csearch,True,repaired,unsat,195426927,138.948,36353,,1.95e+08,item04,2026-10-01T20:09:06,2026-10-01T20:11:25,83685174,40598153,199469,40398684,113976,14664849,9658,14655191,,,,
Random-100-50-4-4_0,100,50,24,23,csearch,True,repaired,unsat,244306650,162.609,36353,,2.44e+08,item04,2026-10-01T20:09:06,2026-10-01T20:11:49,101605928,56351534,42791,56308743,2431,12033428,6252,12027176,,,,
Random-125-125-6-3_0,125,125,80,79,csearch,False,repaired,unsat,274772294,220.497,36352,,9.9e+08,ledger-seconds,2026-10-01T20:09:07,2026-10-01T20:12:48,73958545,14742439,115598,14626841,90438,0,0,0,,,,
Random-100-100-4-4_0,100,100,44,43,csearch,True,repaired,unsat,427274058,293.737,36353,,4.27e+08,item04,2026-10-01T20:09:06,2026-10-01T20:14:00,158582313,61477635,177682,61299953,118436,28357176,28069,28329107,,,,
Random-125-125-6-4_0,125,125,80,79,csearch,False,repaired,unsat,399764722,413.124,36350,,1.48e+09,cost-model,2026-10-01T20:09:10,2026-10-01T20:16:03,111531765,29828012,172630,29655382,133255,0,0,0,,,,
Random-100-100-2-2_0,100,100,20,19,csearch,True,repaired,unsat,857633617,544.559,36353,,9.9e+08,ledger-seconds,2026-10-01T20:09:06,2026-10-01T20:18:11,354004428,245874641,18460,245856181,8884,64082565,3426,64079139,,,,
Random-125-125-6-2_0,125,125,77,76,csearch,False,repaired,unsat,626234831,580.889,36340,,1.51e+09,cost-model,2026-10-01T20:09:20,2026-10-01T20:19:01,221544308,80056924,594630,79462294,456842,0,0,0,,,,
Random-100-100-4-5_0,100,100,42,41,csearch,True,repaired,unsat,917412915,645.981,36353,,9.9e+08,ledger-seconds,2026-10-01T20:09:06,2026-10-01T20:19:52,314977720,111778083,820843,110957240,526814,45868363,45089,45823274,,,,
Random-100-100-4-3_0,100,100,43,42,csearch,True,repaired,unsat,1221375206,849.051,36353,,9.9e+08,ledger-seconds,2026-10-01T20:09:06,2026-10-01T20:23:16,515794059,263262740,711739,262551001,500765,71593276,20613,71572663,,,,
Random-125-125-6-5_0,125,125,74,73,csearch,False,repaired,unsat,1522347373,1216.294,36333,,5.15e+09,cost-model,2026-10-01T20:09:27,2026-10-01T20:29:43,460863458,125498571,781306,124717265,631167,0,0,0,,,,
Random-100-100-2-4_0,100,100,15,14,csearch,True,repaired,unsat,3578415731,1359.668,36351,,1.44e+09,item04-censored,2026-10-01T20:09:09,2026-10-01T20:31:48,1900191669,1557871314,291961,1557579353,60025,417537685,11259,417526426,,,,
Random-100-100-2-5_0,100,100,19,18,csearch,True,repaired,unsat,12429560110,6593.701,36352,,1.15e+09,item04-censored,2026-10-01T20:09:08,2026-10-01T21:59:01,5513986552,4277705322,3831866,4273873456,179775,1509379486,269772,1509109714,,,,
Random-100-100-2-1_0,100,100,24,23,csearch,True,repaired,unsat,15364879955,8647.05,36351,,1.44e+09,cost-model,2026-10-01T20:09:09,2026-10-01T22:33:16,6048953594,4012951308,2026541,4010924767,980544,1237969630,80133,1237889497,,,,
Random-100-100-2-3_0,100,100,23,22,csearch,True,repaired,unsat,21409927591,10489.158,36335,,1.65e+09,cost-model,2026-10-01T20:09:25,2026-10-01T23:04:14,9484290533,6848156639,7735141,6840421498,3149582,2177813531,162682,2177650849,,,,
Random-125-125-4-3_0,125,125,54,53,csearch,True,repaired,unsat,37191364697,26756.713,36330,,2.35e+10,ledger-seconds,2026-10-01T20:09:30,2026-10-02T03:35:27,14026973556,6383314989,28894354,6354420635,18376497,2157447545,1078385,2156369160,,,,
Random-125-125-4-1_0,125,125,57,56,csearch,True,repaired,unknown,51239546880,36328.824,36329,,2.91e+10,ledger-seconds,2026-10-01T20:09:31,2026-10-02T06:15:00,19697694486,9509034366,48111302,9460923064,31407289,3346598563,2285349,3344313214,,,,
Random-125-125-2-4_0,125,125,24,23,csearch,True,repaired,unknown,62811291648,36315.327,36315,,1.88e+11,cost-model,2026-10-01T20:09:44,2026-10-02T06:15:00,26752012134,19486608525,6577606,19480030919,3299044,6406075035,214999,6405860036,,,,
Random-125-125-4-5_0,125,125,46,45,csearch,True,repaired,unknown,55221448704,36298.326,36298,,2e+11,cost-model,2026-10-01T20:10:01,2026-10-02T06:15:00,20922368303,9935337477,37711754,9897625723,24564770,3215275813,1516026,3213759787,,,,
Random-125-125-4-2_0,125,125,57,56,csearch,True,repaired,unknown,49899880448,36288.823,36289,,2.42e+11,cost-model,2026-10-01T20:10:11,2026-10-02T06:15:00,19571899472,9254557944,61005939,9193552005,40730966,3419074075,1226323,3417847752,,,,
Random-125-125-2-1_0,125,125,24,23,csearch,True,repaired,unknown,68768235520,36259.316,36259,,3.01e+11,cost-model,2026-10-01T20:10:40,2026-10-02T06:15:00,31411706317,24672861311,10600129,24662261182,4169811,7919515660,279651,7919236009,,,,
Random-125-125-2-5_0,125,125,20,19,csearch,True,repaired,unknown,67785359360,36223.312,36223,,4.58e+11,recertify,2026-10-01T20:11:16,2026-10-02T06:15:00,24766842239,19121409224,8607182,19112802042,533415,5489047698,540648,5488507050,,,,
Random-125-125-4-4_0,125,125,51,50,csearch,True,repaired,unknown,54793908224,36213.812,36214,,6.08e+11,cost-model,2026-10-01T20:11:26,2026-10-02T06:15:00,21936539927,11503677105,44681497,11458995608,29549256,3861883180,1488716,3860394464,,,,
