instance_name,n,k,rep,variant,status,nodes,seconds,us_per_node
Random-75-75-2-1_0,75,15,0,old,unsat,348066,0.2589,0.74394
Random-75-75-2-1_0,75,15,0,repaired,unsat,348979,0.2563,0.7344
Random-75-75-2-1_0,75,15,0,"old, pre-counter C",unsat,348066,0.2524,0.72527
Random-75-75-2-1_0,75,15,1,"old, pre-counter C",unsat,348066,0.2527,0.72591
Random-75-75-2-1_0,75,15,1,repaired,unsat,348979,0.2556,0.73234
Random-75-75-2-1_0,75,15,1,old,unsat,348066,0.2558,0.73487
Random-75-75-2-1_0,75,15,2,old,unsat,348066,0.2512,0.72173
Random-75-75-2-1_0,75,15,2,repaired,unsat,348979,0.2671,0.76551
Random-75-75-2-1_0,75,15,2,"old, pre-counter C",unsat,348066,0.2565,0.73705
Random-75-75-2-1_0,75,15,3,"old, pre-counter C",unsat,348066,0.2573,0.73917
Random-75-75-2-1_0,75,15,3,repaired,unsat,348979,0.2553,0.73156
Random-75-75-2-1_0,75,15,3,old,unsat,348066,0.2475,0.71101
Random-75-75-2-1_0,75,15,4,old,unsat,348066,0.2497,0.71739
Random-75-75-2-1_0,75,15,4,repaired,unsat,348979,0.2568,0.7358
Random-75-75-2-1_0,75,15,4,"old, pre-counter C",unsat,348066,0.2552,0.73318
Random-100-50-4-1_0,100,25,0,old,unsat,30317510,16.817,0.5547
Random-100-50-4-1_0,100,25,0,repaired,unsat,30636502,17.3479,0.56625
Random-100-50-4-1_0,100,25,0,"old, pre-counter C",unsat,30317510,17.2451,0.56882
Random-100-50-4-1_0,100,25,1,"old, pre-counter C",unsat,30317510,17.1831,0.56677
Random-100-50-4-1_0,100,25,1,repaired,unsat,30636502,17.2286,0.56236
Random-100-50-4-1_0,100,25,1,old,unsat,30317510,16.6537,0.54931
Random-100-50-4-1_0,100,25,2,old,unsat,30317510,16.6623,0.54959
Random-100-50-4-1_0,100,25,2,repaired,unsat,30636502,17.356,0.56651
Random-100-50-4-1_0,100,25,2,"old, pre-counter C",unsat,30317510,17.4081,0.57419
Random-100-50-4-1_0,100,25,3,"old, pre-counter C",unsat,30317510,17.3344,0.57176
Random-100-50-4-1_0,100,25,3,repaired,unsat,30636502,17.1117,0.55854
Random-100-50-4-1_0,100,25,3,old,unsat,30317510,16.6025,0.54762
Random-100-50-4-1_0,100,25,4,old,unsat,30317510,16.547,0.54579
Random-100-50-4-1_0,100,25,4,repaired,unsat,30636502,16.9467,0.55315
Random-100-50-4-1_0,100,25,4,"old, pre-counter C",unsat,30317510,16.2077,0.5346
Random-100-100-2-1_0,100,23,0,old,unknown,50000001,27.5035,0.55007
Random-100-100-2-1_0,100,23,0,repaired,unknown,50000001,28.2627,0.56525
Random-100-100-2-1_0,100,23,0,"old, pre-counter C",unknown,50000001,28.1668,0.56334
Random-100-100-2-1_0,100,23,1,"old, pre-counter C",unknown,50000001,28.2646,0.56529
Random-100-100-2-1_0,100,23,1,repaired,unknown,50000001,28.2069,0.56414
Random-100-100-2-1_0,100,23,1,old,unknown,50000001,27.4503,0.54901
Random-100-100-2-1_0,100,23,2,old,unknown,50000001,27.4726,0.54945
Random-100-100-2-1_0,100,23,2,repaired,unknown,50000001,28.6463,0.57293
Random-100-100-2-1_0,100,23,2,"old, pre-counter C",unknown,50000001,27.8266,0.55653
Random-100-100-2-1_0,100,23,3,"old, pre-counter C",unknown,50000001,26.0537,0.52107
Random-100-100-2-1_0,100,23,3,repaired,unknown,50000001,26.1697,0.52339
Random-100-100-2-1_0,100,23,3,old,unknown,50000001,25.6702,0.5134
Random-100-100-2-1_0,100,23,4,old,unknown,50000001,25.9264,0.51853
Random-100-100-2-1_0,100,23,4,repaired,unknown,50000001,27.6644,0.55329
Random-100-100-2-1_0,100,23,4,"old, pre-counter C",unknown,50000001,27.3842,0.54768
Random-125-125-2-1_0,125,23,0,old,unknown,50000001,29.9918,0.59984
Random-125-125-2-1_0,125,23,0,repaired,unknown,50000001,30.5832,0.61166
Random-125-125-2-1_0,125,23,0,"old, pre-counter C",unknown,50000001,30.8327,0.61665
Random-125-125-2-1_0,125,23,1,"old, pre-counter C",unknown,50000001,31.1398,0.6228
Random-125-125-2-1_0,125,23,1,repaired,unknown,50000001,29.8081,0.59616
Random-125-125-2-1_0,125,23,1,old,unknown,50000001,27.8809,0.55762
Random-125-125-2-1_0,125,23,2,old,unknown,50000001,27.8369,0.55674
Random-125-125-2-1_0,125,23,2,repaired,unknown,50000001,28.7381,0.57476
Random-125-125-2-1_0,125,23,2,"old, pre-counter C",unknown,50000001,28.9139,0.57828
Random-125-125-2-1_0,125,23,3,"old, pre-counter C",unknown,50000001,28.6889,0.57378
Random-125-125-2-1_0,125,23,3,repaired,unknown,50000001,28.7,0.574
Random-125-125-2-1_0,125,23,3,old,unknown,50000001,28.1686,0.56337
Random-125-125-2-1_0,125,23,4,old,unknown,50000001,29.2539,0.58508
Random-125-125-2-1_0,125,23,4,repaired,unknown,50000001,30.3528,0.60706
Random-125-125-2-1_0,125,23,4,"old, pre-counter C",unknown,50000001,29.502,0.59004
Random-125-125-6-2_0,125,76,0,old,unknown,50000001,35.592,0.71184
Random-125-125-6-2_0,125,76,0,repaired,unknown,50000001,35.5063,0.71013
Random-125-125-6-2_0,125,76,0,"old, pre-counter C",unknown,50000001,36.3768,0.72754
Random-125-125-6-2_0,125,76,1,"old, pre-counter C",unknown,50000001,33.9811,0.67962
Random-125-125-6-2_0,125,76,1,repaired,unknown,50000001,33.5461,0.67092
Random-125-125-6-2_0,125,76,1,old,unknown,50000001,32.984,0.65968
Random-125-125-6-2_0,125,76,2,old,unknown,50000001,33.8766,0.67753
Random-125-125-6-2_0,125,76,2,repaired,unknown,50000001,34.3025,0.68605
Random-125-125-6-2_0,125,76,2,"old, pre-counter C",unknown,50000001,35.103,0.70206
Random-125-125-6-2_0,125,76,3,"old, pre-counter C",unknown,50000001,34.886,0.69772
Random-125-125-6-2_0,125,76,3,repaired,unknown,50000001,33.3114,0.66623
Random-125-125-6-2_0,125,76,3,old,unknown,50000001,33.0038,0.66008
Random-125-125-6-2_0,125,76,4,old,unknown,50000001,32.676,0.65352
Random-125-125-6-2_0,125,76,4,repaired,unknown,50000001,32.6051,0.6521
Random-125-125-6-2_0,125,76,4,"old, pre-counter C",unknown,50000001,34.0267,0.68053
Random-125-125-4-1_0,125,56,0,old,unknown,50000001,39.5819,0.79164
Random-125-125-4-1_0,125,56,0,repaired,unknown,50000001,38.5364,0.77073
Random-125-125-4-1_0,125,56,0,"old, pre-counter C",unknown,50000001,39.4904,0.78981
Random-125-125-4-1_0,125,56,1,"old, pre-counter C",unknown,50000001,39.5182,0.79036
Random-125-125-4-1_0,125,56,1,repaired,unknown,50000001,38.3513,0.76703
Random-125-125-4-1_0,125,56,1,old,unknown,50000001,38.3801,0.7676
Random-125-125-4-1_0,125,56,2,old,unknown,50000001,39.7424,0.79485
Random-125-125-4-1_0,125,56,2,repaired,unknown,50000001,40.1526,0.80305
Random-125-125-4-1_0,125,56,2,"old, pre-counter C",unknown,50000001,40.0103,0.80021
Random-125-125-4-1_0,125,56,3,"old, pre-counter C",unknown,50000001,39.7095,0.79419
Random-125-125-4-1_0,125,56,3,repaired,unknown,50000001,38.1395,0.76279
Random-125-125-4-1_0,125,56,3,old,unknown,50000001,37.1733,0.74347
Random-125-125-4-1_0,125,56,4,old,unknown,50000001,38.1745,0.76349
Random-125-125-4-1_0,125,56,4,repaired,unknown,50000001,37.9788,0.75958
Random-125-125-4-1_0,125,56,4,"old, pre-counter C",unknown,50000001,38.9416,0.77883
