stage,instance_name,collection,n,m,optimum,k,config,setting,status,nodes,seconds,deadline,max_nodes,filter_calls,definite_prefilter,definite_match_fail,definite_fires,definite_lost,better_prefilter,better_match_fail,better_pruned
cs125,Random-125-125-10-4_0,MOSP_Instances,125,125,105,104,csearch,repaired,unsat,65635,0.0942,,200000000,8527,120,0,120,0,0,0,0
cs125,Random-125-125-10-4_0,MOSP_Instances,125,125,105,104,csearch,old,unsat,65635,0.0838,,200000000,8527,120,0,120,0,0,0,0
cs125,Random-125-125-10-3_0,MOSP_Instances,125,125,103,102,csearch,old,unsat,86581,0.1535,,200000000,11603,174,0,174,0,0,0,0
cs125,Random-125-125-10-3_0,MOSP_Instances,125,125,103,102,csearch,repaired,unsat,86581,0.1019,,200000000,11603,174,0,174,0,0,0,0
cs125,Random-125-125-10-1_0,MOSP_Instances,125,125,105,104,csearch,old,unsat,71324,0.1382,,200000000,9726,138,0,138,0,0,0,0
cs125,Random-125-125-10-1_0,MOSP_Instances,125,125,105,104,csearch,repaired,unsat,71324,0.1259,,200000000,9726,138,0,138,0,0,0,0
cs125,Random-125-125-10-2_0,MOSP_Instances,125,125,104,103,csearch,repaired,unsat,164086,0.2455,,200000000,23017,561,3,558,2,0,0,0
cs125,Random-125-125-10-2_0,MOSP_Instances,125,125,104,103,csearch,old,unsat,164085,0.2304,,200000000,23016,559,0,559,0,0,0,0
cs125,Random-125-125-10-5_0,MOSP_Instances,125,125,99,98,csearch,old,unsat,241173,0.3356,,200000000,30122,215,0,215,0,0,0,0
cs125,Random-125-125-10-5_0,MOSP_Instances,125,125,99,98,csearch,repaired,unsat,241173,0.3175,,200000000,30122,215,0,215,0,0,0,0
cs125,Random-125-125-6-1_0,MOSP_Instances,125,125,81,80,csearch,repaired,unsat,61850290,52.5605,,200000000,13180150,1484475,8911,1475564,7719,0,0,0
cs125,Random-125-125-6-1_0,MOSP_Instances,125,125,81,80,csearch,old,unsat,61858208,52.5701,,200000000,13183244,1483790,0,1483790,0,0,0,0
cs125,Random-125-125-2-1_0,MOSP_Instances,125,125,24,23,csearch,repaired,unknown,200000001,124.1626,,200000000,87374016,65222850,39364,65183486,10297,20824643,901,20823742
cs125,Random-125-125-2-1_0,MOSP_Instances,125,125,24,23,csearch,old,unknown,200000001,120.1508,,200000000,87507547,65331982,0,65331982,0,20926845,0,20926845
cs125,Random-125-125-8-1_0,MOSP_Instances,125,125,95,94,csearch,old,unsat,1058405,0.877,,200000000,151604,3215,0,3215,0,0,0,0
cs125,Random-125-125-8-1_0,MOSP_Instances,125,125,95,94,csearch,repaired,unsat,1058407,0.874,,200000000,151604,3215,33,3182,33,0,0,0
cs125,Random-125-125-8-2_0,MOSP_Instances,125,125,93,92,csearch,repaired,unsat,2817917,2.3236,,200000000,397470,6884,74,6810,73,0,0,0
cs125,Random-125-125-8-2_0,MOSP_Instances,125,125,93,92,csearch,old,unsat,2817916,2.3342,,200000000,397470,6883,0,6883,0,0,0,0
cs125,Random-125-125-8-3_0,MOSP_Instances,125,125,95,94,csearch,old,unsat,6153668,5.1055,,200000000,1090952,57983,0,57983,0,0,0,0
cs125,Random-125-125-8-3_0,MOSP_Instances,125,125,95,94,csearch,repaired,unsat,6153953,5.2165,,200000000,1091030,58072,459,57613,401,0,0,0
cs125,Random-125-125-8-4_0,MOSP_Instances,125,125,94,93,csearch,repaired,unsat,1331898,1.1005,,200000000,190556,4482,31,4451,31,0,0,0
cs125,Random-125-125-8-4_0,MOSP_Instances,125,125,94,93,csearch,old,unsat,1331897,1.0945,,200000000,190555,4481,0,4481,0,0,0,0
cs125,Random-125-125-8-5_0,MOSP_Instances,125,125,91,90,csearch,old,unsat,17120616,14.4798,,200000000,2967799,180705,0,180705,0,0,0,0
cs125,Random-125-125-8-5_0,MOSP_Instances,125,125,91,90,csearch,repaired,unsat,17120155,14.5467,,200000000,2967536,180691,1064,179627,937,0,0,0
cs125,Random-125-125-4-5_0,MOSP_Instances,125,125,46,45,csearch,old,unknown,200000001,157.6072,,200000000,70686959,27632309,0,27632309,0,11129125,0,11129125
cs125,Random-125-125-4-5_0,MOSP_Instances,125,125,46,45,csearch,repaired,unknown,200000001,160.1124,,200000000,70689642,27670332,75420,27594912,42520,11132713,1312,11131401
cs125,Random-125-125-4-1_0,MOSP_Instances,125,125,57,56,csearch,old,unknown,200000001,164.2035,,200000000,69933355,26282825,0,26282825,0,10512773,0,10512773
cs125,Random-125-125-4-1_0,MOSP_Instances,125,125,57,56,csearch,repaired,unknown,200000001,166.215,,200000000,69905909,26335402,114471,26220931,60332,10529409,8625,10520784
cs125,Random-125-125-4-2_0,MOSP_Instances,125,125,57,56,csearch,repaired,unknown,200000001,172.296,,200000000,72387906,27761480,120103,27641377,80929,13687117,2728,13684389
cs125,Random-125-125-4-2_0,MOSP_Instances,125,125,57,56,csearch,old,unknown,200000001,169.8154,,200000000,72420602,27737939,0,27737939,0,13710823,0,13710823
cs125,Random-125-125-2-5_0,MOSP_Instances,125,125,20,19,csearch,repaired,unknown,200000001,202.2746,,200000000,76168595,58134843,53619,58081224,681,16501753,989,16500764
cs125,Random-125-125-2-5_0,MOSP_Instances,125,125,20,19,csearch,old,unknown,200000001,154.6083,,200000000,76000493,57858033,0,57858033,0,16477089,0,16477089
cs125,Random-125-125-2-4_0,MOSP_Instances,125,125,24,23,csearch,old,unknown,200000001,187.6813,,200000000,91293262,66314396,0,66314396,0,20429931,0,20429931
cs125,Random-125-125-2-4_0,MOSP_Instances,125,125,24,23,csearch,repaired,unknown,200000001,177.6392,,200000000,91298880,66327091,14185,66312906,7621,20429122,522,20428600
cs125,Random-125-125-6-2_0,MOSP_Instances,125,125,77,76,csearch,old,unknown,200000001,206.5855,,200000000,65505780,22873730,0,22873730,0,0,0,0
cs125,Random-125-125-6-2_0,MOSP_Instances,125,125,77,76,csearch,repaired,unknown,200000001,180.5049,,200000000,65463712,22916299,211223,22705076,162099,0,0,0
cs125,Random-125-125-4-4_0,MOSP_Instances,125,125,51,50,csearch,repaired,unknown,200000001,206.6739,,200000000,75865791,33970099,101530,33868569,69552,13730980,4771,13726209
cs125,Random-125-125-4-4_0,MOSP_Instances,125,125,51,50,csearch,old,unknown,200000001,191.0939,,200000000,75906645,33959474,0,33959474,0,13747640,0,13747640
cs125,Random-125-125-6-4_0,MOSP_Instances,125,125,80,79,csearch,old,unknown,200000001,220.2079,,200000000,57451407,16507153,0,16507153,0,0,0,0
cs125,Random-125-125-6-4_0,MOSP_Instances,125,125,80,79,csearch,repaired,unknown,200000001,186.8733,,200000000,57428684,16519795,90335,16429460,69479,0,0,0
cs125,Random-125-125-6-3_0,MOSP_Instances,125,125,80,79,csearch,repaired,unknown,200000001,217.6981,,200000000,53244983,10322281,83219,10239062,63719,0,0,0
cs125,Random-125-125-6-3_0,MOSP_Instances,125,125,80,79,csearch,old,unknown,200000001,192.5377,,200000000,53230419,10273500,0,10273500,0,0,0,0
cs125,Random-125-125-6-5_0,MOSP_Instances,125,125,74,73,csearch,repaired,unknown,200000001,158.9118,,200000000,55342298,11997013,73633,11923380,54613,0,0,0
cs125,Random-125-125-6-5_0,MOSP_Instances,125,125,74,73,csearch,old,unknown,200000001,165.2916,,200000000,55349834,11976241,0,11976241,0,0,0,0
cs125,Random-125-125-4-3_0,MOSP_Instances,125,125,54,53,csearch,old,unknown,200000001,248.7608,,200000000,69277158,25006516,0,25006516,0,10563971,0,10563971
cs125,Random-125-125-4-3_0,MOSP_Instances,125,125,54,53,csearch,repaired,unknown,200000001,191.2147,,200000000,69244405,25025079,91327,24933752,54312,10560696,6640,10554056
